team,player_id,player,primary_role,minutes_played,total_touches,passes_attempted,passes_successful,passes_failed,pass_completion_pct,passes_under_pressure,avg_dist_all_passes,avg_dist_successful,avg_dist_failed,through_balls,switches_of_play,crosses,assists,key_passes,carries,shots,shots_on_target,goals,xg_total,dribbles_attempted,dribbles_successful,ball_recoveries,interceptions,tackles_won,aerials_won,clearances,blocks,fouls_committed,fouls_won,dispossessed,miscontrols
England,3943,Declan Rice,Left Defensive Midfield,691,1671,536,488,48,91.0,75,18.25,18.29,17.85,2,17,6,1,3,443,9,3,0,0.392708456,6,5,40,8,3,0,9,11,8,5,7,5
England,3244,John Stones,Right Center Back,686,1624,558,523,35,93.7,48,21.78,20.87,35.4,1,18,0,0,1,459,1,0,0,0.07156796,0,0,17,0,1,0,24,7,5,4,0,1
England,3205,Kyle Walker,Right Back,690,1603,562,497,65,88.4,38,20.26,19.7,24.55,3,15,8,0,1,434,0,0,0,0.0,6,4,22,6,2,0,9,12,5,3,2,3
Germany,5574,Toni Kroos,Left Defensive Midfield,485,1546,545,489,56,89.7,73,20.07,18.57,33.18,2,29,8,0,15,412,3,1,0,0.154933717,1,0,12,6,1,0,3,4,7,7,1,0
England,30714,Jude Bellingham,Center Attacking Midfield,668,1500,374,317,57,84.8,59,17.13,17.4,15.65,1,5,8,1,5,372,6,3,2,0.664153644,20,12,32,5,6,0,5,15,9,19,15,11
Spain,6655,Fabián Ruiz Peña,Left Defensive Midfield,559,1457,436,387,49,88.8,73,18.85,18.8,19.25,4,8,6,2,9,388,17,6,2,1.154684853,11,7,39,3,2,0,3,8,5,4,7,3
Spain,4353,Aymeric Laporte,Left Center Back,533,1417,490,457,33,93.3,34,20.9,20.12,31.75,0,14,2,0,2,395,5,1,0,0.267901845,1,1,8,4,1,0,27,9,2,5,0,1
Spain,6765,Rodrigo Hernández Cascante,Right Defensive Midfield,532,1373,436,411,25,94.3,81,19.64,19.77,17.58,0,13,0,0,6,355,5,1,1,0.19102767569999998,3,0,28,3,2,0,12,12,8,7,2,3
England,34526,Marc Guehi,Left Center Back,579,1340,453,423,30,93.4,47,20.62,20.16,27.11,1,6,0,1,0,363,2,0,0,0.138881305,1,0,20,2,1,0,12,18,6,8,0,1
England,4354,Phil Foden,Left Wing,620,1338,372,309,63,83.1,48,17.13,15.5,25.14,1,13,16,0,6,334,13,5,0,0.763732034,14,8,19,2,1,0,2,8,1,10,7,11
France,6704,Theo Bernard François Hernández,Left Back,587,1249,392,356,36,90.8,28,15.69,14.86,23.85,0,3,16,0,6,336,4,2,0,0.243079744,12,7,24,5,3,0,10,12,2,16,6,6
Switzerland,3500,Granit Xhaka,Left Defensive Midfield,489,1247,405,371,34,91.6,65,18.33,17.84,23.78,5,5,0,0,8,325,4,3,0,0.15239832,2,2,23,3,2,0,11,15,9,5,4,2
Germany,5579,Joshua Kimmich,Right Back,486,1237,411,367,44,89.3,41,17.56,16.55,25.97,1,3,14,2,13,340,7,2,0,0.3097767004,1,0,20,5,2,0,4,10,3,5,2,3
Netherlands,7787,Stefan de Vrij,Right Center Back,553,1233,418,386,32,92.3,41,20.62,20.21,25.58,0,9,1,0,0,322,4,1,1,0.275397195,1,0,14,11,3,0,18,9,6,3,0,0
Portugal,20016,Kléper Laveran Lima Ferreira,Left Center Back,397,1227,403,377,26,93.5,26,21.1,20.39,31.3,0,13,0,0,1,339,1,0,0,0.050621446,2,1,23,6,3,0,25,9,3,4,1,3
Germany,3167,Antonio Rüdiger,Right Center Back,488,1227,409,373,36,91.2,36,20.59,19.14,35.72,3,3,4,0,4,342,4,1,0,0.163332276,0,0,25,4,1,0,17,11,5,4,1,1
France,10481,Aurélien Djani Tchouaméni,Center Defensive Midfield,476,1202,381,354,27,92.9,36,20.99,20.86,22.75,2,21,2,0,5,328,12,2,0,0.40490334499999997,0,0,10,5,1,0,8,5,8,6,2,0
Portugal,5206,Rúben Santos Gato Alves Dias,Right Center Back,422,1188,406,379,27,93.3,27,19.17,18.58,27.48,0,2,2,0,1,337,2,0,0,0.080547256,0,0,7,2,1,0,15,8,2,2,1,1
Portugal,41092,Nuno Mendes,Left Back,421,1184,365,324,41,88.8,34,18.21,17.2,26.16,0,9,11,0,3,317,3,2,0,0.184688972,17,7,19,7,1,0,11,12,3,7,8,7
Spain,17620,Marc Cucurella Saseta,Left Back,555,1149,367,335,32,91.3,53,16.71,16.24,21.58,0,3,8,1,5,276,1,1,0,0.015615603,3,0,16,11,2,0,9,21,11,14,0,1
France,4445,Jules Koundé,Right Back,583,1146,399,335,64,84.0,37,17.42,16.61,21.67,2,4,24,0,11,282,1,0,0,0.07075118,4,2,19,6,4,0,17,15,5,3,7,3
France,3961,N'Golo Kanté,Right Center Midfield,519,1144,323,291,32,90.1,55,17.02,17.18,15.62,0,3,0,0,10,281,5,2,0,0.240182654,6,3,31,7,2,0,5,12,8,2,5,5
France,8519,Dayotchanculle Upamecano,Right Center Back,585,1100,362,334,28,92.3,39,22.4,21.52,32.82,0,17,0,0,3,294,3,0,0,0.227569786,1,0,15,9,1,0,22,8,4,3,0,3
Netherlands,3669,Virgil van Dijk,Left Center Back,553,1087,384,350,34,91.1,29,21.5,20.16,35.28,0,7,0,0,3,273,5,2,0,0.34669679,0,0,9,4,1,0,32,5,13,4,0,2
France,17592,William Saliba,Left Center Back,583,1077,365,349,16,95.6,29,19.44,19.07,27.45,0,5,1,0,1,271,2,0,0,0.114125953,2,2,16,6,2,0,24,7,9,2,0,1
England,22084,Bukayo Saka,Right Wing,626,1066,270,223,47,82.6,62,16.92,16.17,20.46,0,7,22,0,8,278,8,1,1,0.517000741,19,11,28,0,3,0,7,12,10,13,10,4
Spain,22128,Robin Aime Robert Le Normand,Right Center Back,451,1045,351,325,26,92.6,42,21.39,20.86,27.94,1,3,0,0,1,294,3,0,0,0.295916775,0,0,12,1,2,0,9,7,8,3,0,0
Portugal,34639,Vitor Machado Ferreira,Right Defensive Midfield,353,1037,326,293,33,89.9,47,19.0,18.44,23.98,1,14,4,0,4,297,8,3,0,0.6410417230000001,3,2,32,1,1,0,0,7,0,12,2,1
England,3308,Kieran Trippier,Left Back,498,1014,353,313,40,88.7,36,18.14,17.09,26.38,1,10,4,0,9,257,1,0,0,0.08902558,2,1,23,2,2,0,6,8,1,4,1,1
Netherlands,15503,Jerdy Schouten,Right Defensive Midfield,515,1010,328,303,25,92.4,34,18.31,18.3,18.43,0,2,2,0,3,251,1,0,0,0.07204104,4,4,27,5,2,0,5,5,6,2,1,4
Italy,11514,Giovanni Di Lorenzo,Right Back,369,990,321,283,38,88.2,19,17.09,16.12,24.31,0,0,2,0,0,253,2,0,0,0.19114565,0,0,8,5,3,0,6,7,4,6,1,4
Spain,5721,Daniel Carvajal Ramos,Right Back,475,989,325,292,33,89.8,40,18.34,18.13,20.24,0,4,6,0,5,247,2,2,1,0.348667312,5,1,23,3,1,0,6,15,6,3,5,4
Denmark,3570,Pierre-Emile Højbjerg,Left Defensive Midfield,362,981,298,265,33,88.9,37,18.29,17.62,23.68,0,11,4,0,3,246,7,4,0,0.22892275,5,2,25,7,3,0,6,5,5,4,7,3
Portugal,5204,Bruno Miguel Borges Fernandes,Center Attacking Midfield,379,977,296,222,74,75.0,40,22.05,20.35,27.17,5,23,13,0,8,233,10,2,1,1.221559324,3,1,13,2,3,0,3,7,5,7,9,5
Italy,7480,Alessandro Bastoni,Right Center Back,373,975,336,310,26,92.3,27,20.75,19.6,34.4,0,6,1,0,1,260,3,2,1,0.45018278,0,0,14,2,1,0,15,8,3,6,0,0
Spain,68574,Nicholas Williams Arthuer,Left Wing,492,974,221,180,41,81.4,32,18.18,16.49,25.6,0,12,22,1,11,240,12,3,2,0.9485603395,32,15,25,1,0,0,0,12,9,3,12,9
Spain,316046,Lamine Yamal Nasraoui Ebana,Right Wing,507,957,205,161,44,78.5,31,16.62,15.73,19.86,1,9,8,4,14,237,18,7,1,1.58723324,27,12,22,3,3,0,2,7,7,6,12,10
Switzerland,5549,Manuel Obafemi Akanji,Center Back,477,929,332,305,27,91.9,38,20.9,20.41,26.45,0,12,0,0,1,251,0,0,0,0.0,0,0,18,5,2,0,22,7,2,2,0,1
Netherlands,21582,Tijjani Reijnders,Left Defensive Midfield,501,925,269,248,21,92.2,25,17.44,17.52,16.51,3,1,1,0,2,250,10,0,0,0.63312077,7,2,22,3,0,0,5,11,3,5,6,3
Italy,8181,Nicolò Barella,Left Center Midfield,345,919,267,243,24,91.0,23,18.35,17.88,23.03,1,6,1,0,4,239,1,1,1,0.0846303,4,1,17,3,1,0,1,5,5,3,6,2
Portugal,3193,Bernardo Mota Veiga de Carvalho e Silva,Right Wing,422,918,265,238,27,89.8,29,15.46,14.84,21.0,0,5,6,0,10,227,7,2,1,0.7450698210000001,6,2,23,0,1,0,2,7,1,4,5,3
Turkey,30438,Ferdi Erenay Kadıoğlu,Left Back,464,917,284,240,44,84.5,36,16.53,16.17,18.46,2,5,3,0,12,229,2,0,0,0.055177824,8,5,25,4,1,0,8,5,1,8,5,2
Denmark,8247,Joachim Andersen,Right Center Back,369,884,294,252,42,85.7,41,22.17,20.07,34.8,2,8,3,0,2,233,3,0,0,0.144297074,1,0,11,1,1,0,12,7,9,0,0,1
Belgium,8854,Wout Faes,Right Center Back,360,871,288,253,35,87.8,31,21.48,19.94,32.62,1,9,0,0,0,234,0,0,0,0.0,1,1,10,3,1,0,9,10,5,2,2,0
Switzerland,5537,Fabian Lukas Schär,Right Center Back,478,862,256,206,50,80.5,28,26.17,24.37,33.62,2,14,6,0,3,219,5,0,0,0.22041521,1,0,17,9,1,0,23,12,6,4,3,3
Netherlands,8125,Denzel Dumfries,Right Back,462,858,271,223,48,82.3,18,19.27,17.96,25.36,1,7,17,0,5,199,4,0,0,0.268536959,5,2,13,2,2,0,5,8,10,7,4,4
Switzerland,16016,Michel Aebischer,Left Wing Back,487,851,250,224,26,89.6,36,16.64,15.87,23.25,2,2,2,2,4,205,2,1,1,0.09044269599999999,4,1,21,3,1,0,6,10,3,9,3,5
Germany,8221,Jonathan Tah,Left Center Back,324,847,277,263,14,94.9,21,17.44,16.93,27.09,0,1,0,0,2,242,1,0,0,0.021546038,0,0,6,4,0,0,8,5,8,3,0,1
Slovakia,6990,Milan Škriniar,Left Center Back,393,828,284,258,26,90.8,12,21.98,20.49,36.7,2,11,0,0,2,225,3,0,0,0.21946687,0,0,16,6,0,0,15,5,3,8,1,1
Turkey,7039,Hakan Çalhanoğlu,Right Defensive Midfield,361,822,258,229,29,88.8,25,20.78,19.39,31.8,0,16,8,0,4,206,10,2,1,0.2702288525,3,1,15,3,2,0,6,5,7,3,1,3
Portugal,7005,João Pedro Cavaco Cancelo,Right Back,341,820,257,223,34,86.8,28,18.53,17.63,24.38,1,9,10,0,5,212,2,0,0,0.080944458,16,9,22,5,2,0,7,7,1,5,6,3
Germany,39565,Jamal Musiala,Right Wing,423,820,172,150,22,87.2,39,13.59,13.4,14.9,1,0,7,0,5,219,10,4,3,0.9009644509999999,21,10,20,5,4,0,0,9,4,16,14,12
England,3468,Jordan Pickford,Goalkeeper,696,816,306,225,81,73.5,52,39.44,29.97,65.75,0,12,0,0,0,198,0,0,0,0.0,0,0,23,0,0,0,0,0,0,0,0,0
France,3009,Kylian Mbappé Lottin,Center Forward,469,815,185,161,24,87.0,49,16.67,17.06,14.09,0,8,6,1,2,209,24,9,1,2.506847149,28,18,14,1,0,0,0,5,1,6,9,7
France,3026,Adrien Rabiot,Left Center Midfield,373,815,235,214,21,91.1,29,15.84,15.3,21.32,0,1,4,0,10,205,3,0,0,0.26204044000000004,5,4,19,1,0,0,1,8,6,8,9,5
Switzerland,5544,Ricardo Iván Rodríguez Araya,Left Center Back,488,808,253,214,39,84.6,31,19.07,17.05,30.14,1,7,7,0,2,208,3,0,0,0.073504072,1,0,15,2,0,0,17,9,4,2,4,2
Switzerland,6983,Remo Freuler,Right Defensive Midfield,448,806,235,208,27,88.5,26,14.3,14.32,14.1,0,1,2,2,1,177,3,1,1,0.21133549,1,0,15,5,3,0,8,11,10,2,5,4
Netherlands,3306,Nathan Aké,Left Back,475,801,269,244,25,90.7,10,16.93,16.3,23.03,1,2,4,1,3,207,2,0,0,0.106937035,1,1,12,10,2,0,11,13,3,1,1,1
Austria,39460,Nicolas Seiwald,Right Defensive Midfield,379,801,230,203,27,88.3,34,18.47,17.69,24.39,1,2,3,0,5,187,1,1,0,0.033934437,1,0,28,10,3,0,7,11,0,1,2,3
Belgium,3089,Kevin De Bruyne,Center Attacking Midfield,375,797,228,171,57,75.0,41,20.96,19.76,24.55,2,14,4,0,10,196,11,6,1,0.862653012,8,5,17,0,0,0,2,7,7,7,8,10
Spain,16532,Daniel Olmo Carvajal,Center Attacking Midfield,432,787,185,150,35,81.1,31,17.21,16.98,18.18,2,5,7,2,9,198,17,6,3,1.378102582,15,10,19,5,2,0,2,6,2,9,6,8
Denmark,8815,Jannik Vestergaard,Center Back,365,780,266,246,20,92.5,22,19.33,17.68,39.62,2,6,0,0,0,206,4,2,0,0.223563634,0,0,11,1,2,0,18,4,4,3,2,1
Turkey,116587,Arda Güler,Center Forward,369,777,193,163,30,84.5,26,18.82,17.21,27.56,0,7,9,2,7,185,9,1,1,0.3341306975,16,7,18,3,4,0,1,2,2,8,2,12
Slovakia,6798,Stanislav Lobotka,Center Defensive Midfield,402,776,243,230,13,94.7,29,18.73,18.55,21.87,1,6,0,0,4,197,1,1,0,0.021908578,2,2,24,3,1,0,8,5,2,6,2,1
Germany,9195,Robert Andrich,Right Defensive Midfield,324,776,234,209,25,89.3,15,17.11,16.28,24.07,1,5,3,0,3,186,7,2,0,0.275720758,0,0,14,2,2,0,9,4,12,4,0,1
Netherlands,39167,Xavi Simons,Center Attacking Midfield,461,767,185,154,31,83.2,24,17.2,16.87,18.81,3,3,2,3,9,196,11,4,1,0.545334746,10,1,21,7,3,0,0,8,6,8,10,3
Belgium,48347,Amadou Onana,Left Defensive Midfield,368,758,235,214,21,91.1,51,18.66,18.42,21.08,0,8,0,0,1,191,3,1,0,0.16757777000000001,3,3,12,2,2,0,5,8,2,6,1,2
Italy,7024,Jorge Luiz Frello Filho,Center Defensive Midfield,219,741,240,221,19,92.1,18,16.91,16.46,22.05,1,6,0,0,2,211,0,0,0,0.0,0,0,5,2,0,0,2,3,0,3,0,2
Italy,41768,Riccardo Calafiori,Left Center Back,277,741,238,220,18,92.4,28,17.86,17.5,22.28,0,5,2,0,2,206,3,0,0,0.309317306,0,0,15,2,1,0,8,5,6,4,2,1
Slovakia,16298,Denis Vavro,Right Center Back,389,740,263,211,52,80.2,17,27.58,24.61,39.66,0,20,1,0,0,188,3,0,0,0.0545582354,0,0,12,2,2,0,15,8,1,2,0,1
Austria,11821,Stefan Posch,Right Back,381,737,210,159,51,75.7,30,19.94,18.29,25.09,1,1,8,0,6,163,7,3,0,0.339010738,4,1,14,7,2,0,8,20,15,3,6,7
Germany,40724,Florian Wirtz,Left Wing,287,733,189,169,20,89.4,38,14.18,13.86,16.93,3,2,7,0,7,178,8,3,2,0.5754050310000001,11,7,18,2,2,0,0,5,6,3,4,5
France,5477,Ousmane Dembélé,Right Wing,356,723,178,122,56,68.5,30,20.51,18.76,24.31,1,17,26,0,14,177,8,1,0,0.4591458046,22,14,15,1,1,0,1,9,7,8,5,7
Netherlands,2988,Memphis Depay,Center Forward,463,721,166,112,54,67.5,36,18.61,17.84,20.21,1,11,8,1,10,148,18,3,1,1.951101066,11,5,10,1,1,0,1,3,8,7,14,10
Denmark,3043,Christian Dannemann Eriksen,Left Attacking Midfield,353,713,221,166,55,75.1,24,19.44,18.1,23.48,2,17,5,0,17,162,12,2,1,0.83504278,1,0,18,1,2,0,0,7,0,5,3,7
Denmark,3959,Andreas Christensen,Left Center Back,349,713,234,221,13,94.4,16,18.24,17.99,22.41,0,2,0,0,0,193,4,0,0,0.365861797,0,0,10,6,0,0,9,6,2,3,1,0
Germany,12407,Maximilian Mittelstädt,Left Back,311,712,221,186,35,84.2,29,18.43,17.06,25.71,0,8,20,1,3,191,5,0,0,0.145366151,2,1,23,2,1,0,5,8,4,11,1,4
Croatia,5463,Luka Modrić,Right Center Midfield,240,711,225,192,33,85.3,33,17.26,16.0,24.58,1,4,6,0,3,183,5,2,1,1.3635416180000002,4,3,23,1,0,0,0,4,3,3,2,3
Denmark,8621,Morten Hjulmand,Right Defensive Midfield,244,704,215,192,23,89.3,29,15.13,15.15,14.99,0,5,1,0,4,184,5,2,1,0.14379329600000001,3,2,15,1,0,0,2,5,4,2,4,0
England,99174,Kobbie Mainoo,Right Defensive Midfield,376,700,203,184,19,90.6,29,16.49,16.1,20.25,2,3,3,0,4,179,5,0,0,0.250378778,5,1,16,5,3,0,3,3,3,4,3,8
France,5487,Antoine Griezmann,Center Attacking Midfield,405,695,197,152,45,77.2,40,18.9,17.67,23.05,1,13,14,0,9,147,12,4,0,1.5193221195,0,0,13,1,2,0,3,7,2,7,2,6
Georgia,41202,Giorgi Kochorashvili,Left Center Midfield,373,683,176,160,16,90.9,25,19.25,19.08,20.86,0,8,2,1,1,170,5,0,0,0.8157087143,7,5,21,6,4,0,5,13,10,10,5,3
Ukraine,18617,Mykola Matvienko,Left Center Back,278,683,228,213,15,93.4,7,23.0,21.61,42.74,0,5,2,0,4,193,0,0,0,0.0,0,0,8,2,0,0,10,7,1,3,1,0
Spain,11748,Unai Simón Mendibil,Goalkeeper,571,677,246,188,58,76.4,35,35.6,26.85,63.96,0,5,0,0,0,163,0,0,0,0.0,0,0,25,0,0,0,0,0,0,0,0,0
Turkey,48383,Abdülkerim Bardakcı,Left Center Back,369,674,216,186,30,86.1,21,20.44,17.96,35.81,0,4,2,0,2,174,2,0,0,0.22101015400000001,1,0,19,3,0,0,15,9,4,1,2,1
Portugal,12169,João Maria Lobo Alves Palhinha Gonçalves,Left Defensive Midfield,300,670,185,166,19,89.7,26,20.03,20.31,17.61,0,16,0,0,1,146,5,2,0,0.210426322,1,0,16,5,3,0,10,12,6,6,2,1
Germany,10287,İlkay Gündoğan,Center Attacking Midfield,382,657,168,145,23,86.3,25,15.79,15.93,14.9,1,3,1,1,1,157,7,2,1,0.746024205,2,1,15,1,0,0,0,1,4,7,2,8
Serbia,6321,Milos Veljkovic,Right Center Back,280,654,226,208,18,92.0,13,21.58,21.04,27.92,0,4,0,0,0,184,0,0,0,0.0,0,0,8,1,0,0,7,2,2,3,0,0
Serbia,5603,Nikola Milenković,Center Back,279,654,228,213,15,93.4,19,21.13,20.28,33.16,0,1,0,0,1,178,0,0,0,0.0,0,0,14,1,0,0,12,4,5,2,0,0
Netherlands,20750,Cody Mathès Gakpo,Left Wing,539,652,136,94,42,69.1,24,16.74,15.95,18.5,0,4,24,1,11,142,13,8,3,0.8849407040000001,10,8,13,4,5,0,6,10,6,9,6,6
Slovenia,31968,Adam Gnezda Čerin,Right Defensive Midfield,390,651,165,130,35,78.8,29,21.12,18.3,31.57,0,13,4,0,2,123,4,1,0,0.285952604,2,1,17,7,1,0,8,11,11,4,2,6
Turkey,134209,Barış Alper Yılmaz,Right Wing,468,649,106,81,25,76.4,24,15.84,14.13,21.39,0,2,11,0,4,129,4,3,0,0.349410461,11,7,16,1,1,0,5,4,6,11,14,14
England,10955,Harry Kane,Center Forward,601,642,104,67,37,64.4,32,21.26,23.99,16.3,1,10,4,0,5,110,18,5,3,3.053848056,2,1,19,0,0,0,0,7,7,13,11,12
Spain,3477,Álvaro Borja Morata Martín,Center Forward,449,639,112,79,33,70.5,30,15.16,14.65,16.38,0,4,2,0,3,99,14,4,1,1.566969444,3,1,14,0,2,0,3,4,13,12,9,9
Croatia,37148,Josip Šutalo,Right Center Back,287,638,201,191,10,95.0,19,17.97,17.69,23.28,0,1,0,0,0,170,1,0,0,0.27776286,3,3,7,12,1,0,7,8,8,5,1,2
Belgium,6989,Timothy Castagne,Right Back,365,635,219,183,36,83.6,30,18.93,18.03,23.49,0,1,4,0,0,160,0,0,0,0.0,3,2,11,1,2,0,10,11,2,0,0,2
Slovenia,137487,Žan Karničnik,Right Back,391,635,190,149,41,78.4,31,19.4,18.19,23.79,3,3,5,0,0,140,3,1,1,0.3560452973,5,4,18,7,5,0,11,15,3,4,2,3
Turkey,133305,Samet Akaydin,Right Center Back,342,629,207,186,21,89.9,18,20.56,19.08,33.62,0,0,0,0,0,151,2,1,1,0.32092453,0,0,6,6,0,0,11,12,3,1,1,1
Croatia,5469,Marcelo Brozović,Center Defensive Midfield,233,627,188,171,17,91.0,17,18.44,18.48,18.04,1,3,3,0,2,155,3,2,0,0.12723072200000002,0,0,6,3,0,0,6,7,3,2,0,1
Belgium,23650,Jeremy Doku,Left Wing,321,622,118,94,24,79.7,30,16.48,15.62,19.86,1,5,11,0,8,172,5,1,0,0.255422259,27,15,20,1,0,0,0,4,5,11,16,9
Belgium,3077,Jan Vertonghen,Left Center Back,267,619,207,193,14,93.2,15,23.33,22.09,40.39,0,4,0,0,0,171,1,0,0,0.104912855,0,0,7,1,2,0,8,6,1,1,1,1
Albania,57303,Kristjan Asllani,Left Defensive Midfield,285,619,193,160,33,82.9,17,23.56,21.18,35.07,1,12,6,0,8,158,8,3,0,0.628606346,1,1,13,6,1,0,5,5,2,4,1,3
Croatia,5456,Mateo Kovačić,Left Center Midfield,229,616,168,157,11,93.5,23,16.38,15.76,25.21,0,0,0,0,4,166,6,3,0,0.325062407,4,2,13,2,3,0,0,4,3,5,4,1
Slovakia,8967,Ondrej Duda,Left Center Midfield,323,616,175,137,38,78.3,29,19.41,18.39,23.06,0,4,2,0,3,126,2,1,1,0.13478563999999998,3,3,13,6,1,0,5,10,9,6,4,2
Germany,8966,Kai Havertz,Center Forward,397,610,114,95,19,83.3,42,12.22,12.43,11.16,0,0,1,1,1,120,19,11,2,3.778438677,5,3,8,1,1,0,7,7,6,2,8,14
Switzerland,45190,Dan Ndoye,Right Wing Back,406,609,110,86,24,78.2,21,15.99,14.93,19.78,1,0,9,0,3,134,14,3,1,1.2403580509999999,19,12,13,4,2,0,1,4,11,10,5,13
Ukraine,39136,Illia Zabarnyi,Right Center Back,277,606,200,173,27,86.5,16,25.54,23.35,39.55,3,6,0,0,2,171,0,0,0,0.0,1,0,11,3,1,0,8,4,2,0,0,4
Austria,24977,Christoph Baumgartner,Center Attacking Midfield,301,600,108,77,31,71.3,35,15.64,14.78,17.77,4,2,7,1,5,118,8,4,1,1.550855346,15,8,14,2,0,0,2,5,5,8,9,6
Slovakia,16879,Dávid Hancko,Left Back,375,599,188,136,52,72.3,15,18.8,17.43,22.37,0,4,9,0,1,124,4,2,0,0.253405061,4,1,11,3,2,0,8,10,5,4,2,3
Austria,8518,Marcel Sabitzer,Left Wing,379,597,173,113,60,65.3,32,19.06,15.0,26.72,2,7,13,0,7,139,11,3,1,0.666051352,5,3,18,3,0,0,0,5,1,2,3,5
Netherlands,37274,Bart Verbruggen,Goalkeeper,549,590,211,178,33,84.4,23,32.71,26.86,64.26,0,5,0,0,0,128,0,0,0,0.0,0,0,26,0,0,0,0,0,0,0,0,0
Turkey,12293,Kaan Ayhan,Left Defensive Midfield,360,590,188,163,25,86.7,24,20.75,20.26,23.94,0,8,2,1,3,139,3,0,0,0.233244381,1,1,9,3,0,0,12,9,3,4,1,3
Serbia,27719,Strahinja Pavlović,Left Center Back,280,589,178,135,43,75.8,16,19.08,16.72,26.5,0,2,2,0,1,148,0,0,0,0.0,4,4,9,5,4,0,12,5,2,5,1,4
Turkey,10826,Mert Müldür,Right Back,351,579,169,137,32,81.1,10,15.95,14.84,20.74,0,1,3,0,1,138,3,2,1,0.467545667,6,3,15,6,0,0,11,12,2,5,1,3
Georgia,25036,Otar Kakabadze,Right Wing Back,354,573,172,125,47,72.7,26,18.8,17.85,21.31,0,7,7,0,2,123,1,0,0,0.012979693,7,1,19,4,5,0,4,9,4,4,4,7
Belgium,43913,Arthur Theate,Left Back,255,555,195,167,28,85.6,19,21.96,20.27,32.05,0,3,1,0,2,146,2,0,0,0.013899584,0,0,12,3,0,0,9,5,1,1,0,2
Denmark,16554,Joakim Mæhle,Left Wing Back,292,542,161,131,30,81.4,14,17.27,15.73,23.99,1,2,9,0,2,139,1,0,0,0.092478566,7,5,9,4,0,0,1,6,4,1,2,3
Croatia,33018,Joško Gvardiol,Left Back,284,535,160,149,11,93.1,23,17.52,17.11,23.06,0,2,1,0,0,133,2,0,0,0.068897524,5,4,13,4,0,0,3,8,7,4,4,5
Hungary,21209,Dominik Szoboszlai,Right Attacking Midfield,285,527,156,116,40,74.4,38,22.22,20.21,28.04,0,13,7,1,5,106,6,2,0,0.219601038,11,3,15,2,0,0,4,6,1,2,2,4
Austria,11396,Florian Grillitsch,Left Defensive Midfield,196,523,163,140,23,85.9,35,20.85,19.75,27.51,1,7,2,1,1,130,5,2,0,0.19637034,0,0,12,3,0,0,0,6,2,5,2,0
Turkey,151813,Kenan Yildiz,Left Wing,340,522,110,93,17,84.5,29,13.91,13.82,14.39,0,1,1,0,1,126,11,3,0,0.590487288,12,7,13,2,0,0,0,6,2,2,5,7
Netherlands,21633,Joey Veerman,Left Defensive Midfield,204,518,169,135,34,79.9,21,21.42,20.7,24.28,0,5,2,0,6,131,2,0,0,0.141348857,1,1,9,2,0,0,2,4,2,0,3,3
Denmark,24547,Alexander Hartmann Bah,Right Wing Back,281,515,165,130,35,78.8,33,18.52,17.21,23.41,0,4,6,0,2,114,2,0,0,0.24125124,2,2,11,3,1,0,5,2,3,3,1,3
Switzerland,30401,Ruben Vargas,Left Attacking Midfield,304,515,120,88,32,73.3,22,16.8,15.36,20.76,0,4,8,1,6,112,5,4,1,0.6913676209999999,4,1,9,3,2,0,2,12,2,3,6,8
Serbia,6687,Saša Lukić,Left Defensive Midfield,205,514,150,142,8,94.7,21,19.02,18.64,25.75,0,1,1,0,0,128,1,0,0,0.08807026,1,0,12,1,2,0,4,5,8,1,2,1
Portugal,5207,Cristiano Ronaldo dos Santos Aveiro,Center Forward,489,512,101,84,17,83.2,28,13.26,12.96,14.73,0,2,2,1,5,89,23,9,0,2.9693125907,7,4,12,0,0,0,1,3,5,4,7,10
Spain,3042,Mikel Merino Zazón,Center Attacking Midfield,195,501,136,115,21,84.6,36,16.24,15.66,19.39,1,1,1,0,4,114,3,2,1,0.32604773,2,1,17,2,1,0,3,3,10,3,8,0
Austria,11820,Kevin Danso,Right Center Back,222,499,169,149,20,88.2,19,22.45,21.16,32.09,0,5,1,0,0,131,1,0,0,0.037411693,0,0,12,2,1,0,11,5,4,5,0,1
Georgia,38229,Khvicha Kvaratskhelia,Left Center Forward,345,496,89,71,18,79.8,7,18.28,14.49,33.25,1,5,7,0,8,113,6,2,1,0.5520862197,28,14,14,0,2,0,1,5,3,10,11,5
Ukraine,3575,Oleksandr Zinchenko,Left Back,215,491,158,136,22,86.1,18,19.43,18.25,26.71,2,7,4,1,1,128,1,1,0,0.0076609575,2,2,14,1,2,0,4,6,1,1,2,3
Poland,5660,Piotr Zieliński,Left Center Midfield,256,490,148,124,24,83.8,22,16.62,15.02,24.85,0,5,5,1,5,126,8,3,0,0.37529906400000007,5,3,8,2,0,0,2,7,2,1,3,2
Portugal,39624,Francisco Fernandes Conceição,Center Attacking Midfield,180,490,127,103,24,81.1,11,16.68,15.44,21.96,1,1,13,0,6,135,5,1,1,0.749735329,10,5,12,1,0,0,0,1,2,4,4,6
Austria,8506,Konrad Laimer,Left Defensive Midfield,277,489,128,111,17,86.7,28,15.75,16.56,10.46,1,1,0,0,2,107,2,0,0,0.26933327,4,3,15,2,0,0,2,5,5,1,1,1
Italy,7156,Federico Chiesa,Right Wing,264,487,106,69,37,65.1,19,16.46,15.72,17.83,0,7,13,0,2,121,8,0,0,0.24805016600000002,13,7,18,1,0,0,2,5,3,2,3,8
Hungary,42822,András Schäfer,Left Defensive Midfield,287,485,131,114,17,87.0,19,17.45,16.76,22.07,0,2,1,0,0,105,2,1,0,0.06600769399999999,9,5,12,0,1,0,4,11,6,2,3,1
Slovakia,10919,Juraj Kucka,Right Center Midfield,343,482,125,95,30,76.0,19,16.34,14.69,21.54,0,1,2,1,3,93,8,2,0,0.4148362175,3,0,15,2,1,0,3,5,7,4,4,3
Ukraine,21294,Mykola Shaparenko,Right Defensive Midfield,222,482,130,115,15,88.5,14,19.34,18.3,27.25,3,2,0,1,1,116,1,1,1,0.23976156,3,2,5,3,0,0,0,5,5,2,3,0
Switzerland,5550,Yann Sommer,Goalkeeper,465,481,168,139,29,82.7,33,30.72,24.1,62.47,0,2,0,0,0,112,0,0,0,0.0,0,0,15,0,0,0,0,0,0,0,0,0
Romania,31908,Andrei Burcă Andonie,Left Center Back,345,478,147,112,35,76.2,13,25.28,23.31,31.57,0,10,1,0,0,105,1,0,0,0.11149162,0,0,10,0,1,0,20,12,2,1,3,0
Slovenia,16047,Jaka Bijol,Left Center Back,395,475,137,110,27,80.3,9,26.74,24.26,36.86,0,6,1,0,1,95,1,0,0,0.036003575,1,1,7,5,2,0,32,15,7,0,1,0
Serbia,30179,Ivan Ilić,Right Defensive Midfield,208,473,152,141,11,92.8,10,19.38,19.43,18.76,0,5,2,1,2,122,2,0,0,0.05077399,1,0,11,2,0,0,2,6,3,4,1,3
Slovenia,15896,Timi Elšnik,Left Defensive Midfield,358,472,118,89,29,75.4,21,20.87,20.28,22.7,0,5,4,1,2,102,3,0,0,0.215370969,7,4,21,6,3,0,4,8,5,3,3,1
Poland,44166,Jakub Piotr Kiwior,Left Center Back,279,471,150,128,22,85.3,13,17.84,17.35,20.74,0,2,2,0,3,110,2,2,0,0.079113196,4,4,6,5,1,0,7,6,1,2,3,1
Portugal,42106,Gonçalo Bernardo Inácio,Left Center Back,120,471,149,133,16,89.3,11,15.7,15.46,17.73,0,0,1,0,0,133,1,0,0,0.049144432,4,4,8,1,1,0,5,8,0,1,0,0
Portugal,18360,Rafael Alexandre Conceição Leão,Left Wing,281,470,113,87,26,77.0,17,15.73,15.62,16.08,1,2,17,0,5,124,3,0,0,0.18213686899999998,14,6,9,0,2,0,1,4,3,7,8,5
Ukraine,38975,Georgiy Sudakov,Center Attacking Midfield,262,469,119,101,18,84.9,13,20.17,19.13,26.02,0,7,2,0,4,122,9,4,0,0.4295394503,6,3,8,0,1,0,1,4,3,7,3,5
France,3761,Mike Maignan,Goalkeeper,573,465,165,135,30,81.8,36,31.96,25.31,61.89,0,1,0,0,0,102,0,0,0,0.0,0,0,16,0,0,0,1,0,0,3,0,1
Albania,49097,Mario Mitaj,Left Back,283,465,148,131,17,88.5,14,15.4,14.83,19.79,0,1,1,0,0,110,1,0,0,0.030680664,1,1,10,7,2,0,9,5,3,3,1,1
Slovenia,16528,Petar Stojanović,Right Midfield,315,465,110,79,31,71.8,30,18.4,18.18,18.94,0,4,3,0,3,108,1,0,0,0.023205703,12,4,22,2,1,0,3,8,3,2,5,6
Georgia,33234,Georges Mikautadze,Right Center Forward,350,463,72,55,17,76.4,21,16.84,16.23,18.81,1,6,3,1,4,89,6,3,3,2.025068862,19,8,17,0,0,0,0,4,1,7,8,8
Poland,7979,Przemysław Frankowski,Right Wing Back,271,462,128,94,34,73.4,14,17.78,16.53,21.23,0,1,6,0,4,107,0,0,0,0.0,3,2,10,3,2,0,5,9,5,2,3,2
Serbia,6318,Andrija Živković,Right Wing Back,245,461,144,117,27,81.2,16,19.13,18.47,21.99,0,6,8,0,5,109,0,0,0,0.0,5,2,11,1,0,0,2,6,1,0,1,1
Czech Republic,16570,Vladimír Coufal,Right Wing Back,279,456,150,106,44,70.7,23,21.15,18.13,28.42,0,6,12,1,7,96,0,0,0,0.0,5,0,13,8,1,0,11,9,2,1,5,2
Turkey,22212,Orkun Kökçü,Center Attacking Midfield,231,450,124,94,30,75.8,30,16.87,14.23,25.15,0,4,4,1,1,111,6,1,0,0.7996433857,4,1,15,1,1,0,1,3,4,4,5,0
Slovakia,3711,Martin Dúbravka,Goalkeeper,391,449,164,108,56,65.9,21,38.18,27.92,57.95,0,4,0,0,0,99,0,0,0,0.0,0,0,16,0,0,0,0,0,0,1,0,0
Slovenia,38759,Benjamin Šeško,Left Center Forward,356,445,72,46,26,63.9,28,12.57,13.77,10.45,1,0,0,0,2,64,8,4,0,0.8443179869999999,9,2,17,0,2,0,5,5,4,5,6,4
Georgia,7655,Lasha Dvali,Left Center Back,368,443,143,122,21,85.3,10,19.8,18.8,25.66,0,2,0,0,0,94,0,0,0,0.0,0,0,7,0,0,0,21,12,3,0,1,0
Spain,30486,Pedro González López,Center Attacking Midfield,185,443,92,83,9,90.2,28,16.29,16.82,11.39,1,2,1,1,9,94,6,4,0,0.851291269,3,1,11,2,0,0,0,3,2,5,7,9
Switzerland,5545,Breel-Donald Embolo,Center Forward,302,440,49,42,7,85.7,10,14.42,14.9,11.53,1,1,1,0,1,83,8,4,2,1.569691221,5,3,7,1,2,0,3,4,5,11,11,22
Romania,16344,Răzvan Gabriel Marin,Right Center Midfield,359,434,109,89,20,81.7,16,21.9,19.26,33.64,3,6,3,0,2,97,6,3,2,0.8902647659999999,4,2,12,0,1,0,6,6,3,3,4,3
Croatia,49337,Josip Stanišić,Right Back,187,428,133,109,24,82.0,18,17.63,15.55,27.06,0,6,2,0,1,108,1,0,0,0.22294979,3,3,5,3,1,0,3,5,2,0,2,2
Czech Republic,28272,Ladislav Krejčí,Left Center Back,273,425,139,116,23,83.5,14,22.34,20.48,31.75,0,3,1,0,2,97,5,1,0,0.197434372,1,1,10,6,2,0,6,8,6,0,0,1
Albania,7108,Berat Djimsiti,Left Center Back,278,425,143,129,14,90.2,12,19.15,18.42,25.9,0,1,0,0,1,101,2,0,0,0.10432687,1,1,2,2,0,0,16,10,1,2,0,1
Austria,9731,Patrick Pentz,Goalkeeper,369,425,145,120,25,82.8,15,32.82,25.98,65.66,0,4,0,0,0,101,0,0,0,0.0,0,0,14,0,0,0,0,0,0,1,0,0
Romania,10916,Nicolae Claudiu Stanciu,Left Center Midfield,355,424,115,84,31,73.0,16,20.01,17.63,26.46,0,8,5,0,5,82,5,2,1,0.134753869,3,2,10,4,0,0,4,2,3,4,3,2
Hungary,8509,Willi Orban,Center Back,281,423,131,112,19,85.5,27,23.73,22.35,31.91,1,0,0,0,2,90,3,1,0,0.56790707,1,1,11,3,2,0,16,11,2,3,2,1
Slovakia,9722,Peter Pekarík,Right Back,379,420,128,111,17,86.7,12,16.93,16.95,16.84,0,1,4,0,2,86,3,0,0,0.5501638480000001,3,0,12,6,0,0,6,7,4,2,1,4
Denmark,51672,Rasmus Winther Højlund,Center Forward,284,419,54,43,11,79.6,13,12.97,11.88,17.24,0,1,2,0,3,60,6,4,0,1.103985118,4,1,7,0,0,0,1,2,8,5,8,8
Spain,5202,José Ignacio Fernández Iglesias,Right Center Back,268,415,140,130,10,92.9,19,18.45,18.26,20.88,0,1,0,0,1,104,0,0,0,0.0,1,1,8,2,0,0,15,3,1,3,0,1
Romania,34600,Nicușor Silviu Bancu,Left Back,267,412,138,106,32,76.8,9,18.98,17.55,23.72,0,2,4,0,2,88,0,0,0,0.0,3,3,17,2,0,0,9,9,5,2,1,2
Romania,31193,Denis Mihai Drăguş,Center Forward,292,409,57,36,21,63.2,14,13.14,14.55,10.72,0,0,2,0,2,55,5,2,1,1.099979179,6,4,7,1,1,0,6,3,9,4,6,7
Germany,5570,Manuel Neuer,Goalkeeper,479,407,143,123,20,86.0,29,29.1,25.22,52.92,0,4,0,0,0,99,0,0,0,0.0,0,0,17,0,0,0,0,0,0,0,0,0
Hungary,19316,Roland Sallai,Left Attacking Midfield,283,406,80,63,17,78.8,19,17.28,15.91,22.39,1,0,7,1,3,84,8,2,0,0.825049256,4,4,12,0,1,0,1,1,2,9,7,5
Romania,24861,Andrei Florin Ratiu,Right Back,360,406,124,102,22,82.3,9,16.76,16.36,18.6,0,0,2,0,2,76,3,3,0,0.134614533,5,1,10,5,5,0,6,12,0,1,5,5
Scotland,10534,Callum McGregor,Left Defensive Midfield,254,405,114,107,7,93.9,31,16.61,17.21,7.32,0,2,1,1,1,91,3,0,0,0.13985514599999999,0,0,11,1,0,0,6,5,2,1,4,4
Portugal,32975,Diogo Meireles Costa,Goalkeeper,504,404,154,139,15,90.3,20,28.87,24.95,65.15,0,1,0,0,0,81,0,0,0,0.0,0,0,18,0,0,0,0,0,0,0,0,0
Georgia,23646,Giorgi Chakvetadze,Right Center Midfield,244,404,94,77,17,81.9,18,15.25,13.81,21.78,0,2,0,0,3,84,2,0,0,0.077960089,3,2,13,1,4,0,1,6,4,1,5,4
Slovenia,31866,Andraž Šporar,Right Center Forward,343,403,68,46,22,67.6,13,15.31,14.69,16.6,0,1,6,0,5,54,8,1,0,1.2492638090000001,1,0,8,0,0,0,4,3,2,7,1,6
Switzerland,7796,Silvan Widmer,Right Wing Back,292,402,127,100,27,78.7,15,18.81,17.35,24.2,1,1,1,0,1,71,2,0,0,0.15993539,2,0,14,2,0,0,6,12,5,1,1,3
Croatia,8773,Marin Pongracic,Left Center Back,188,401,125,113,12,90.4,16,21.77,21.1,28.11,0,3,0,0,0,99,0,0,0,0.0,1,1,5,3,0,0,8,9,7,2,1,1
Italy,6963,Lorenzo Pellegrini,Left Wing,213,401,106,92,14,86.8,19,17.77,16.7,24.77,0,2,3,1,4,89,7,1,0,0.5026478639999999,2,1,8,3,0,0,2,3,5,5,0,1
Poland,29480,Jakub Moder,Left Center Midfield,191,400,117,94,23,80.3,18,17.43,14.98,27.44,3,0,3,0,0,106,4,1,0,0.504574515,1,1,16,1,0,0,7,7,1,4,1,2
Scotland,9481,Grant Campbell Hanley,Center Back,238,400,137,114,23,83.2,21,19.63,17.42,30.56,0,1,0,0,1,96,1,0,0,0.19868778,0,0,9,2,0,0,12,4,4,1,1,0
Albania,24438,Ylber Ramadani,Right Defensive Midfield,271,399,108,97,11,89.8,9,18.44,18.17,20.83,0,4,2,0,1,93,0,0,0,0.0,1,1,15,3,4,0,2,12,2,6,2,2
Switzerland,50436,Fabian Rieder,Right Attacking Midfield,225,397,89,61,28,68.5,24,18.58,17.14,21.73,1,2,6,0,3,79,1,0,0,0.008087687,3,2,9,2,3,0,1,4,2,5,3,1
Slovakia,28032,Ivan Schranz,Right Wing,325,395,90,69,21,76.7,15,16.85,15.05,22.75,0,1,4,0,3,74,5,4,3,0.8768652259999999,3,0,9,2,1,0,4,4,7,3,0,1
Austria,8931,Philipp Lienhart,Left Center Back,214,393,129,117,12,90.7,12,22.9,22.28,28.9,0,6,0,0,0,103,2,0,0,0.181171116,2,2,6,8,1,0,6,3,4,3,1,1
Croatia,5460,Andrej Kramarić,Left Wing,241,392,90,71,19,78.9,20,16.54,15.68,19.75,1,2,7,0,6,88,4,2,1,0.927506312,8,6,9,0,0,0,0,8,4,4,2,5
Italy,12255,Federico Dimarco,Left Back,230,390,123,100,23,81.3,12,17.92,16.35,24.74,2,4,6,0,3,95,2,1,0,0.025615837000000002,0,0,5,1,0,0,2,5,0,3,2,5
Romania,30913,Marius Mihai Marin,Center Defensive Midfield,303,388,102,83,19,81.4,14,21.63,19.61,30.48,0,2,1,0,1,68,0,0,0,0.0,1,1,10,2,1,0,7,8,9,5,1,1
Belgium,8240,Koen Casteels,Goalkeeper,367,387,144,118,26,81.9,23,31.62,23.39,68.94,0,2,0,0,0,84,0,0,0,0.0,0,0,11,0,0,0,0,0,0,0,0,0
Spain,24921,Martín Zubimendi Ibáñez,Right Defensive Midfield,143,387,117,105,12,89.7,12,18.94,18.99,18.55,0,3,1,0,2,95,0,0,0,0.0,1,1,6,0,1,0,0,3,4,2,1,1
Czech Republic,16469,Tomáš Holeš,Right Center Back,271,384,115,90,25,78.3,13,24.77,22.99,31.19,0,4,5,0,1,86,1,0,0,0.01932125,0,0,9,4,1,0,12,8,3,2,0,1
Slovenia,28211,Erik Janža,Left Back,269,383,116,78,38,67.2,10,23.71,20.48,30.33,0,4,10,0,3,71,3,1,1,0.055674375,0,0,5,0,1,0,7,5,3,4,0,2
Georgia,7839,Guram Kashia,Center Back,369,383,118,101,17,85.6,8,23.92,22.38,33.11,0,1,0,0,0,80,0,0,0,0.0,0,0,9,3,2,0,28,17,2,1,0,1
Croatia,28914,Lovro Majer,Right Wing,152,381,101,92,9,91.1,17,14.73,15.3,8.95,0,1,2,0,3,94,2,0,0,0.159897927,2,1,8,1,1,0,0,5,2,2,1,4
Poland,50502,Nicola Zalewski,Left Wing Back,250,379,101,72,29,71.3,15,16.65,15.11,20.46,0,3,8,0,1,101,2,1,0,0.117812215,10,6,14,3,0,0,2,5,3,7,1,3
Scotland,11116,Jack Hendry,Right Center Back,280,378,128,104,24,81.2,25,22.14,20.5,29.26,0,4,0,0,0,91,1,0,0,0.066154584,0,0,3,3,1,0,12,4,4,4,0,0
Slovenia,205932,Vanja Drkušić,Right Center Back,378,375,102,80,22,78.4,12,26.26,24.53,32.58,0,2,1,0,1,72,0,0,0,0.0,0,0,9,3,1,0,17,8,9,2,0,0
Austria,13315,Philipp Mwene,Left Back,194,371,109,92,17,84.4,12,19.02,17.27,28.5,0,1,9,1,1,86,0,0,0,0.0,3,1,11,1,0,0,4,10,4,3,1,3
Austria,8068,Maximilian Wöber,Left Center Back,182,369,120,101,19,84.2,14,20.57,20.07,23.27,0,1,2,0,2,85,0,0,0,0.0,1,0,8,4,1,0,5,5,2,0,0,2
Romania,39615,Radu Drăgușin,Right Center Back,362,367,111,92,19,82.9,5,24.05,21.31,37.35,1,3,0,0,0,80,3,1,0,0.144109235,1,1,9,8,0,0,27,8,1,5,0,0
Scotland,3655,Andrew Robertson,Left Wing Back,267,367,121,93,28,76.9,25,20.55,19.19,25.09,1,1,6,0,4,74,0,0,0,0.0,1,0,9,2,2,0,7,5,1,2,3,3
Scotland,31067,Billy Gilmour,Right Defensive Midfield,184,366,109,93,16,85.3,30,16.71,16.43,18.31,1,1,0,0,0,85,2,0,0,0.087767288,2,2,6,0,1,0,3,3,1,1,4,1
Italy,6993,Bryan Cristante,Left Center Midfield,140,365,115,103,12,89.6,15,17.89,17.38,22.25,2,1,2,0,2,89,2,1,0,0.067104686,0,0,5,3,0,0,1,4,3,1,0,1
Romania,28242,Florin Constantin Niţă,Goalkeeper,371,365,149,84,65,56.4,11,47.79,36.44,62.46,0,7,0,0,0,65,0,0,0,0.0,0,0,21,0,0,0,0,0,0,1,0,0
Portugal,9927,Rúben Diogo Da Silva Neves,Left Defensive Midfield,126,363,118,99,19,83.9,12,20.43,19.28,26.39,1,3,3,0,1,93,2,0,0,0.036219603,1,1,7,0,0,0,0,4,3,0,2,1
Germany,3053,Leroy Sané,Right Wing,211,359,68,58,10,85.3,14,12.51,12.45,12.86,1,1,3,0,2,93,7,3,0,0.282124476,12,6,6,0,0,0,0,2,2,5,6,6
Czech Republic,4870,Tomáš Souček,Center Defensive Midfield,282,358,88,71,17,80.7,24,18.97,18.86,19.41,0,3,3,0,5,65,2,1,1,0.18532444,0,0,14,2,0,0,7,8,7,4,2,2
Romania,56905,Dennis Man,Right Midfield,271,356,80,52,28,65.0,13,17.18,16.1,19.18,1,3,4,2,2,76,6,3,0,0.546897675,9,3,17,2,0,0,0,1,2,1,5,4
France,24778,Eduardo Camavinga,Left Center Midfield,177,355,88,80,8,90.9,15,19.04,18.38,25.59,1,2,1,0,3,78,2,0,0,0.257998171,1,0,9,1,0,0,4,11,9,6,1,1
Belgium,2954,Youri Tielemans,Right Defensive Midfield,154,349,117,101,16,86.3,22,21.54,21.0,24.93,0,2,3,0,1,91,4,1,1,0.15331877,0,0,7,1,1,0,0,5,4,2,1,0
Belgium,5633,Yannick Ferreira Carrasco,Left Wing,217,348,95,83,12,87.4,16,19.56,17.89,31.06,1,2,4,0,0,90,6,1,0,0.455886174,3,2,8,2,1,0,2,2,2,1,2,1
Scotland,22308,Anthony Ralston,Right Wing Back,262,344,92,68,24,73.9,32,18.91,18.26,20.77,0,3,5,0,2,68,0,0,0,0.0,2,0,8,1,0,0,6,11,4,4,2,1
Austria,3325,Marko Arnautović,Center Forward,283,344,56,39,17,69.6,22,15.13,14.1,17.49,0,0,2,1,0,55,4,3,1,1.573697443,3,1,11,0,0,0,2,5,6,8,1,7
Turkey,78241,İsmail Yüksek,Right Defensive Midfield,152,338,99,92,7,92.9,15,19.89,19.34,27.1,0,9,0,1,2,71,1,0,0,0.04587865,1,0,10,1,1,0,2,5,4,5,1,2
Serbia,4269,Aleksandar Mitrović,Center Forward,245,336,51,39,12,76.5,18,14.95,14.54,16.29,0,0,0,0,0,47,10,2,0,1.1538377709999998,3,1,8,0,0,0,3,4,2,8,5,8
Georgia,264017,Anzor Mekvabishvili,Center Defensive Midfield,188,333,88,74,14,84.1,8,18.35,17.88,20.84,0,3,2,0,0,85,2,1,0,0.080986834,0,0,5,4,0,0,5,4,4,1,1,2
France,2972,Marcus Thuram,Center Forward,258,332,55,46,9,83.6,15,12.02,12.18,11.23,0,0,0,0,1,59,12,2,0,1.178653634,3,1,5,2,0,0,2,5,3,5,8,6
Georgia,102371,Giorgi Mamardashvili,Goalkeeper,369,332,123,67,56,54.5,6,48.56,32.81,67.4,0,5,0,0,0,43,0,0,0,0.0,0,0,16,0,0,0,0,0,0,1,0,0
Spain,41542,Daniel Vivian Moreno,Right Center Back,126,331,106,99,7,93.4,3,22.91,22.87,23.43,0,3,0,0,0,90,1,0,0,0.046571102,0,0,6,1,1,0,7,3,1,1,0,1
Belgium,3289,Romelu Lukaku Menama,Center Forward,352,329,56,37,19,66.1,27,13.49,11.98,16.42,2,1,1,1,3,58,11,8,0,1.751173472,3,2,13,1,0,0,2,3,2,2,6,4
Czech Republic,28034,Lukáš Provod,Left Center Midfield,231,329,88,72,16,81.8,22,17.5,17.7,16.61,0,0,0,0,2,70,3,2,1,0.096972713,5,2,17,3,1,0,1,5,5,6,3,1
England,3664,Trent Alexander-Arnold,Right Defensive Midfield,135,328,102,87,15,85.3,9,22.04,20.54,30.77,2,7,4,0,3,84,4,1,0,0.124794187,1,0,3,2,0,0,2,5,1,3,2,3
Italy,4587,Matteo Darmian,Left Back,159,327,105,97,8,92.4,6,17.92,18.18,14.73,0,0,3,0,0,82,1,0,0,0.055198677,1,0,2,1,1,0,5,4,4,1,1,0
Slovakia,7975,Lukáš Haraslín,Left Wing,259,327,68,48,20,70.6,9,18.66,15.73,25.71,0,2,7,1,6,69,8,4,0,0.427398136,7,6,5,5,2,0,4,2,2,6,4,7
Albania,8291,Arlind Afrim Ajeti,Right Center Back,271,326,107,90,17,84.1,13,22.43,19.83,36.17,0,3,0,0,0,78,0,0,0,0.0,1,1,4,7,0,0,11,6,1,0,0,0
Turkey,30310,Fehmi Mert Günok,Goalkeeper,370,326,128,83,45,64.8,21,46.46,33.68,70.03,0,3,0,0,0,52,0,0,0,0.0,0,0,14,0,0,0,0,0,0,0,0,0
Denmark,21261,Jonas Older Wind,Center Attacking Midfield,197,325,77,64,13,83.1,18,12.78,12.43,14.51,0,0,4,1,4,71,5,1,0,0.38297791,1,0,7,0,0,0,0,2,3,5,7,2
Albania,32030,Nedim Bajrami,Center Attacking Midfield,247,324,79,61,18,77.2,13,19.31,17.11,26.77,0,1,3,0,0,82,3,1,1,0.19630846899999999,3,2,5,2,0,0,0,3,2,1,6,4
Turkey,23558,Merih Demiral,Center Back,216,323,97,84,13,86.6,9,21.3,18.9,36.81,0,1,1,0,1,74,3,2,2,0.71687357,0,0,3,5,1,0,22,9,2,2,1,0
Portugal,23256,Pedro Lomba Neto,Left Wing Back,128,322,89,73,16,82.0,6,16.76,14.74,26.01,1,4,10,0,1,87,0,0,0,0.0,8,4,9,0,3,0,1,1,1,1,3,3
Italy,38909,Nicolò Fagioli,Center Defensive Midfield,97,321,104,88,16,84.6,15,19.75,17.85,30.24,0,3,1,0,1,86,1,0,0,0.018499942,1,1,8,0,0,0,0,1,2,1,2,1
Spain,6685,Mikel Oyarzabal Ugarte,Center Forward,205,320,67,60,7,89.6,15,15.22,15.09,16.4,0,1,1,1,3,65,6,3,1,0.5993927379999999,1,0,6,0,0,0,3,3,3,2,5,5
Scotland,3620,Scott McTominay,Center Attacking Midfield,275,319,60,42,18,70.0,21,20.3,20.07,20.82,1,4,2,0,2,48,4,1,1,0.24558237100000002,1,0,8,2,1,0,8,5,3,6,4,7
Portugal,16028,José Diogo Dalot Teixeira,Right Center Back,152,317,100,92,8,92.0,8,15.33,15.36,15.03,0,0,0,0,2,87,3,1,0,0.072030966,4,2,10,0,1,0,1,4,2,0,1,0
Belgium,16559,Leandro Trossard,Right Wing,167,317,73,59,14,80.8,21,17.82,18.86,13.44,0,5,5,0,3,82,4,1,0,0.201105315,2,0,10,0,0,0,0,4,1,4,3,6
Croatia,39490,Luka Sučić,Center Attacking Midfield,148,316,84,78,6,92.9,15,16.28,16.45,14.15,0,2,1,0,3,81,3,2,0,0.318404182,4,2,6,0,0,0,0,2,1,1,0,3
Slovakia,34904,Róbert Boženík,Center Forward,208,313,37,26,11,70.3,8,16.69,15.42,19.66,0,1,1,0,1,42,3,1,0,0.119969193,1,0,12,0,1,0,4,3,5,3,7,8
Denmark,60343,Victor Bernth Kristansen,Left Wing Back,160,313,93,72,21,77.4,16,18.22,15.72,26.78,0,1,4,1,1,69,1,0,0,0.05016356,1,1,8,0,2,0,2,2,0,0,1,2
Belgium,114832,Zeno Debast,Left Center Back,113,312,106,95,11,89.6,5,23.55,22.99,28.36,0,2,0,0,1,83,0,0,0,0.0,0,0,4,1,0,0,8,3,3,0,0,0
Romania,28565,Ianis Hagi,Left Midfield,187,311,63,41,22,65.1,14,19.43,15.5,26.74,1,3,6,0,3,64,2,0,0,0.049255775,2,1,11,0,1,0,2,2,5,5,5,7
Slovenia,31089,Jan Mlakar,Left Midfield,288,311,65,38,27,58.5,14,19.34,16.07,23.95,1,1,3,0,1,56,2,1,0,0.164805663,3,1,10,0,1,0,5,9,3,1,2,3
Poland,4626,Jan Bednarek,Right Center Back,279,309,103,90,13,87.4,8,18.93,17.07,31.84,1,3,0,0,0,66,1,0,0,0.20368662,1,1,5,3,0,0,10,12,2,4,0,0
Germany,12034,David Raum,Left Back,167,304,102,78,24,76.5,17,17.78,16.68,21.35,0,1,6,1,3,77,1,0,0,0.024444293,2,2,10,0,0,0,2,2,2,3,0,1
Slovenia,6378,Jan Oblak,Goalkeeper,392,303,129,79,50,61.2,12,48.08,37.44,64.9,0,1,0,0,0,43,0,0,0,0.0,0,0,13,0,0,0,0,0,0,2,0,0
Scotland,22379,Angus Gunn,Goalkeeper,276,300,115,69,46,60.0,21,47.82,36.59,64.67,0,0,0,0,0,57,0,0,0,0.0,0,0,11,0,0,0,1,0,0,0,0,0
Italy,7036,Gianluigi Donnarumma,Goalkeeper,365,299,101,85,16,84.2,16,28.29,23.25,55.07,0,0,0,0,0,57,0,0,0,0.0,0,0,12,0,0,0,1,0,0,1,0,0
Serbia,3831,Dušan Tadić,Center Attacking Midfield,160,298,88,65,23,73.9,17,19.72,16.84,27.86,2,4,6,0,5,77,0,0,0,0.0,1,1,4,1,1,0,2,2,1,4,7,0
Spain,10336,Alejandro Grimaldo García,Left Back,119,298,104,89,15,85.6,4,17.41,16.25,24.32,0,4,9,0,8,83,0,0,0,0.0,1,1,4,3,1,0,2,1,0,0,0,1
England,39461,Cole Palmer,Right Wing,152,297,78,59,19,75.6,10,21.44,20.5,24.39,1,2,7,1,1,78,3,2,1,0.136725267,6,0,12,0,0,0,1,4,2,4,4,0
Ukraine,144127,Volodymyr Brazhko,Center Defensive Midfield,178,296,85,73,12,85.9,14,18.48,17.49,24.5,0,1,0,0,1,67,2,1,0,0.043804427,1,1,4,3,1,0,2,4,2,3,0,1
Denmark,3815,Kasper Schmeichel,Goalkeeper,360,296,113,91,22,80.5,12,36.84,29.59,66.82,0,2,0,0,0,63,0,0,0,0.0,0,0,14,0,0,0,0,0,0,0,0,0
Hungary,40920,Márton Dárdai,Left Center Back,180,296,92,68,24,73.9,6,28.48,23.92,41.42,0,5,0,0,0,66,1,0,0,0.05713405,0,0,0,3,0,0,5,1,4,3,0,0
Italy,30926,Davide Frattesi,Right Center Midfield,185,294,60,43,17,71.7,10,11.67,12.85,8.68,0,1,3,0,0,66,2,0,0,0.2729836,6,3,7,0,0,0,0,4,4,6,0,9
Hungary,89635,Milos Kerkez,Left Wing Back,233,291,80,48,32,60.0,17,19.34,17.07,22.74,0,2,6,0,1,66,0,0,0,0.0,1,1,10,1,2,0,7,2,3,7,0,1
Austria,39545,Alexander Prass,Left Back,177,291,92,72,20,78.3,12,20.27,18.3,27.37,0,3,6,0,1,62,0,0,0,0.0,3,1,8,2,1,0,2,4,3,2,1,2
Hungary,12921,Barnabás Varga,Center Forward,255,285,51,26,25,51.0,20,14.22,14.58,13.84,0,1,0,0,1,25,4,1,1,0.938863563,2,0,7,1,0,0,4,4,2,6,1,9
Portugal,12041,João Félix Sequeira,Left Attacking Midfield,108,282,76,66,10,86.8,7,17.92,16.58,26.8,0,3,4,0,4,71,4,1,0,0.18120279,6,2,3,0,0,0,0,1,0,2,2,0
Austria,8784,Romano Schmid,Right Wing,151,281,72,55,17,76.4,16,16.43,15.3,20.07,1,2,3,0,4,58,1,1,1,0.17982809,3,0,12,0,2,0,1,9,6,1,3,1
Poland,33680,Kacper Urbanski,Left Center Forward,154,281,50,44,6,88.0,10,15.58,14.83,21.08,1,0,1,0,2,55,2,1,0,0.097349879,6,3,7,1,2,0,3,5,5,2,2,4
Serbia,15731,Predrag Rajković,Goalkeeper,263,279,104,72,32,69.2,24,39.88,30.26,61.55,0,1,0,0,0,62,0,0,0,0.0,1,1,12,0,0,0,0,0,0,2,0,0
Netherlands,15582,Donyell Malen,Right Wing,196,279,56,43,13,76.8,13,15.44,15.61,14.88,0,1,3,0,4,73,6,2,2,1.509184116,11,7,6,3,0,0,3,2,1,7,2,3
Ukraine,45863,Oleksandr Tymchyk,Right Back,200,279,81,66,15,81.5,4,19.81,18.79,24.28,0,3,5,0,1,45,0,0,0,0.0,0,0,9,4,1,0,7,2,2,3,1,0
Hungary,46789,Bendegúz Bolla,Right Wing Back,205,277,69,51,18,73.9,12,22.13,19.97,28.23,0,0,8,0,2,47,3,1,0,0.08466104199999999,4,0,10,2,0,0,5,4,6,2,0,1
Czech Republic,81330,Robin Hranáč,Center Back,278,276,92,80,12,87.0,10,23.06,21.83,31.31,0,2,0,0,1,51,2,0,0,0.33705723,0,0,7,0,0,0,9,6,6,0,1,0
Serbia,5589,Sergej Milinković-Savić,Center Defensive Midfield,129,272,75,62,13,82.7,8,19.94,20.18,18.84,0,2,2,0,2,59,3,1,0,0.21497745000000001,1,0,7,0,0,0,4,3,4,0,2,4
France,22097,Randal Kolo Muani,Center Forward,207,269,40,30,10,75.0,15,15.27,16.77,10.78,0,1,2,0,1,39,3,1,1,0.450932204,4,1,4,1,2,0,3,2,6,4,8,3
Scotland,10540,Kieran Tierney,Left Center Back,133,267,93,71,22,76.3,19,23.0,20.08,32.41,0,1,4,0,0,65,0,0,0,0.0,0,0,5,0,1,0,3,1,0,2,0,1
Turkey,9085,Salih Özcan,Right Defensive Midfield,151,265,72,60,12,83.3,12,16.48,16.61,15.83,0,0,0,0,0,52,1,0,0,0.025876114,0,0,4,5,0,0,3,5,6,2,1,0
Czech Republic,134272,David Jurásek,Left Wing Back,158,263,75,46,29,61.3,9,21.87,18.34,27.46,0,3,12,0,3,60,4,2,0,0.1421173174,5,1,14,0,1,0,2,2,1,0,1,5
Austria,33297,Patrick Wimmer,Right Wing,149,263,48,34,14,70.8,14,20.27,16.45,29.56,0,7,2,0,1,50,3,2,0,0.140786988,4,2,8,1,1,0,0,5,4,4,6,2
Scotland,9466,Che Adams,Center Forward,209,261,33,28,5,84.8,14,18.48,16.88,27.4,0,2,2,0,1,39,2,1,0,0.124306235,1,0,7,1,1,0,0,4,7,4,4,5
Scotland,10002,Scott McKenna,Left Center Back,145,259,91,76,15,83.5,18,20.01,18.31,28.59,0,1,0,0,0,61,2,0,0,0.086428108,0,0,6,2,0,0,4,4,3,0,1,3
England,3382,Luke Shaw,Left Back,174,259,87,77,10,88.5,10,20.33,19.54,26.37,0,3,3,0,1,64,0,0,0,0.0,2,1,1,1,2,0,6,3,2,0,1,1
Hungary,8524,Péter Gulácsi,Goalkeeper,275,258,95,74,21,77.9,8,35.73,29.32,58.32,0,0,0,0,0,53,0,0,0,0.0,0,0,11,0,0,0,1,1,0,0,0,0
Germany,24118,Nico Schlotterbeck,Left Center Back,119,257,88,81,7,92.0,15,19.94,19.17,28.82,1,2,0,1,1,65,2,1,0,0.06955019,1,0,6,4,0,0,7,2,2,1,0,1
Spain,6821,Jesús Navas González,Right Back,159,257,74,59,15,79.7,7,20.54,19.09,26.28,0,5,8,0,2,61,0,0,0,0.0,2,1,3,1,0,0,9,4,2,1,1,3
Slovakia,35653,Tomáš Suslov,Left Wing,133,255,53,39,14,73.6,2,18.37,19.55,15.11,0,3,6,0,3,56,0,0,0,0.0,7,3,8,0,0,0,0,5,1,4,4,2
Albania,41186,Jasir Asani,Right Wing,209,253,39,29,10,74.4,6,19.26,16.75,26.53,0,0,3,1,1,52,4,1,0,0.060059897,4,3,7,5,1,0,2,3,2,6,3,3
Portugal,13621,Danilo Luís Hélio Pereira,Center Back,93,253,88,85,3,96.6,2,22.26,22.6,12.7,0,2,0,0,0,71,1,0,0,0.22954655,0,0,8,1,0,0,1,2,0,0,0,1
Italy,10992,Gianluca Scamacca,Center Forward,248,251,52,35,17,67.3,12,15.31,13.84,18.32,0,1,0,0,3,43,6,1,0,0.53312035,2,1,7,2,0,0,1,2,2,2,1,2
Germany,3493,Emre Can,Right Defensive Midfield,101,251,72,66,6,91.7,6,17.71,17.62,18.64,0,3,0,0,1,66,1,1,1,0.0499945,0,0,3,0,0,0,2,5,2,2,1,3
Poland,30739,Paweł Dawidowicz,Center Back,183,251,75,73,2,97.3,7,19.4,18.69,45.31,0,0,0,0,0,55,1,0,0,0.06839087,0,0,6,0,0,0,12,6,5,0,0,0
Scotland,9974,John McGinn,Left Center Forward,228,249,44,28,16,63.6,19,18.02,14.15,24.79,0,3,3,0,0,49,0,0,0,0.0,5,4,5,1,0,0,0,3,3,9,5,3
Georgia,22242,Heorhii Tsitaishvili,Left Wing Back,188,249,67,49,18,73.1,1,18.74,16.0,26.19,0,1,8,0,1,65,3,2,0,0.072111208,6,2,6,1,0,0,2,4,1,3,1,3
Croatia,16531,Dominik Livaković,Goalkeeper,284,249,90,66,24,73.3,16,35.55,25.72,62.56,0,3,0,0,0,50,0,0,0,0.0,0,0,9,0,0,0,0,0,0,0,0,0
Netherlands,22352,Lutsharel Geertruida,Right Back,116,248,84,77,7,91.7,9,18.6,18.49,19.88,0,0,0,0,1,63,0,0,0,0.0,1,0,3,0,0,0,0,1,2,2,2,2
Albania,7789,Thomas Strakosha,Goalkeeper,281,246,89,60,29,67.4,7,44.78,36.32,62.28,0,2,0,0,0,47,0,0,0,0.0,0,0,7,0,0,0,0,1,0,0,0,0
Hungary,11268,Attila Fiola,Right Center Back,178,244,69,54,15,78.3,9,21.31,20.09,25.71,0,0,1,0,1,54,0,0,0,0.0,1,0,2,0,0,0,8,5,7,3,2,1
Albania,7531,Qazim Laçi,Center Attacking Midfield,164,240,52,36,16,69.2,14,18.89,17.89,21.15,0,1,3,0,3,49,1,1,1,0.15271324,2,1,10,2,1,0,3,8,3,0,3,4
Croatia,5474,Ivan Perišić,Left Back,142,239,63,43,20,68.3,12,19.62,16.99,25.25,0,2,14,0,3,53,4,2,0,0.080427698,3,2,3,2,0,0,3,2,3,0,1,2
Belgium,8950,Orel Mangala,Left Defensive Midfield,134,238,68,65,3,95.6,8,15.98,16.19,11.39,0,0,0,0,1,56,0,0,0,0.0,1,0,2,3,1,0,0,3,4,2,1,0
Hungary,7162,Ádám Nagy,Right Defensive Midfield,165,234,70,56,14,80.0,13,17.31,17.14,17.99,0,2,0,0,0,41,1,0,0,0.028947517,0,0,5,5,0,0,4,5,1,0,1,1
Austria,8778,Gernot Trauner,Left Center Back,94,228,77,75,2,97.4,9,19.37,19.16,27.07,0,0,0,0,0,57,1,1,1,0.12611173,0,0,2,1,1,0,1,3,2,0,0,0
England,29399,Conor Gallagher,Right Defensive Midfield,119,224,55,47,8,85.5,6,14.97,14.66,16.78,0,0,0,0,0,43,0,0,0,0.0,1,1,3,1,0,0,1,7,6,5,3,1
Spain,6748,Ferrán Torres García,Right Wing,148,222,45,34,11,75.6,5,20.39,18.94,24.86,0,2,7,0,1,47,5,1,1,0.491730574,2,0,4,2,0,0,0,5,4,2,3,2
Slovakia,43976,David Strelec,Center Forward,179,221,40,26,14,65.0,10,13.79,13.39,14.54,1,0,1,1,2,32,7,1,0,0.629236913,4,3,7,2,0,0,2,4,3,1,2,7
Albania,23987,Rey Manaj,Center Forward,159,218,26,16,10,61.5,9,13.2,14.35,11.37,0,0,0,0,0,26,2,2,0,0.215711095,0,0,5,1,0,0,2,1,7,6,3,10
Ukraine,39483,Mykhailo Mudryk,Left Midfield,176,218,52,35,17,67.3,6,19.01,17.32,22.5,0,1,7,0,5,53,6,2,0,0.29766268500000004,6,5,8,1,1,0,1,1,0,3,1,3
Germany,8546,Niclas Füllkrug,Center Forward,167,217,41,30,11,73.2,15,12.77,11.6,15.98,0,0,0,0,7,36,9,3,2,0.914627269,1,0,4,0,0,0,3,1,2,2,0,9
Czech Republic,7044,Patrik Schick,Center Forward,127,217,35,26,9,74.3,10,14.62,13.8,16.99,0,1,2,0,2,31,7,4,1,1.1934658219999998,2,1,6,1,1,0,4,3,1,1,3,1
Georgia,44183,Zuriko Davitashvili,Left Center Forward,120,216,39,35,4,89.7,5,16.64,14.36,36.62,0,0,0,0,0,46,2,0,0,0.16546825999999998,2,0,5,1,2,0,0,4,1,5,4,7
Ukraine,25079,Artem Dovbyk,Center Forward,247,215,35,27,8,77.1,8,12.48,13.21,10.04,0,0,0,0,6,40,6,0,0,0.545046598,4,3,6,0,1,0,1,2,3,2,3,5
Serbia,18015,Dušan Vlahović,Left Attacking Midfield,179,211,30,17,13,56.7,9,17.39,18.57,15.86,0,1,1,0,0,34,6,2,0,0.27043634699999997,1,1,9,0,1,0,1,5,5,1,7,4
Turkey,49689,Muhammed Kerem Aktürkoğlu,Left Wing,117,206,37,22,15,59.5,10,21.79,16.8,29.1,1,1,4,0,3,44,6,2,1,1.246158503,8,5,11,2,0,0,1,5,2,0,2,1
Georgia,11335,Otar Kiteishvili,Center Defensive Midfield,131,205,51,44,7,86.3,8,16.3,15.84,19.17,0,1,0,0,1,38,0,0,0,0.0,2,1,6,4,1,0,1,4,2,0,1,0
Italy,7004,Gianluca Mancini,Right Center Back,90,204,67,60,7,89.6,6,17.0,15.98,25.76,0,0,0,0,0,51,0,0,0,0.0,0,0,5,0,0,0,0,4,4,1,0,1
Netherlands,7829,Wout Weghorst,Center Forward,158,202,32,24,8,75.0,11,13.71,13.18,15.3,0,0,0,1,1,22,4,2,1,0.388556803,2,0,2,0,0,0,3,3,5,3,4,3
Georgia,16005,Solomon Kverkvelia,Right Center Back,180,201,62,54,8,87.1,3,21.55,19.67,34.23,0,5,0,0,0,42,0,0,0,0.0,0,0,5,0,1,0,15,4,2,1,1,0
Portugal,6374,Nélson Cabral Semedo,Right Back,101,200,56,48,8,85.7,3,14.33,13.75,17.84,1,0,2,0,0,48,2,1,0,0.234452334,4,2,3,0,0,0,0,1,3,0,2,2
Serbia,7993,Filip Mladenović,Left Wing Back,113,199,65,46,19,70.8,9,16.87,15.02,21.35,0,1,4,0,1,42,0,0,0,0.0,1,1,5,2,0,0,0,0,1,3,1,0
Ukraine,37330,Anatolii Trubin,Goalkeeper,187,198,71,55,16,77.5,7,32.88,25.44,58.44,0,0,0,0,0,45,0,0,0,0.0,0,0,8,0,0,0,0,0,0,0,0,0
Czech Republic,28040,Jindřich Staněk,Goalkeeper,232,194,74,46,28,62.2,9,45.19,34.4,62.91,0,1,0,0,0,37,0,0,0,0.0,0,0,8,0,0,0,0,0,0,0,0,1
Croatia,29163,Josip Juranović,Right Back,104,193,63,52,11,82.5,8,19.25,18.74,21.69,0,1,7,0,2,45,0,0,0,0.0,1,0,2,1,1,0,4,2,0,2,0,1
Albania,7031,Elseid Hysaj,Right Back,183,191,58,47,11,81.0,4,20.18,18.63,26.8,0,3,1,0,1,36,2,0,0,0.097809863,1,0,9,2,0,0,2,6,0,0,0,1
Poland,4664,Sebastian Szymański,Right Center Midfield,111,190,35,28,7,80.0,8,17.29,15.91,22.79,0,2,1,0,0,33,1,0,0,0.054202277,1,0,4,4,0,0,1,5,2,3,3,2
Poland,5668,Robert Lewandowski,Left Center Forward,127,188,26,22,4,84.6,12,19.74,15.94,40.65,0,1,0,0,1,37,5,1,1,0.989251526,3,2,6,0,1,0,3,2,6,4,3,3
Poland,5669,Wojciech Szczęsny,Goalkeeper,185,185,65,42,23,64.6,14,39.65,28.88,59.3,0,5,0,0,0,33,0,0,0,0.0,0,0,4,0,0,0,0,1,1,0,0,0
England,3822,Ezri Konsa Ngoyo,Left Center Back,91,184,51,48,3,94.1,4,21.07,20.3,33.44,0,0,0,0,0,50,0,0,0,0.0,0,0,3,0,0,0,6,5,0,2,0,0
Hungary,46376,Attila Szalai,Left Center Back,99,182,61,50,11,82.0,6,24.23,22.02,34.29,1,5,0,0,0,35,1,0,0,0.09601528,0,0,3,3,0,0,3,2,2,1,1,1
Georgia,48178,Luka Lochoshvili,Left Wing Back,166,181,53,36,17,67.9,13,19.01,16.67,23.97,0,1,2,0,0,31,1,0,0,0.050998244,0,0,4,3,0,0,12,5,1,3,0,1
France,39420,Bradley Barcola,Left Wing,104,180,34,30,4,88.2,11,15.11,15.88,9.35,0,1,3,0,4,45,2,1,0,0.079096642,6,4,0,1,2,0,0,5,1,3,1,3
Ukraine,23649,Roman Yaremchuk,Left Center Forward,125,179,28,23,5,82.1,6,14.58,12.5,24.13,0,1,0,0,2,32,6,2,1,0.661552617,1,1,3,0,0,0,1,1,5,2,0,5
Romania,72512,Valentin Mihai Mihăilă,Left Midfield,112,177,30,24,6,80.0,5,17.74,17.67,18.02,0,2,0,0,0,35,4,0,0,0.224409669,1,0,7,3,1,0,3,0,2,1,6,7
Ukraine,8830,Andriy Yarmolenko,Right Midfield,110,176,50,34,16,68.0,4,18.81,16.69,23.31,2,1,4,0,0,44,4,0,0,0.519347096,0,0,6,1,1,0,1,1,2,3,1,0
Croatia,8654,Ante Budimir,Center Forward,133,174,15,7,8,46.7,10,12.96,9.83,15.7,1,0,0,1,1,15,4,2,0,0.5177040020000001,2,1,5,1,0,0,2,6,6,2,1,3
Portugal,9929,Diogo José Teixeira da Silva,Left Center Forward,93,173,36,24,12,66.7,9,16.7,13.86,22.39,1,0,2,0,2,34,2,1,0,0.7783626399999999,5,2,3,0,1,0,0,2,2,2,3,0
Austria,8309,Michael Gregoritsch,Center Forward,135,172,32,22,10,68.8,19,14.78,16.3,11.43,1,0,1,0,0,26,4,2,1,0.821249961,1,0,3,0,0,0,0,1,4,0,0,3
Denmark,17042,Andreas Skov Olsen,Right Attacking Midfield,124,171,40,29,11,72.5,4,16.92,16.85,17.09,0,2,2,0,1,38,1,0,0,0.03971446,3,1,2,0,0,0,0,3,2,1,1,4
Turkey,10349,Mehmet Zeki Çelik,Right Back,113,170,54,43,11,79.6,8,13.61,14.39,10.57,0,0,4,0,3,39,1,0,0,0.24236712,0,0,5,0,0,0,1,1,3,0,2,1
Croatia,11603,Mario Pašalić,Right Wing,125,166,42,36,6,85.7,11,12.42,11.96,15.22,1,0,1,0,0,39,3,0,0,0.278798124,2,0,8,0,0,0,2,0,1,0,0,2
Poland,15859,Bartosz Slisz,Center Defensive Midfield,111,161,43,37,6,86.0,11,15.3,14.1,22.68,1,0,0,0,1,37,0,0,0,0.0,0,0,7,1,0,0,4,2,3,2,0,0
Italy,31093,Mateo Retegui,Center Forward,162,161,17,9,8,52.9,10,11.91,13.29,10.35,0,0,0,0,0,17,4,1,0,0.257612695,1,0,3,0,0,0,0,2,1,5,2,3
England,9000,Eberechi Eze,Left Wing,101,159,38,28,10,73.7,5,20.46,18.68,25.46,0,2,1,0,0,36,2,0,0,0.040455452,2,1,5,1,0,0,3,1,1,5,1,1
Italy,8792,Mattia Zaccagni,Left Midfield,90,158,37,29,8,78.4,7,18.54,16.78,24.89,0,2,1,0,1,38,2,1,1,0.22216523999999999,2,1,7,2,0,0,1,1,0,5,3,0
Poland,7663,Adam Buksa,Left Center Forward,153,151,10,9,1,90.0,2,17.35,17.47,16.31,0,1,0,0,2,15,3,1,1,0.14833097,1,0,2,0,0,0,3,6,2,4,3,3
Scotland,12510,Ryan Christie,Center Forward,102,151,21,17,4,81.0,10,14.65,16.85,5.27,0,0,0,0,0,23,0,0,0,0.0,4,2,7,1,0,0,1,2,4,4,3,2
Switzerland,49007,Kwadwo Duah,Center Forward,109,150,24,13,11,54.2,8,16.94,13.44,21.09,0,0,1,0,0,18,4,3,1,0.5824845019999999,1,1,1,1,1,0,0,0,1,1,0,5
Czech Republic,32985,Mojmír Chytil,Center Forward,113,141,14,6,8,42.9,7,19.09,10.81,25.31,0,1,1,0,1,17,2,0,0,0.10658726800000001,1,0,2,0,0,0,1,3,3,3,1,6
Georgia,398886,Giorgi Gvelesiani,Right Center Back,164,137,40,26,14,65.0,5,21.87,16.63,31.6,0,1,0,0,0,28,0,0,0,0.0,0,0,3,1,1,0,11,4,1,0,0,0
Romania,34599,Florinel Teodor Coman,Left Midfield,118,136,31,23,8,74.2,3,13.35,10.16,22.51,0,0,1,0,2,28,2,1,0,0.058125018,2,2,5,1,1,0,1,1,0,1,2,3
Czech Republic,28239,Adam Hložek,Left Attacking Midfield,106,132,16,16,0,100.0,4,12.98,12.98,0.0,0,0,0,0,0,22,4,4,0,0.489690553,4,0,2,0,1,0,1,2,3,1,2,2
Netherlands,32712,Jeremie Frimpong,Right Wing,90,131,27,22,5,81.5,6,14.29,14.05,15.35,0,0,0,0,1,33,2,1,0,0.16980835,2,0,4,1,1,0,0,1,1,0,3,1
Slovenia,30940,Jure Balkovec,Left Back,121,126,37,24,13,64.9,1,23.75,19.54,31.53,0,0,1,0,1,17,0,0,0,0.0,0,0,3,4,0,0,5,7,1,0,0,1
Albania,29531,Taulant Sulejmanov,Left Midfield,100,126,26,16,10,61.5,5,14.07,14.38,13.56,0,0,1,0,1,24,1,1,0,0.03424818,0,0,3,2,2,0,1,1,1,2,1,2
Hungary,31887,Endre Botka,Right Center Back,97,125,41,35,6,85.4,8,20.02,19.54,22.85,0,0,0,0,0,21,0,0,0,0.0,0,0,1,0,1,0,9,2,2,0,0,0
Albania,36885,Armando Broja,Center Forward,107,123,17,11,6,64.7,5,12.44,14.01,9.56,0,0,0,0,2,24,2,2,0,0.22890506,2,0,2,1,0,0,1,1,2,6,5,1
Serbia,6319,Luka Jović,Left Center Forward,110,113,20,15,5,75.0,4,22.1,19.41,30.17,0,2,1,0,1,16,1,1,1,0.14172395,1,1,1,0,1,0,0,1,4,1,0,2
Spain,4127,David Raya Martin,Goalkeeper,94,110,41,35,6,85.4,3,31.26,26.63,58.29,0,1,0,0,0,29,0,0,0,0.0,0,0,6,0,0,0,0,0,0,0,0,0
Croatia,7693,Bruno Petković,Center Forward,90,109,21,17,4,81.0,2,15.02,16.2,10.02,0,1,1,0,2,18,4,1,0,1.137599353,2,1,2,0,0,0,1,1,1,5,0,2
Poland,8836,Karol Świderski,Right Center Forward,99,108,16,11,5,68.8,4,18.13,17.23,20.12,0,0,2,0,2,16,2,2,0,0.20436441,1,0,2,0,0,0,0,1,2,2,2,2
Turkey,30442,Altay Bayındır,Goalkeeper,94,103,35,28,7,80.0,8,33.32,24.93,66.91,0,2,0,0,0,24,0,0,0,0.0,0,0,5,0,0,0,0,0,0,0,0,0
Slovenia,11416,Jon Gorenc Stankovič,Left Defensive Midfield,92,86,22,16,6,72.7,5,20.98,16.84,32.01,0,0,0,0,0,15,1,0,0,0.039114628,0,0,3,1,0,0,3,3,1,1,0,0
Czech Republic,29484,Jan Kuchta,Left Center Forward,98,85,13,9,4,69.2,3,17.04,16.44,18.4,0,0,0,0,0,10,0,0,0,0.0,0,0,3,0,1,0,3,1,1,0,0,2
Poland,11508,Łukasz Skorupski,Goalkeeper,92,75,29,23,6,79.3,1,34.42,24.4,72.8,0,0,0,0,0,10,0,0,0,0.0,0,0,3,0,0,0,0,0,0,0,0,0
Ukraine,21390,Andriy Lunin,Goalkeeper,94,69,24,23,1,95.8,2,18.95,18.4,31.54,0,0,0,0,0,15,0,0,0,0.0,0,0,2,0,0,0,0,0,0,0,0,0
