player,team,primary_role,minutes_played,passes_total,passes_analysed,coverage_pct,between_lines_pct,between_lines_n,pressure_resistance_pct,pressure_resistance_n,hull_exit_pct,hull_exit_n,hull_penetration_pct,hull_penetration_n,gravity_hull_pct,gravity_proximity_pct,gravity_composite_pct,gravity_n,between_lines_per90,successful_hull_exits_per90,successful_hull_penetrations_per90,gravity_directional_m,gravity_directional_n
Declan Rice,England,Left Defensive Midfield,691,536,481,89.73880597014924,26.611226611226613,128,84.61538461538461,13,53.90625,128,13.03116147308782,353,2.904906271033941,10.182063682794151,6.543484976914047,474,16.67149059334298,8.986975397973952,5.991316931982634,1.4094117343290864,451
John Stones,England,Right Center Back,686,558,498,89.24731182795699,4.016064257028113,20,0.0,1,50.0,20,12.343096234309623,478,2.529611107680637,-20.09106912399048,-8.780729008154921,470,2.6239067055393583,1.3119533527696792,7.740524781341108,-3.056196056780494,456
Kyle Walker,England,Right Back,690,562,443,78.82562277580071,3.611738148984198,16,50.0,4,37.5,16,13.114754098360656,427,0.0898582703892312,-20.23021843335154,-10.070180081481157,414,2.0869565217391304,0.782608695652174,7.304347826086956,-1.4676489002265753,392
Toni Kroos,Germany,Left Defensive Midfield,485,545,475,87.1559633027523,18.947368421052637,90,75.0,4,61.11111111111112,90,28.83116883116883,385,-1.0077725502570325,-3.949846402348784,-2.478809476302908,447,16.701030927835053,10.206185567010309,20.59793814432989,-1.225728854462774,418
Jude Bellingham,England,Center Attacking Midfield,668,374,331,88.50267379679144,39.57703927492447,131,60.71428571428571,28,61.832061068702295,131,13.5,200,-2.423348463895492,18.366469802308643,7.971560669206577,320,17.649700598802394,10.91317365269461,3.637724550898204,2.312960042690576,287
Fabián Ruiz Peña,Spain,Left Defensive Midfield,559,436,389,89.22018348623854,40.102827763496144,156,66.66666666666666,12,60.89743589743589,156,18.4549356223176,233,2.8738665358684767,11.98912543106128,7.431495983464876,389,25.11627906976744,15.295169946332738,6.923076923076923,1.719515777026703,344
Aymeric Laporte,Spain,Left Center Back,533,490,432,88.16326530612245,4.861111111111112,21,50.0,2,28.57142857142857,21,15.328467153284672,411,3.309828177471996,-26.74909193069523,-11.719631876611617,404,3.5459662288930582,1.0131332082551594,10.637898686679176,-4.191112007721314,390
Rodrigo Hernández Cascante,Spain,Right Defensive Midfield,532,436,397,91.05504587155964,48.614609571788414,193,72.22222222222221,18,66.83937823834198,193,13.725490196078432,204,0.5885603409393334,17.394348783661336,8.991454562300333,394,32.650375939849624,21.82330827067669,4.7368421052631575,1.9356225314489326,358
Marc Guehi,England,Left Center Back,579,453,395,87.19646799116998,6.582278481012659,26,75.0,4,42.30769230769231,26,10.29810298102981,369,2.113476492290771,-24.79274879905209,-11.33963615338066,379,4.041450777202073,1.7098445595854923,5.906735751295337,-3.1957139274901194,354
Phil Foden,England,Left Wing,620,372,336,90.32258064516128,37.20238095238096,125,60.0,10,58.4,125,12.322274881516588,211,-1.8966795405230523,17.583288272783733,7.84330436613034,327,18.14516129032258,10.596774193548386,3.774193548387097,2.9966987576005186,298
Theo Bernard François Hernández,France,Left Back,587,392,308,78.57142857142857,7.142857142857142,22,71.42857142857143,7,45.45454545454545,22,10.839160839160838,286,-3.3217632523154013,-14.66022692573242,-8.990995089023912,275,3.373083475298126,1.533219761499148,4.75298126064736,-2.348545817040235,242
Granit Xhaka,Switzerland,Left Defensive Midfield,489,405,375,92.5925925925926,42.93333333333334,161,100.0,9,67.70186335403726,161,14.018691588785046,214,2.434090029347128,9.546229776532762,5.990159902939944,369,29.6319018404908,20.061349693251536,5.521472392638037,2.4089312267856386,348
Joshua Kimmich,Germany,Right Back,486,411,353,85.88807785888078,10.198300283286118,36,100.0,1,63.888888888888886,36,10.410094637223976,317,-1.8745741988320892,-4.20678334753936,-3.0406787731857245,295,6.666666666666666,4.25925925925926,6.111111111111111,-1.1061465802287085,286
Stefan de Vrij,Netherlands,Right Center Back,553,418,344,82.29665071770334,8.13953488372093,28,50.0,4,25.0,28,10.126582278481012,316,0.079668097677621,-27.254026454788463,-13.587179178555424,325,4.556962025316456,1.139240506329114,5.207956600361664,-3.4722077953405757,270
Kléper Laveran Lima Ferreira,Portugal,Left Center Back,397,403,361,89.57816377171216,2.21606648199446,8,100.0,2,37.5,8,7.64872521246459,353,-5.327007289906701,-29.628255855267906,-17.477631572587303,342,1.81360201511335,0.6801007556675063,6.120906801007557,-5.197442551427765,323
Antonio Rüdiger,Germany,Right Center Back,488,409,368,89.97555012224939,3.532608695652174,13,50.0,2,23.07692307692308,13,8.169014084507042,355,7.029115748409394,-27.851012000375285,-10.410948125982948,329,2.3975409836065573,0.5532786885245902,5.348360655737705,-2.9015663543330836,296
Aurélien Djani Tchouaméni,France,Center Defensive Midfield,476,381,333,87.4015748031496,13.513513513513514,45,100.0,2,60.0,45,14.930555555555555,288,-0.174359031479528,-7.9926636960421185,-4.083511363760823,332,8.508403361344538,5.105042016806722,8.130252100840336,-0.9232752338378653,304
Rúben Santos Gato Alves Dias,Portugal,Right Center Back,422,406,347,85.4679802955665,2.881844380403458,10,,0,20.0,10,9.792284866468842,337,-0.3539641752915514,-22.728016184143,-11.540990179717278,308,2.132701421800948,0.4265402843601896,7.037914691943128,-4.216546752609715,293
Nuno Mendes,Portugal,Left Back,421,365,285,78.08219178082192,5.964912280701754,17,0.0,2,52.94117647058824,17,8.582089552238806,268,-2.5810888093951885,-16.02324162986562,-9.302165219630403,262,3.634204275534442,1.9239904988123515,4.9168646080760094,-2.050350290163815,229
Marc Cucurella Saseta,Spain,Left Back,555,367,294,80.10899182561307,9.863945578231291,29,100.0,2,55.172413793103445,29,15.471698113207546,265,-4.413262251125408,-10.601489391611208,-7.507375821368308,282,4.702702702702703,2.5945945945945947,6.648648648648648,-1.723792993661071,264
Jules Koundé,France,Right Back,583,399,326,81.70426065162907,10.122699386503069,33,25.0,4,60.60606060606061,33,15.699658703071671,293,-6.112320480069435,-17.056232180086397,-11.584276330077914,310,5.09433962264151,3.0874785591766725,7.101200686106346,-0.9651883287655467,265
N'Golo Kanté,France,Right Center Midfield,519,323,297,91.95046439628484,42.76094276094276,127,61.53846153846154,13,64.56692913385827,127,10.588235294117649,170,1.804135269513956,15.42355909348436,8.613847181499159,291,22.02312138728324,14.21965317919075,3.1213872832369938,2.71485084756746,258
Dayotchanculle Upamecano,France,Right Center Back,585,362,297,82.04419889502762,5.723905723905724,17,100.0,2,29.411764705882355,17,9.285714285714286,280,2.937965607271296,-23.18933708404663,-10.125685738387666,273,2.6153846153846154,0.7692307692307693,4.0,-3.1664129024042147,260
Virgil van Dijk,Netherlands,Left Center Back,553,384,311,80.98958333333334,8.681672025723474,27,100.0,1,29.629629629629623,27,12.676056338028168,284,-4.037570241167758,-27.263888332399663,-15.650729286783712,281,4.394213381555153,1.301989150090416,5.858951175406872,-2.944779193396309,264
William Saliba,France,Left Center Back,583,365,297,81.36986301369863,5.387205387205387,16,100.0,4,31.25,16,12.811387900355871,281,3.0690723515260263,-31.31826131628609,-14.12459448238003,269,2.469982847341338,0.7718696397941681,5.55746140651801,-3.7195691943114886,264
Bukayo Saka,England,Right Wing,626,270,229,84.81481481481481,23.14410480349345,53,58.333333333333336,12,47.16981132075472,53,25.0,176,-3.675550371921047,13.771364553465158,5.047907090772056,216,7.619808306709266,3.594249201277955,6.325878594249201,1.8712230586124534,190
Robin Aime Robert Le Normand,Spain,Right Center Back,451,351,310,88.31908831908832,3.548387096774193,11,0.0,1,27.27272727272727,11,10.702341137123746,299,-3.6015338333573084,-39.862957857945794,-21.732245845651548,293,2.1951219512195124,0.5986696230598669,6.385809312638581,-5.820121363141499,269
Vitor Machado Ferreira,Portugal,Right Defensive Midfield,353,326,294,90.1840490797546,27.55102040816326,81,85.71428571428571,14,65.4320987654321,81,15.96244131455399,213,3.018590462062579,15.346449952883315,9.182520207472946,291,20.651558073654392,13.512747875354108,8.6685552407932,1.596515812369863,275
Kieran Trippier,England,Left Back,498,353,280,79.3201133144476,3.571428571428571,10,66.66666666666666,3,70.0,10,14.074074074074074,270,2.779732359939247,-18.696589602843137,-7.958428621451945,250,1.8072289156626504,1.2650602409638554,6.867469879518072,-1.9560661684258251,230
Jerdy Schouten,Netherlands,Right Defensive Midfield,515,328,288,87.8048780487805,33.33333333333333,96,85.71428571428571,7,63.54166666666666,96,15.104166666666666,192,2.205388605191077,10.039367390283244,6.122377997737158,279,16.776699029126213,10.66019417475728,5.067961165048543,1.8450534407732968,252
Giovanni Di Lorenzo,Italy,Right Back,369,321,255,79.43925233644859,4.313725490196078,11,50.0,2,18.181818181818183,11,24.18032786885246,244,2.834791260350773,-21.943945058183264,-9.554576898916247,193,2.6829268292682924,0.4878048780487805,14.390243902439025,-1.1535872168059953,222
Daniel Carvajal Ramos,Spain,Right Back,475,325,266,81.84615384615384,9.022556390977442,24,100.0,4,62.5,24,19.83471074380165,242,3.8570349047101926,-16.766756731889,-6.4548609135894015,257,4.547368421052632,2.8421052631578947,9.094736842105265,-2.3485642836362985,235
Pierre-Emile Højbjerg,Denmark,Left Defensive Midfield,362,298,278,93.28859060402684,34.1726618705036,95,100.0,2,49.47368421052632,95,18.0327868852459,183,1.4399931141365865,7.941266131838053,4.69062962298732,274,23.61878453038674,11.685082872928175,8.204419889502763,1.5710988588821155,260
Bruno Miguel Borges Fernandes,Portugal,Center Attacking Midfield,379,296,266,89.86486486486487,30.82706766917293,82,60.0,10,54.87804878048781,82,12.5,184,-0.3910393618467999,14.553205622853822,7.081083130503511,254,19.472295514511877,10.686015831134563,5.461741424802111,2.8738849734602234,218
Alessandro Bastoni,Italy,Right Center Back,373,336,281,83.63095238095238,6.405693950177936,18,,0,66.66666666666666,18,17.110266159695815,263,0.6505033393327228,-19.73978568573589,-9.54464117320158,248,4.343163538873994,2.89544235924933,10.857908847184987,-2.206954304819684,253
Nicholas Williams Arthuer,Spain,Left Wing,492,221,176,79.63800904977376,28.97727272727273,51,100.0,5,62.74509803921568,51,17.599999999999998,125,1.9505007345976384,6.695555447697698,4.323028091147669,167,9.329268292682926,5.853658536585367,4.024390243902439,1.7522770884095509,136
Lamine Yamal Nasraoui Ebana,Spain,Right Wing,507,205,170,82.92682926829268,22.35294117647059,38,57.14285714285714,14,44.73684210526316,38,25.0,132,3.582287790455956,11.93997341643032,7.761130603443136,157,6.745562130177515,3.0177514792899407,5.8579881656804735,0.4863911231360973,128
Manuel Obafemi Akanji,Switzerland,Center Back,477,332,292,87.95180722891565,7.191780821917808,21,0.0,1,42.85714285714285,21,16.974169741697416,271,1.887632846219322,-19.929642810206936,-9.021004981993809,259,3.962264150943396,1.6981132075471697,8.679245283018869,-1.4793201224615797,264
Tijjani Reijnders,Netherlands,Left Defensive Midfield,501,269,245,91.07806691449817,35.51020408163265,87,87.5,8,72.41379310344827,87,3.79746835443038,158,5.86775392403373,11.12346583660693,8.49560988032033,244,15.62874251497006,11.317365269461078,1.0778443113772456,2.3248748397769474,222
Nicolò Barella,Italy,Left Center Midfield,345,267,235,88.01498127340824,29.78723404255319,70,60.0,5,67.14285714285714,70,15.151515151515152,165,4.425131517051027,11.032040833228416,7.72858617513972,227,18.26086956521739,12.26086956521739,6.521739130434783,1.1247874445414692,226
Bernardo Mota Veiga de Carvalho e Silva,Portugal,Right Wing,422,265,225,84.90566037735849,20.0,45,0.0,1,55.55555555555556,45,13.333333333333334,180,-5.809248773271722,5.255743662403049,-0.2767525554343359,212,9.597156398104266,5.33175355450237,5.118483412322274,0.4729506438010826,200
Ferdi Erenay Kadıoğlu,Turkey,Left Back,464,284,230,80.98591549295774,14.347826086956522,33,63.63636363636363,11,42.42424242424242,33,15.736040609137056,197,-2.7636756230580835,-2.132896985103711,-2.448286304080897,203,6.400862068965518,2.7155172413793105,6.012931034482758,0.35192862548219506,164
Joachim Andersen,Denmark,Right Center Back,369,294,267,90.81632653061224,4.49438202247191,12,33.33333333333333,3,33.33333333333333,12,16.07843137254902,255,1.87041467585566,-18.892712480109346,-8.511148902126845,223,2.9268292682926838,0.975609756097561,10.0,-2.9037109369056973,242
Wout Faes,Belgium,Right Center Back,360,288,253,87.84722222222221,5.533596837944664,14,,0,35.714285714285715,14,11.715481171548117,239,-1.2379259544190298,-30.54808010111673,-15.89300302776788,224,3.5,1.25,7.0,-3.6494232835688654,218
Fabian Lukas Schär,Switzerland,Right Center Back,478,256,221,86.328125,5.88235294117647,13,50.0,4,23.07692307692308,13,11.057692307692308,208,-0.6081913516812443,-23.271295194380944,-11.939743273031096,178,2.4476987447698746,0.5648535564853556,4.330543933054393,-2.29123594520845,196
Denzel Dumfries,Netherlands,Right Back,462,271,200,73.80073800738008,5.5,11,0.0,1,36.36363636363637,11,13.227513227513226,189,-3.586735965711517,-12.03053783383588,-7.808636899773699,166,2.142857142857143,0.7792207792207793,4.87012987012987,-1.1265441950224138,148
Michel Aebischer,Switzerland,Left Wing Back,487,250,218,87.2,20.18348623853211,44,55.55555555555556,9,43.18181818181818,44,20.689655172413797,174,3.365921946881571,-1.1548866013480972,1.105517672766737,200,8.131416837782341,3.51129363449692,6.652977412731006,1.5365207999041162,197
Jonathan Tah,Germany,Left Center Back,324,277,255,92.057761732852,5.88235294117647,15,0.0,2,53.333333333333336,15,12.5,240,6.106691189453905,-23.525494472900373,-8.709401641723234,247,4.166666666666666,2.2222222222222223,8.333333333333332,-2.751178878778892,225
Milan Škriniar,Slovakia,Left Center Back,393,284,246,86.61971830985915,6.097560975609756,15,100.0,2,40.0,15,19.913419913419915,231,2.704368495487203,-31.780430061622216,-14.538030783067503,197,3.435114503816794,1.3740458015267174,10.534351145038167,-3.685870407253783,229
Hakan Çalhanoğlu,Turkey,Right Defensive Midfield,361,258,230,89.14728682170544,36.52173913043478,84,100.0,4,70.23809523809523,84,8.21917808219178,146,-0.4041936164609575,9.100837999646586,4.348322191592816,215,20.94182825484765,14.709141274238227,2.991689750692521,1.8688405160545067,201
João Pedro Cavaco Cancelo,Portugal,Right Back,341,257,214,83.26848249027238,16.355140186915886,35,66.66666666666666,6,48.57142857142857,35,15.083798882681563,179,-3.641815999696616,6.33210817194897,1.3451460861261777,203,9.237536656891496,4.486803519061583,7.126099706744868,0.144896018735821,194
Jamal Musiala,Germany,Right Wing,423,172,160,93.02325581395348,49.375,79,90.47619047619048,21,55.69620253164557,79,11.11111111111111,81,-3.877314933934109,25.609563027765216,10.866124046915552,154,16.80851063829787,9.361702127659576,1.9148936170212765,2.595412558321582,138
Jordan Pickford,England,Goalkeeper,696,306,217,70.91503267973856,0.4608294930875576,1,,0,100.0,1,4.166666666666666,216,-16.615106410738253,-83.24428560201449,-49.929696006376375,141,0.1293103448275862,0.1293103448275862,1.1637931034482758,-7.719587290507331,154
Kylian Mbappé Lottin,France,Center Forward,469,185,164,88.64864864864866,35.97560975609756,59,77.77777777777779,18,61.01694915254237,59,10.476190476190476,105,-1.7656068820259732,19.77909333051439,9.006743224244206,161,11.321961620469084,6.908315565031984,2.11087420042644,1.1967677624042987,138
Adrien Rabiot,France,Left Center Midfield,373,235,212,90.2127659574468,33.490566037735846,71,100.0,5,59.15492957746479,71,20.56737588652482,141,-0.9103101758345908,14.866583291902206,6.978136558033808,209,17.1313672922252,10.134048257372656,6.997319034852547,1.8693107379279408,199
Ricardo Iván Rodríguez Araya,Switzerland,Left Center Back,488,253,217,85.7707509881423,8.755760368663594,19,,0,21.052631578947366,19,15.656565656565656,198,-3.930977360834111,-14.124035720427653,-9.02750654063088,203,3.5040983606557377,0.7377049180327869,5.717213114754099,-1.2087726954134732,197
Remo Freuler,Switzerland,Right Defensive Midfield,448,235,214,91.06382978723404,43.925233644859816,94,25.0,4,52.12765957446809,94,11.666666666666666,120,-0.9435699553162996,10.82427766958164,4.940353857132671,204,18.883928571428573,9.84375,2.8125,3.067847959682008,198
Nathan Aké,Netherlands,Left Back,475,269,217,80.66914498141264,5.529953917050691,12,100.0,1,41.66666666666667,12,16.097560975609756,205,5.547359064182661,-7.695720173742933,-1.0741805547801355,193,2.273684210526316,0.9473684210526316,6.252631578947368,-1.7861290944833927,178
Nicolas Seiwald,Austria,Right Defensive Midfield,379,230,199,86.52173913043478,34.67336683417086,69,60.0,5,52.17391304347826,69,6.923076923076923,130,9.605174223883026,6.078777668327241,7.841975946105133,187,16.385224274406333,8.54881266490765,2.1372031662269126,0.23151081438599402,178
Kevin De Bruyne,Belgium,Center Attacking Midfield,375,228,208,91.2280701754386,38.94230769230769,81,54.54545454545454,11,65.4320987654321,81,11.023622047244094,127,2.333040093308818,15.710422975720643,9.021731534514734,163,19.44,12.72,3.3600000000000003,2.741695751142975,170
Daniel Olmo Carvajal,Spain,Center Attacking Midfield,432,185,171,92.43243243243244,56.72514619883041,97,66.66666666666666,15,61.855670103092784,97,9.45945945945946,74,-6.875505737618235,18.46013396562752,5.792314114004642,163,20.20833333333333,12.5,1.4583333333333333,3.1795822864212835,137
Jannik Vestergaard,Denmark,Center Back,365,266,248,93.23308270676692,6.451612903225806,16,0.0,1,43.75,16,20.25862068965517,232,0.923980539805062,-20.019173863066264,-9.5475966616306,225,3.945205479452055,1.726027397260274,11.58904109589041,-2.5969965282264154,238
Arda Güler,Turkey,Center Forward,369,193,163,84.4559585492228,29.4478527607362,48,100.0,8,75.0,48,16.52173913043478,115,0.8276380784713279,12.570226461698043,6.698932270084686,137,11.707317073170731,8.78048780487805,4.634146341463415,2.1035226084761742,127
Stanislav Lobotka,Slovakia,Center Defensive Midfield,402,243,227,93.4156378600823,37.88546255506608,86,100.0,5,65.11627906976744,86,15.602836879432624,141,1.2361573285553202,9.711669089360386,5.473913208957853,205,19.253731343283583,12.537313432835822,4.925373134328359,1.2595106896800603,207
Robert Andrich,Germany,Right Defensive Midfield,324,234,218,93.16239316239316,45.87155963302752,100,100.0,3,63.0,100,18.64406779661017,118,-8.157179002546085,11.444995657385888,1.6439083274199002,218,27.77777777777777,17.5,6.111111111111111,1.2795391438198946,212
Xavi Simons,Netherlands,Center Attacking Midfield,461,185,166,89.72972972972974,39.75903614457831,66,75.0,4,54.54545454545454,66,9.0,100,-5.289619571632084,12.359523843146969,3.5349521357574414,155,12.885032537960956,7.028199566160521,1.7570498915401302,2.9916772629013018,132
Amadou Onana,Belgium,Left Defensive Midfield,368,235,211,89.7872340425532,37.91469194312796,80,66.66666666666666,3,70.0,80,6.106870229007633,131,8.057581934468114,19.66482708539536,13.861204509931731,207,19.565217391304348,13.695652173913045,1.9565217391304348,2.270355541236631,194
Jorge Luiz Frello Filho,Italy,Center Defensive Midfield,219,240,219,91.25,42.00913242009132,92,100.0,4,64.13043478260869,92,5.511811023622047,127,0.8727212735196916,13.58163287541205,7.227177074465869,212,37.80821917808219,24.246575342465757,2.8767123287671232,1.856901695335983,209
Riccardo Calafiori,Italy,Left Center Back,277,238,195,81.9327731092437,12.307692307692308,24,100.0,1,41.66666666666667,24,23.391812865497077,171,-5.591228541571222,-15.866070826172171,-10.728649683871698,159,7.79783393501805,3.249097472924188,12.99638989169675,-1.7750386834674923,177
Denis Vavro,Slovakia,Right Center Back,389,263,224,85.17110266159695,5.357142857142857,12,,0,25.0,12,16.037735849056602,212,2.606287044168075,-36.35183842305673,-16.87277568944433,175,2.776349614395887,0.6940874035989717,7.866323907455013,-4.462003241539773,203
Stefan Posch,Austria,Right Back,381,210,164,78.0952380952381,11.585365853658535,19,25.0,4,36.84210526315789,19,20.0,145,0.6197672224113495,-5.625328024895463,-2.502780401242057,136,4.488188976377953,1.653543307086614,6.850393700787402,-1.9041611622990506,131
Florian Wirtz,Germany,Left Wing,287,189,176,93.12169312169311,46.02272727272727,81,100.0,10,61.72839506172839,81,20.0,95,-3.3332617904421564,20.98366827953002,8.825203244543934,171,25.4006968641115,15.679442508710803,5.958188153310104,2.5806806961614193,153
Ousmane Dembélé,France,Right Wing,356,178,155,87.07865168539325,28.387096774193548,44,54.54545454545454,11,40.909090909090914,44,10.81081081081081,111,1.551694365499838,16.737134231798127,9.14441429864898,150,11.123595505617978,4.550561797752809,3.033707865168539,1.5478886242389758,101
Memphis Depay,Netherlands,Center Forward,463,166,132,79.51807228915662,65.15151515151516,86,46.66666666666666,15,48.837209302325576,86,10.869565217391305,46,-4.598357517042434,23.098282017385497,9.249962250171532,115,16.7170626349892,8.16414686825054,0.9719222462203024,6.1893032942051525,104
Christian Dannemann Eriksen,Denmark,Left Attacking Midfield,353,221,194,87.78280542986425,51.546391752577314,100,87.5,8,52.0,100,10.638297872340424,94,-3.208481002788362,13.819482318007898,5.305500657609769,156,25.495750708215297,13.257790368271952,2.54957507082153,2.8491044642498142,149
Andreas Christensen,Denmark,Left Center Back,349,234,207,88.46153846153845,7.246376811594203,15,100.0,1,40.0,15,16.145833333333336,192,8.939717923568564,-21.21444065609956,-6.137361366265497,199,3.8681948424068766,1.5472779369627507,7.994269340974212,-2.681221925300456,188
Maximilian Mittelstädt,Germany,Left Back,311,221,187,84.61538461538461,7.4866310160427805,14,50.0,2,64.28571428571429,14,19.07514450867052,173,0.8602496858949653,-7.533870561730195,-3.336810437917616,169,4.051446945337621,2.604501607717041,9.54983922829582,-2.0045867003394346,142
Luka Modrić,Croatia,Right Center Midfield,240,225,206,91.55555555555556,17.96116504854369,37,60.0,5,56.75675675675676,37,15.976331360946746,169,6.119229031659399,4.207656442718792,5.163442737189095,194,13.875,7.874999999999999,10.125,-0.48855265715332286,181
Morten Hjulmand,Denmark,Right Defensive Midfield,244,215,202,93.95348837209302,56.43564356435643,114,71.42857142857143,7,63.1578947368421,114,9.090909090909092,88,1.164917835120736,17.494941132439685,9.32992948378021,190,42.04918032786885,26.557377049180328,2.950819672131148,3.161849460422119,177
Kobbie Mainoo,England,Right Defensive Midfield,376,203,185,91.13300492610836,46.48648648648649,86,90.9090909090909,11,65.11627906976744,86,10.1010101010101,99,1.201349545964579,16.873656096487085,9.037502821225832,185,20.58510638297872,13.404255319148936,2.393617021276596,2.7831850454912606,170
Antoine Griezmann,France,Center Attacking Midfield,405,197,177,89.84771573604061,48.0225988700565,85,50.0,10,55.294117647058826,85,18.47826086956521,92,-2.6825317696371185,10.089834344515834,3.7036512874393583,169,18.88888888888889,10.444444444444445,3.7777777777777777,2.5997279517895575,147
Giorgi Kochorashvili,Georgia,Left Center Midfield,373,176,157,89.20454545454545,50.318471337579616,79,88.88888888888889,9,73.41772151898735,79,26.923076923076923,78,7.5590882227231875,26.12947856112497,16.844283391924083,111,19.06166219839142,13.994638069705092,5.067024128686327,4.66393851526669,128
Mykola Matvienko,Ukraine,Left Center Back,278,228,211,92.5438596491228,10.42654028436019,22,100.0,1,63.63636363636363,22,10.052910052910052,189,-0.0334398351611238,-34.21093769402452,-17.122188764592824,191,7.1223021582733805,4.532374100719425,6.151079136690648,-3.1638596187669257,187
Unai Simón Mendibil,Spain,Goalkeeper,571,246,159,64.63414634146342,0.628930817610063,1,100.0,1,100.0,1,7.59493670886076,158,-22.88718271938837,-37.22326230480012,-30.05522251209424,127,0.1576182136602452,0.1576182136602452,1.8914185639229424,-6.769255169746859,127
Abdülkerim Bardakcı,Turkey,Left Center Back,369,216,172,79.62962962962963,8.720930232558139,15,0.0,1,60.0,15,10.828025477707008,157,-0.4822461060798593,-23.51829158274644,-12.000268844413151,161,3.658536585365853,2.1951219512195124,4.146341463414634,-3.9761692822337023,138
João Maria Lobo Alves Palhinha Gonçalves,Portugal,Left Defensive Midfield,300,185,167,90.27027027027027,36.52694610778443,61,50.0,2,57.377049180327866,61,12.264150943396226,106,1.7580907845062566,15.041295989511678,8.399693387008966,164,18.3,10.5,3.9,1.2381127686972642,161
İlkay Gündoğan,Germany,Center Attacking Midfield,382,168,157,93.45238095238096,56.68789808917197,89,62.5,8,58.42696629213483,89,7.352941176470589,68,-7.275374073338154,18.032615824727905,5.378620875694873,152,20.96858638743456,12.25130890052356,1.1780104712041886,3.0173062181888235,142
Milos Veljkovic,Serbia,Right Center Back,280,226,190,84.070796460177,6.315789473684211,12,,0,41.66666666666667,12,5.617977528089887,178,2.305472606581666,-27.061197683504616,-12.377862538461477,138,3.857142857142857,1.607142857142857,3.214285714285714,-3.1668334144308425,167
Nikola Milenković,Serbia,Center Back,279,228,188,82.45614035087719,6.382978723404255,12,,0,33.33333333333333,12,6.25,176,7.734081544118696,-34.67485127324876,-13.47038486456503,133,3.870967741935484,1.2903225806451613,3.548387096774193,-4.405673142166542,152
Cody Mathès Gakpo,Netherlands,Left Wing,539,136,107,78.67647058823529,22.429906542056077,24,60.0,15,37.5,24,19.27710843373494,83,-13.907798027822228,10.933686747371516,-1.4870556402253567,82,4.007421150278293,1.50278293135436,2.6716141001855287,2.119129866767285,65
Adam Gnezda Čerin,Slovenia,Right Defensive Midfield,390,165,145,87.87878787878788,36.55172413793103,53,0.0,1,52.83018867924528,53,4.3478260869565215,92,5.833138282824553,4.779203862562245,5.306171072693398,106,12.23076923076923,6.461538461538461,0.9230769230769232,2.274534257365229,135
Barış Alper Yılmaz,Turkey,Right Wing,468,106,79,74.52830188679245,53.16455696202531,42,100.0,3,54.761904761904766,42,24.324324324324326,37,-11.349338129652113,25.3422428043622,6.996452337355042,60,8.076923076923077,4.423076923076923,1.7307692307692308,6.211805421274563,55
Harry Kane,England,Center Forward,601,104,92,88.46153846153845,63.04347826086957,58,50.0,14,43.103448275862064,58,5.88235294117647,34,-7.217264333097139,22.971783190236845,7.877259428569854,88,8.685524126455906,3.7437603993344415,0.2995008319467554,5.692212707159581,80
Álvaro Borja Morata Martín,Spain,Center Forward,449,112,104,92.85714285714286,68.26923076923077,71,44.44444444444444,9,36.61971830985916,71,9.090909090909092,33,-6.860264947270471,22.57190464147975,7.855819847104641,103,14.231625835189307,5.211581291759465,0.6013363028953229,6.719103019435431,96
Josip Šutalo,Croatia,Right Center Back,287,201,169,84.07960199004975,9.467455621301776,16,100.0,3,43.75,16,12.418300653594772,153,-0.0806387308890902,-31.184821292963523,-15.632730011926306,128,5.017421602787456,2.1951219512195124,5.958188153310104,-3.442043458320781,152
Timothy Castagne,Belgium,Right Back,365,219,192,87.67123287671232,3.125,6,,0,33.33333333333333,6,13.978494623655912,186,-11.670760451818245,-19.19293332310767,-15.431846887462964,99,1.4794520547945205,0.4931506849315069,6.410958904109589,-1.7586955968709082,107
Žan Karničnik,Slovenia,Right Back,391,190,157,82.63157894736842,16.560509554140125,26,25.0,4,57.692307692307686,26,12.213740458015266,131,2.386617301810213,-20.651106195993965,-9.132244447091873,96,5.984654731457801,3.452685421994885,3.6828644501278776,1.2296997569375656,127
Samet Akaydin,Turkey,Right Center Back,342,207,185,89.3719806763285,9.72972972972973,18,50.0,2,44.44444444444444,18,15.568862275449105,167,2.0247594141862364,-32.45934208558122,-15.217291335697494,181,4.7368421052631575,2.1052631578947367,6.842105263157895,-3.1185968458331454,163
Marcelo Brozović,Croatia,Center Defensive Midfield,233,188,165,87.7659574468085,26.060606060606062,43,66.66666666666666,6,65.11627906976744,43,8.19672131147541,122,-2.8795501543901865,0.6415963663032189,-1.1189768940434834,156,16.609442060085836,10.815450643776824,3.862660944206009,-0.1208228517508291,164
Jeremy Doku,Belgium,Left Wing,321,118,109,92.3728813559322,22.01834862385321,24,61.53846153846154,13,29.166666666666668,24,14.117647058823527,85,-0.9916986620476892,22.630378933941135,10.819340135946725,78,6.728971962616822,1.9626168224299063,3.364485981308411,2.4032679361394376,80
Jan Vertonghen,Belgium,Left Center Back,267,207,180,86.95652173913044,2.2222222222222223,4,,0,25.0,4,3.4090909090909087,176,12.068316269749658,-25.7576770879025,-6.844680409076422,155,1.348314606741573,0.3370786516853932,2.02247191011236,-3.7837800687447425,130
Kristjan Asllani,Albania,Left Defensive Midfield,285,193,174,90.15544041450777,24.13793103448276,42,100.0,3,61.90476190476191,42,10.606060606060606,132,-0.3480840283372151,7.495788058440609,3.573852015051696,119,13.26315789473684,8.210526315789474,4.421052631578948,1.3301638624512688,160
Mateo Kovačić,Croatia,Left Center Midfield,229,168,152,90.47619047619048,30.92105263157895,47,100.0,4,59.57446808510638,47,27.61904761904762,105,6.948774674806497,13.73345745774768,10.341116066277086,143,18.471615720524017,11.004366812227074,11.397379912663755,1.3168664668336698,141
Ondrej Duda,Slovakia,Left Center Midfield,323,175,163,93.14285714285714,56.44171779141104,92,42.85714285714285,7,65.21739130434783,92,5.633802816901409,71,2.204248915195356,22.441906289016963,12.323077602106157,156,25.63467492260062,16.71826625386997,1.1145510835913313,4.613293277671719,147
Kai Havertz,Germany,Center Forward,397,114,101,88.59649122807018,48.51485148514851,49,60.0,10,57.14285714285714,49,13.461538461538462,52,-10.940813595700494,24.989872112347324,7.024529258323416,92,11.10831234256927,6.347607052896725,1.5869017632241813,4.9976347173195155,81
Dan Ndoye,Switzerland,Right Wing Back,406,110,92,83.63636363636363,39.130434782608695,36,75.0,8,55.55555555555556,36,21.428571428571427,56,-8.620986457047186,18.39020338514888,4.884608464050846,70,7.980295566502463,4.433497536945813,2.6600985221674875,5.031899596377334,63
Illia Zabarnyi,Ukraine,Right Center Back,277,200,184,92.0,5.978260869565218,11,,0,45.45454545454545,11,8.670520231213873,173,11.086866011074765,-22.477001667984396,-5.695067828454815,99,3.5740072202166067,1.624548736462094,4.873646209386282,-3.155546712243568,157
Christoph Baumgartner,Austria,Center Attacking Midfield,301,108,98,90.74074074074076,64.28571428571429,63,90.0,10,49.2063492063492,63,5.714285714285714,35,-2.366899381355643,23.325778365780582,10.479439492212473,87,18.837209302325583,9.269102990033222,0.5980066445182725,5.187695001622143,79
Dávid Hancko,Slovakia,Left Back,375,188,152,80.85106382978722,12.5,19,66.66666666666666,3,26.31578947368421,19,16.541353383458645,133,-9.028229361250942,-6.867839233129314,-7.948034297190127,111,4.56,1.2000000000000002,5.28,1.5831142815147512,127
Marcel Sabitzer,Austria,Left Wing,379,173,150,86.70520231213872,38.0,57,83.33333333333334,6,45.614035087719294,57,5.376344086021505,93,0.5141022827753803,13.962042924319933,7.238072603547656,111,13.535620052770447,6.174142480211081,1.187335092348285,2.615627714438635,116
Bart Verbruggen,Netherlands,Goalkeeper,549,211,121,57.345971563981045,0.0,0,,0,,0,6.6115702479338845,121,-10.47308824776197,-61.169199781671466,-35.821144014716715,41,0.0,0.0,1.3114754098360657,-5.651800057084979,60
Kaan Ayhan,Turkey,Left Defensive Midfield,360,188,163,86.70212765957447,31.901840490797547,52,100.0,1,55.76923076923077,52,17.117117117117118,111,-5.744244262397455,4.084274457848668,-0.8299849022743939,145,12.999999999999998,7.250000000000001,4.75,0.6325691798276217,133
Strahinja Pavlović,Serbia,Left Center Back,280,178,151,84.8314606741573,8.609271523178808,13,0.0,1,30.76923076923077,13,7.246376811594203,138,-5.743277820385198,-14.95667267021908,-10.34997524530214,89,4.178571428571429,1.2857142857142856,3.214285714285714,-2.604093290304977,123
Mert Müldür,Turkey,Right Back,351,169,123,72.7810650887574,7.317073170731707,9,,0,33.33333333333333,9,8.771929824561402,114,2.2631659581931487,-11.88833644929554,-4.812585245551194,105,2.3076923076923075,0.7692307692307693,2.5641025641025643,0.18076307952899345,85
Otar Kakabadze,Georgia,Right Wing Back,354,172,132,76.74418604651163,10.606060606060606,14,57.14285714285714,7,21.428571428571427,14,23.728813559322035,118,-2.191050218769085,8.810216868508627,3.309583324869771,59,3.5593220338983054,0.7627118644067796,7.118644067796611,1.7892039659329995,88
Arthur Theate,Belgium,Left Back,255,195,171,87.6923076923077,2.923976608187134,5,,0,20.0,5,7.83132530120482,166,-1.6605611551832924,-20.234395830224443,-10.94747849270387,147,1.7647058823529411,0.3529411764705882,4.588235294117647,-1.5825333595095294,121
Joakim Mæhle,Denmark,Left Wing Back,292,161,135,83.85093167701864,5.925925925925927,8,100.0,2,37.5,8,18.11023622047244,127,-5.87352280605953,-1.1849647749034529,-3.529243790481491,102,2.4657534246575343,0.9246575342465752,7.08904109589041,0.6401811685321819,102
Joško Gvardiol,Croatia,Left Back,284,160,144,90.0,7.638888888888889,11,100.0,1,36.36363636363637,11,19.548872180451127,133,0.0081938111627759,-10.511439938549806,-5.251623063693516,95,3.485915492957746,1.267605633802817,8.23943661971831,-2.973187305298733,129
Dominik Szoboszlai,Hungary,Right Attacking Midfield,285,156,131,83.97435897435898,25.95419847328244,34,50.0,4,50.0,34,13.402061855670103,97,5.381069287466731,2.3142790479770343,3.847674167721882,82,10.736842105263158,5.368421052631579,4.105263157894737,0.17191089420247715,117
Florian Grillitsch,Austria,Left Defensive Midfield,196,163,146,89.57055214723927,39.04109589041096,57,100.0,1,50.877192982456144,57,12.359550561797752,89,-4.350306124020951,8.387588283212104,2.0186410795955765,141,26.1734693877551,13.316326530612244,5.051020408163265,0.7935728790179744,137
Kenan Yildiz,Turkey,Left Wing,340,110,93,84.54545454545455,35.483870967741936,33,66.66666666666666,9,45.45454545454545,33,23.33333333333333,60,1.97963017561464,21.758778570867857,11.86920437324125,78,8.73529411764706,3.9705882352941178,3.7058823529411766,3.7206648154361224,70
Joey Veerman,Netherlands,Left Defensive Midfield,204,169,142,84.02366863905326,33.80281690140845,48,75.0,4,60.41666666666666,48,12.76595744680851,94,-3.082380710436209,7.432602850904941,2.1751110702343666,137,21.176470588235293,12.794117647058822,5.294117647058823,1.125214843859388,128
Alexander Hartmann Bah,Denmark,Right Wing Back,281,165,147,89.0909090909091,12.244897959183673,18,66.66666666666666,3,44.44444444444444,18,19.379844961240316,129,-6.836186248711396,-1.5779346649056631,-4.207060456808528,118,5.765124555160143,2.562277580071174,8.007117437722421,0.3979480983784132,122
Ruben Vargas,Switzerland,Left Attacking Midfield,304,120,104,86.66666666666667,25.0,26,0.0,2,53.84615384615385,26,15.384615384615383,78,-3.520086925761747,3.053051402538866,-0.2335177616114401,79,7.697368421052632,4.144736842105263,3.552631578947368,1.9833759322753297,89
Saša Lukić,Serbia,Left Defensive Midfield,205,150,141,94.0,31.91489361702128,45,100.0,6,75.55555555555556,45,13.541666666666666,96,-0.0497947020693146,14.122868752687609,7.036537025309146,124,19.75609756097561,14.926829268292684,5.7073170731707314,1.7905822601205612,134
Cristiano Ronaldo dos Santos Aveiro,Portugal,Center Forward,489,101,89,88.11881188118812,50.56179775280899,45,83.33333333333334,6,57.77777777777777,45,11.363636363636363,44,-4.895122527079171,20.473394740072408,7.789136106496617,80,8.282208588957054,4.785276073619632,0.9202453987730062,5.253939660201392,74
Mikel Merino Zazón,Spain,Center Attacking Midfield,195,136,127,93.38235294117648,61.41732283464568,78,50.0,4,61.53846153846154,78,10.20408163265306,49,-3.873018208602845,22.340839489617903,9.233910640507528,126,36.0,22.153846153846157,2.3076923076923075,3.733042236797279,111
Kevin Danso,Austria,Right Center Back,222,169,144,85.20710059171599,6.944444444444445,10,50.0,2,50.0,10,8.955223880597014,134,3.6680895061244794,-28.192752433210533,-12.26233146354303,132,4.0540540540540535,2.0270270270270268,4.864864864864865,-4.231317609867177,127
Khvicha Kvaratskhelia,Georgia,Left Center Forward,345,89,70,78.65168539325843,40.0,28,100.0,7,60.71428571428571,28,19.047619047619047,42,8.241843891383295,14.080585077133982,11.16121448425864,35,7.304347826086956,4.434782608695652,2.0869565217391304,4.111926863797235,61
Oleksandr Zinchenko,Ukraine,Left Back,215,158,141,89.24050632911393,14.893617021276595,21,100.0,1,42.85714285714285,21,27.500000000000004,120,11.531592703590976,-5.16350903545158,3.1840418340696988,67,8.790697674418604,3.767441860465116,13.813953488372094,-1.3432811977948764,116
Piotr Zieliński,Poland,Left Center Midfield,256,148,128,86.48648648648648,36.71875,47,40.0,5,51.06382978723404,47,25.925925925925924,81,3.950393422473681,11.758346901706217,7.854370162089948,76,16.5234375,8.4375,7.3828125,3.4550276291716107,115
Francisco Fernandes Conceição,Portugal,Center Attacking Midfield,180,127,107,84.25196850393701,10.2803738317757,11,66.66666666666666,3,27.27272727272727,11,12.5,96,-2.2804349667842585,8.427352786308829,3.073458909762285,101,5.5,1.5,6.0,1.6065551719752647,94
Konrad Laimer,Austria,Left Defensive Midfield,277,128,119,92.96875,40.33613445378151,48,40.0,10,50.0,48,26.76056338028169,71,-5.553345259144241,17.903214007519754,6.174934374187755,110,15.5956678700361,7.79783393501805,6.173285198555957,2.625378356566469,104
Federico Chiesa,Italy,Right Wing,264,106,86,81.13207547169812,30.23255813953488,26,60.0,5,46.15384615384615,26,11.666666666666666,60,-5.546563957039613,20.047234786890613,7.2503354149255,59,8.863636363636363,4.090909090909091,2.386363636363636,2.6425398170423438,60
András Schäfer,Hungary,Left Defensive Midfield,287,131,120,91.6030534351145,40.833333333333336,49,100.0,1,61.224489795918366,49,9.859154929577464,71,1.4528845916792648,10.730335269720928,6.091609930700097,78,15.365853658536588,9.40766550522648,2.1951219512195124,0.8643430876434517,109
Juraj Kucka,Slovakia,Right Center Midfield,343,125,116,92.8,63.793103448275865,74,66.66666666666666,6,39.18918918918919,74,9.523809523809524,42,-3.851180832040716,29.870003973135557,13.009411570547416,89,19.41690962099125,7.609329446064139,1.0495626822157431,6.128791616714835,95
Mykola Shaparenko,Ukraine,Right Defensive Midfield,222,130,117,90.0,37.60683760683761,44,33.33333333333333,3,59.09090909090909,44,10.95890410958904,73,-6.877280139121126,18.22652798288888,5.674623921883878,93,17.83783783783784,10.54054054054054,3.2432432432432434,1.7457118916868533,107
Yann Sommer,Switzerland,Goalkeeper,465,168,124,73.80952380952381,1.6129032258064515,2,,0,100.0,2,10.655737704918032,122,-23.507236186951367,-101.38297428626365,-62.445105236607496,71,0.3870967741935484,0.3870967741935484,2.5161290322580645,-3.22783813955319,95
Andrei Burcă Andonie,Romania,Left Center Back,345,147,134,91.15646258503402,5.970149253731343,8,,0,12.5,8,8.73015873015873,126,-6.491685342868219,-23.44814211894142,-14.969913730904825,92,2.0869565217391304,0.2608695652173913,2.869565217391304,-3.176455098531451,100
Jaka Bijol,Slovenia,Left Center Back,395,137,113,82.48175182481752,11.50442477876106,13,100.0,1,15.384615384615383,13,6.0,100,12.940850709366329,-43.82788900817054,-15.443519149402098,55,2.9620253164556964,0.4556962025316455,1.3670886075949369,-1.768867934770384,94
Ivan Ilić,Serbia,Right Defensive Midfield,208,152,134,88.1578947368421,20.8955223880597,28,50.0,2,64.28571428571429,28,13.20754716981132,106,1.895183559248194,4.530937099577293,3.213060329412743,121,12.115384615384617,7.788461538461538,6.057692307692308,0.10188644954849344,126
Timi Elšnik,Slovenia,Left Defensive Midfield,358,118,110,93.22033898305084,52.72727272727272,58,50.0,4,46.55172413793103,58,15.384615384615383,52,-9.301658582934149,11.260261797145589,0.9793016071057206,79,14.58100558659218,6.787709497206704,2.011173184357542,3.4907838450707565,92
Jakub Piotr Kiwior,Poland,Left Center Back,279,150,124,82.66666666666667,11.29032258064516,14,50.0,4,42.85714285714285,14,15.454545454545451,110,-4.905826448897073,-14.25909230268666,-9.582459375791863,84,4.516129032258065,1.935483870967742,5.483870967741935,0.24528408366841073,92
Gonçalo Bernardo Inácio,Portugal,Left Center Back,120,149,122,81.87919463087249,1.639344262295082,2,0.0,1,50.0,2,11.666666666666666,120,12.72251854337041,-24.5553975819662,-5.916439519297892,119,1.5,0.75,10.5,-3.5203416661659093,105
Rafael Alexandre Conceição Leão,Portugal,Left Wing,281,113,91,80.53097345132744,14.285714285714285,13,40.0,5,61.53846153846154,13,15.384615384615383,78,-6.978249372068987,6.808280600472647,-0.0849843857981705,78,4.1637010676156585,2.562277580071174,3.8434163701067616,0.9411966856959418,75
Georgiy Sudakov,Ukraine,Center Attacking Midfield,262,119,110,92.43697478991596,50.0,55,80.0,5,50.90909090909091,55,9.090909090909092,55,-1.4125645128796391,21.017615975208944,9.802525731164652,87,18.893129770992367,9.618320610687023,1.717557251908397,3.2658936080181307,90
Mike Maignan,France,Goalkeeper,573,165,90,54.54545454545454,1.1111111111111112,1,,0,0.0,1,1.1235955056179776,89,-4.4902830170914,-88.16479310554847,-46.32753806131993,20,0.1570680628272251,0.0,0.1570680628272251,-3.7684247418173404,53
Mario Mitaj,Albania,Left Back,283,148,121,81.75675675675676,11.570247933884298,14,100.0,3,42.85714285714285,14,30.8411214953271,107,-0.4552006064980629,-22.26611986287312,-11.360660234685591,74,4.4522968197879855,1.9081272084805656,10.49469964664311,1.065013096016362,86
Petar Stojanović,Slovenia,Right Midfield,315,110,97,88.18181818181819,39.175257731958766,38,88.88888888888889,9,44.73684210526316,38,11.864406779661016,59,0.1847735247052987,13.57802522515251,6.881399374928905,74,10.857142857142858,4.857142857142858,2.0,3.076346277813963,86
Georges Mikautadze,Georgia,Right Center Forward,350,72,63,87.5,63.49206349206349,40,83.33333333333334,6,47.5,40,17.391304347826086,23,-10.594445034658852,34.272634847357686,11.839094906349416,36,10.285714285714285,4.885714285714285,1.0285714285714285,11.10164711699113,51
Przemysław Frankowski,Poland,Right Wing Back,271,128,103,80.46875,15.53398058252427,16,66.66666666666666,3,37.5,16,21.83908045977012,87,7.2149044866504815,13.74700363088871,10.480954058769596,39,5.313653136531365,1.9926199261992616,6.309963099630996,1.1591448651152942,82
Andrija Živković,Serbia,Right Wing Back,245,144,118,81.94444444444444,16.101694915254235,19,0.0,1,52.63157894736842,19,14.14141414141414,99,-10.365959667380473,5.899140571824252,-2.233409547778112,82,6.979591836734694,3.6734693877551017,5.142857142857142,-0.2470512828762074,96
Vladimír Coufal,Czech Republic,Right Wing Back,279,150,111,74.0,13.513513513513514,15,100.0,2,46.66666666666666,15,22.916666666666664,96,-4.574381909249095,-18.178018094544985,-11.37620000189704,24,4.838709677419355,2.2580645161290325,7.096774193548387,-1.0481539980088748,79
Orkun Kökçü,Turkey,Center Attacking Midfield,231,124,106,85.48387096774194,54.71698113207547,58,80.0,5,48.27586206896552,58,10.416666666666668,48,-1.399618843641554,16.354614007054685,7.477497581706566,102,22.5974025974026,10.90909090909091,1.948051948051948,4.420355234588811,93
Martin Dúbravka,Slovakia,Goalkeeper,391,164,106,64.63414634146342,0.9433962264150944,1,,0,100.0,1,5.714285714285714,105,-1.8895542925106517,-120.90641913407188,-61.39798671329126,16,0.2301790281329923,0.2301790281329923,1.381074168797954,-3.6577793288157667,92
Benjamin Šeško,Slovenia,Left Center Forward,356,72,67,93.05555555555556,80.59701492537313,54,40.0,5,31.48148148148148,54,23.07692307692308,13,-4.471784161680324,31.65556804409697,13.591891941208328,47,13.651685393258427,4.297752808988764,0.7584269662921348,11.077971755278938,61
Lasha Dvali,Georgia,Left Center Back,368,143,124,86.7132867132867,8.064516129032258,10,0.0,1,30.0,10,28.07017543859649,114,0.1466489247529299,-52.0500004279505,-25.951675751598785,59,2.4456521739130435,0.733695652173913,7.826086956521739,-2.583274611154719,77
Pedro González López,Spain,Center Attacking Midfield,185,92,87,94.56521739130434,78.16091954022988,68,100.0,10,54.41176470588235,68,10.526315789473683,19,-10.255029404898476,26.061473712025748,7.903222153563637,83,33.08108108108108,18.0,0.972972972972973,4.379801535497616,72
Breel-Donald Embolo,Switzerland,Center Forward,302,49,48,97.95918367346938,79.16666666666666,38,100.0,4,50.0,38,20.0,10,-17.036533972761735,25.8767827478433,4.420124387540784,41,11.324503311258278,5.662251655629139,0.5960264900662252,9.7334083204763,38
Răzvan Gabriel Marin,Romania,Right Center Midfield,359,109,98,89.90825688073394,44.89795918367347,44,100.0,5,63.63636363636363,44,11.11111111111111,54,1.2394785408797186,7.665693213495291,4.452585877187506,68,11.030640668523676,7.01949860724234,1.5041782729805016,3.751647513444771,73
Josip Stanišić,Croatia,Right Back,187,133,94,70.67669172932331,10.638297872340424,10,100.0,1,70.0,10,15.476190476190476,84,-13.316397747952742,2.493332025281674,-5.411532861335534,77,4.81283422459893,3.368983957219251,6.25668449197861,-0.1649294268729321,82
Ladislav Krejčí,Czech Republic,Left Center Back,273,139,113,81.29496402877699,15.929203539823009,18,100.0,2,61.11111111111112,18,6.315789473684211,95,0.771263896396465,-19.738967774110247,-9.48385193885689,24,5.934065934065934,3.626373626373627,1.978021978021978,-3.127868896081422,87
Berat Djimsiti,Albania,Left Center Back,278,143,129,90.2097902097902,6.976744186046512,9,,0,22.22222222222222,9,9.166666666666666,120,-0.0697964738866546,-46.70571973525279,-23.38775810456972,69,2.913669064748201,0.6474820143884893,3.5611510791366903,-3.6455738746917423,104
Patrick Pentz,Austria,Goalkeeper,369,145,97,66.89655172413794,0.0,0,,0,,0,15.463917525773196,97,-7.221452600965515,-76.21144011846792,-41.71644635971672,27,0.0,0.0,3.658536585365853,-6.180213428435158,67
Nicolae Claudiu Stanciu,Romania,Left Center Midfield,355,115,104,90.43478260869566,40.38461538461539,42,50.0,2,45.23809523809524,42,14.516129032258066,62,13.24791175050058,3.055713343853815,8.151812547177196,77,10.647887323943662,4.816901408450704,2.2816901408450705,3.4934250363950228,85
Willi Orban,Hungary,Center Back,281,131,116,88.54961832061069,18.96551724137931,22,100.0,3,50.0,22,5.319148936170213,94,3.918887398148352,-26.663088134578064,-11.372100368214856,61,7.0462633451957295,3.5231316725978647,1.6014234875444842,-1.1378577838622317,87
Peter Pekarík,Slovakia,Right Back,379,128,106,82.8125,12.264150943396226,13,50.0,2,46.15384615384615,13,23.655913978494624,93,-5.610895393631681,-16.968029903425677,-11.289462648528678,79,3.0870712401055407,1.424802110817942,5.224274406332454,-1.1443280946145198,96
Rasmus Winther Højlund,Denmark,Center Forward,284,54,45,83.33333333333334,75.55555555555556,34,87.5,8,38.23529411764706,34,9.090909090909092,11,-17.461470121058884,22.68802844839532,2.613279163668217,31,10.774647887323942,4.119718309859155,0.3169014084507042,7.06015638975962,31
José Ignacio Fernández Iglesias,Spain,Right Center Back,268,140,114,81.42857142857143,10.526315789473683,12,100.0,2,75.0,12,26.47058823529412,102,5.156198379258038,-4.0840291948330325,0.5360845922125026,109,4.029850746268656,3.0223880597014925,9.067164179104475,-2.089619726866032,103
Nicușor Silviu Bancu,Romania,Left Back,267,138,120,86.95652173913044,10.0,12,0.0,1,33.33333333333333,12,23.14814814814815,108,-22.32953963181051,-16.125425806329257,-19.22748271906988,58,4.044943820224719,1.348314606741573,8.426966292134832,-0.28187350991178706,88
Denis Mihai Drăguş,Romania,Center Forward,292,57,51,89.47368421052632,80.3921568627451,41,60.0,5,31.70731707317073,41,40.0,10,-6.030028263205668,36.66141415489364,15.315692945843985,36,12.636986301369864,4.006849315068493,1.2328767123287672,9.289923667111388,35
Manuel Neuer,Germany,Goalkeeper,479,143,91,63.63636363636363,1.098901098901099,1,,0,100.0,1,7.777777777777778,90,-31.536900772212984,-86.09392527079952,-58.815413021506245,32,0.1878914405010438,0.1878914405010438,1.3152400835073068,-4.684309771904788,49
Roland Sallai,Hungary,Left Attacking Midfield,283,80,75,93.75,32.0,24,70.0,10,58.333333333333336,24,17.647058823529413,51,-2.143410324899004,23.459825451600956,10.658207563350976,54,7.632508833922262,4.4522968197879855,2.862190812720848,3.528697280184596,63
Andrei Florin Ratiu,Romania,Right Back,360,124,107,86.29032258064517,14.018691588785046,15,66.66666666666666,3,46.66666666666666,15,11.956521739130435,92,-11.96704288046401,-12.028700341553138,-11.997871611008572,55,3.75,1.75,2.75,-0.2630054713133977,67
Callum McGregor,Scotland,Left Defensive Midfield,254,114,112,98.24561403508773,33.035714285714285,37,,0,56.75675675675676,37,2.666666666666667,75,-1.6825905450109857,19.311866763348927,8.814638109168975,83,13.11023622047244,7.440944881889764,0.7086614173228346,1.53630033038196,101
Diogo Meireles Costa,Portugal,Goalkeeper,504,154,90,58.44155844155844,1.1111111111111112,1,,0,100.0,1,3.3707865168539324,89,-1.7350392568035158,-77.62662476355202,-39.68083201017777,19,0.1785714285714285,0.1785714285714285,0.5357142857142857,-5.697554363385012,61
Giorgi Chakvetadze,Georgia,Right Center Midfield,244,94,84,89.36170212765957,47.61904761904761,40,60.0,5,42.5,40,22.727272727272727,44,0.065111203627538,16.001529685204584,8.033320444416061,57,14.754098360655735,6.270491803278688,3.6885245901639343,4.843071663560435,72
Andraž Šporar,Slovenia,Right Center Forward,343,68,58,85.29411764705883,56.896551724137936,33,75.0,4,42.42424242424242,33,8.0,25,-18.99094756096973,20.48377960530035,0.7464160221653063,45,8.658892128279883,3.6734693877551017,0.5247813411078717,8.40793895065134,49
Silvan Widmer,Switzerland,Right Wing Back,292,127,108,85.03937007874016,6.481481481481481,7,50.0,4,28.57142857142857,7,12.871287128712872,101,1.5702381065121642,2.5012280738272974,2.0357330901697317,98,2.1575342465753424,0.6164383561643836,4.006849315068493,1.6180261882265183,94
Marin Pongracic,Croatia,Left Center Back,188,125,95,76.0,8.421052631578947,8,,0,37.5,8,16.091954022988507,87,-9.679536472867976,-18.801278867667243,-14.240407670267608,65,3.829787234042553,1.4361702127659572,6.702127659574468,-2.6949317529524337,79
Lorenzo Pellegrini,Italy,Left Wing,213,106,88,83.01886792452831,42.04545454545455,37,83.33333333333334,6,59.45945945945946,37,15.68627450980392,51,-2.460079922208757,20.480750404754403,9.010335241272822,75,15.63380281690141,9.295774647887324,3.380281690140845,4.260806530800337,75
Jakub Moder,Poland,Left Center Midfield,191,117,109,93.16239316239316,45.87155963302752,50,66.66666666666666,3,46.0,50,16.94915254237288,59,-2.327170333404013,11.773658920347374,4.723244293471682,70,23.56020942408377,10.837696335078537,4.712041884816754,1.682094135537319,98
Grant Campbell Hanley,Scotland,Center Back,238,137,125,91.24087591240875,16.0,20,66.66666666666666,3,35.0,20,9.523809523809524,105,-14.199568848336394,-23.2973839345833,-18.74847639145984,79,7.563025210084034,2.647058823529412,3.781512605042017,-2.9804447692903984,108
Ylber Ramadani,Albania,Right Defensive Midfield,271,108,97,89.81481481481481,46.39175257731959,45,50.0,2,57.77777777777777,45,3.8461538461538463,52,2.604962614342337,14.845399635347052,8.725181124844694,63,14.944649446494465,8.63468634686347,0.6642066420664207,4.118609758908922,94
Fabian Rieder,Switzerland,Right Attacking Midfield,225,89,82,92.13483146067416,48.78048780487805,40,100.0,3,55.00000000000001,40,7.142857142857142,42,0.3947726260194241,10.259343369007349,5.3270579975133865,71,16.0,8.8,1.2000000000000002,5.33223094114206,69
Ivan Schranz,Slovakia,Right Wing,325,90,78,86.66666666666667,30.76923076923077,24,50.0,2,54.16666666666666,24,31.48148148148148,54,-16.061797014342382,20.764898815224004,2.351550900440811,69,6.646153846153847,3.6,4.707692307692308,3.0203403950401877,68
Philipp Lienhart,Austria,Left Center Back,214,129,103,79.84496124031007,7.766990291262135,8,100.0,2,50.0,8,9.473684210526317,95,-2.877544173429405,-21.31669166604683,-12.097117919738116,94,3.364485981308411,1.6822429906542056,3.785046728971962,-5.680170759906786,88
Andrej Kramarić,Croatia,Left Wing,241,90,79,87.77777777777777,45.56962025316456,36,42.85714285714285,7,66.66666666666666,36,0.0,43,-4.109197617331087,19.9942229004963,7.942512641582608,60,13.443983402489629,8.962655601659751,0.0,2.669352169686734,64
Federico Dimarco,Italy,Left Back,230,123,77,62.60162601626016,14.285714285714285,11,100.0,1,45.45454545454545,11,7.575757575757576,66,4.033879014261276,-7.020161829637841,-1.493141407688282,45,4.304347826086957,1.9565217391304348,1.9565217391304348,-0.3524212099634789,46
Marius Mihai Marin,Romania,Center Defensive Midfield,303,102,90,88.23529411764706,44.44444444444444,40,,0,47.5,40,6.0,50,10.410522159995216,15.20347005475984,12.806996107377527,54,11.88118811881188,5.643564356435643,0.8910891089108911,2.26513072086644,75
Koen Casteels,Belgium,Goalkeeper,367,144,86,59.72222222222222,0.0,0,,0,,0,0.0,86,-38.58895270574252,-56.5022507917688,-47.54560174875566,31,0.0,0.0,0.0,-6.1561278328345885,61
Martín Zubimendi Ibáñez,Spain,Right Defensive Midfield,143,117,108,92.3076923076923,39.81481481481482,43,0.0,2,55.81395348837209,43,16.923076923076923,65,1.215617939804933,11.54707565289628,6.381346796350606,108,27.06293706293706,15.104895104895103,6.923076923076923,1.9171353195769285,92
Tomáš Holeš,Czech Republic,Right Center Back,271,115,101,87.82608695652175,8.91089108910891,9,100.0,1,22.22222222222222,9,14.130434782608695,92,6.793914244832758,-49.03612052609883,-21.121103140633043,40,2.988929889298893,0.6642066420664207,4.317343173431735,-5.095518584176578,73
Erik Janža,Slovenia,Left Back,269,116,100,86.20689655172413,5.0,5,33.33333333333333,3,20.0,5,15.789473684210526,95,4.926993961818096,-32.8767317823637,-13.974868910272802,41,1.6728624535315986,0.3345724907063196,5.018587360594795,-2.1674407650134575,78
Guram Kashia,Georgia,Center Back,369,118,100,84.7457627118644,16.0,16,,0,25.0,16,8.333333333333332,84,0.2178302950853264,-37.97556666332358,-18.87886818411913,71,3.902439024390244,0.975609756097561,1.7073170731707317,0.010532605544440958,78
Lovro Majer,Croatia,Right Wing,152,101,80,79.20792079207921,47.5,38,50.0,4,44.73684210526316,38,7.142857142857142,42,-0.7597274314024849,17.731850297813565,8.48606143320554,73,22.5,10.06578947368421,1.776315789473684,2.5475296598923327,71
Nicola Zalewski,Poland,Left Wing Back,250,101,78,77.22772277227723,12.82051282051282,10,66.66666666666666,3,10.0,10,11.76470588235294,68,-4.039051507747983,-1.2553963334924272,-2.647223920620205,60,3.6,0.36,2.88,0.9710718432470328,68
Jack Hendry,Scotland,Right Center Back,280,128,116,90.625,5.172413793103448,6,0.0,1,16.666666666666664,6,9.090909090909092,110,0.8135961263482374,-15.286552876423746,-7.236478375037755,63,1.9285714285714288,0.3214285714285714,3.214285714285714,-3.2616694941444453,95
Vanja Drkušić,Slovenia,Right Center Back,378,102,91,89.2156862745098,8.791208791208792,8,66.66666666666666,3,25.0,8,3.614457831325301,83,-9.732987436474868,-48.03466279009831,-28.883825113286584,54,1.9047619047619049,0.4761904761904761,0.7142857142857142,-3.145220661855362,68
Philipp Mwene,Austria,Left Back,194,109,88,80.73394495412845,7.954545454545454,7,100.0,2,71.42857142857143,7,18.51851851851852,81,-3.38396218585898,-10.939027939962724,-7.161495062910852,75,3.2474226804123707,2.319587628865979,6.958762886597938,-1.924576967154572,78
Maximilian Wöber,Austria,Left Center Back,182,120,106,88.33333333333333,11.320754716981131,12,100.0,1,50.0,12,12.76595744680851,94,-0.6682567302195319,-36.73481258918972,-18.701534659704624,89,5.934065934065934,2.967032967032967,5.934065934065934,-4.389381040643651,100
Radu Drăgușin,Romania,Right Center Back,362,111,91,81.98198198198197,14.285714285714285,13,,0,38.46153846153847,13,6.41025641025641,78,3.246458863700376,-17.114333064820617,-6.9339371005601205,52,3.232044198895028,1.2430939226519335,1.2430939226519335,-0.7675424697109562,74
Andrew Robertson,Scotland,Left Wing Back,267,121,104,85.9504132231405,8.653846153846153,9,0.0,2,33.33333333333333,9,8.421052631578947,95,-2.9965199914419807,-9.57951573778554,-6.28801786461376,48,3.033707865168539,1.0112359550561798,2.696629213483146,-1.0157955791299467,90
Billy Gilmour,Scotland,Right Defensive Midfield,184,109,106,97.24770642201835,40.56603773584906,43,50.0,2,53.48837209302325,43,12.698412698412698,63,-8.599708362094534,16.741011264711094,4.070651451308281,74,21.032608695652176,11.25,3.9130434782608696,1.6810624600903674,87
Bryan Cristante,Italy,Left Center Midfield,140,115,108,93.91304347826087,41.66666666666667,45,100.0,1,66.66666666666666,45,14.285714285714285,63,-0.3346966533584578,13.419615851285696,6.542459598963621,105,28.92857142857143,19.285714285714285,5.785714285714285,2.3457889089143453,99
Florin Constantin Niţă,Romania,Goalkeeper,371,149,76,51.006711409395976,2.631578947368421,2,,0,50.0,2,2.702702702702702,74,18.034161776636985,-150.0374822767117,-66.00166025003736,5,0.4851752021563342,0.2425876010781671,0.4851752021563342,-5.56259681105652,41
Rúben Diogo Da Silva Neves,Portugal,Left Defensive Midfield,126,118,107,90.67796610169492,23.36448598130841,25,0.0,2,68.0,25,4.878048780487805,82,1.8259617034561677,7.032590011929605,4.429275857692887,107,17.857142857142858,12.142857142857142,2.8571428571428568,1.7238700867251633,104
Leroy Sané,Germany,Right Wing,211,68,62,91.17647058823528,32.25806451612903,20,50.0,4,50.0,20,14.285714285714285,42,-1.3033764778099777,15.73863247604852,7.217627999119271,58,8.530805687203792,4.265402843601896,2.559241706161137,1.607002455360014,49
Tomáš Souček,Czech Republic,Center Defensive Midfield,282,88,79,89.77272727272727,54.43037974683544,43,50.0,6,55.81395348837209,43,13.88888888888889,36,-4.542422038738913,21.525673216915678,8.491625589088382,39,13.72340425531915,7.659574468085106,1.595744680851064,4.2829281043731235,62
Dennis Man,Romania,Right Midfield,271,80,70,87.5,18.571428571428573,13,0.0,4,30.76923076923077,13,14.035087719298245,57,-4.111355129788227,4.785672196842813,0.3371585335272926,30,4.317343173431735,1.328413284132841,2.656826568265682,1.264979856973609,48
Eduardo Camavinga,France,Left Center Midfield,177,88,85,96.5909090909091,40.0,34,66.66666666666666,3,58.82352941176471,34,15.68627450980392,51,-2.490414092042634,10.297557268125468,3.903571588041417,84,17.28813559322034,10.169491525423728,4.067796610169491,0.9610321410784897,77
Youri Tielemans,Belgium,Right Defensive Midfield,154,117,109,93.16239316239316,42.201834862385326,46,66.66666666666666,3,67.3913043478261,46,7.936507936507936,63,-3.376713659980339,12.16622817257551,4.394757256297584,105,26.883116883116884,18.11688311688312,2.922077922077922,1.3116632501149348,98
Yannick Ferreira Carrasco,Belgium,Left Wing,217,95,84,88.42105263157895,16.666666666666664,14,50.0,2,42.85714285714285,14,12.857142857142856,70,-9.386983743290552,0.6437689087061629,-4.371607417292194,76,5.806451612903226,2.4884792626728114,3.7327188940092166,-0.6903234161097196,71
Anthony Ralston,Scotland,Right Wing Back,262,92,81,88.04347826086956,14.814814814814811,12,66.66666666666666,3,33.33333333333333,12,24.637681159420293,69,-18.637736284898143,-10.866663060234355,-14.752199672566247,15,4.122137404580153,1.3740458015267174,5.8396946564885495,0.6282015844476834,57
Marko Arnautović,Austria,Center Forward,283,56,46,82.14285714285714,71.73913043478261,33,50.0,2,42.42424242424242,33,7.6923076923076925,13,-17.135784873705024,29.86016688649546,6.362191006395216,41,10.49469964664311,4.4522968197879855,0.3180212014134275,8.037998861715225,35
İsmail Yüksek,Turkey,Right Defensive Midfield,152,99,83,83.83838383838383,39.75903614457831,33,50.0,2,66.66666666666666,33,10.0,50,-3.0738498685218225,8.3597286835098,2.6429394074939885,82,19.539473684210527,13.026315789473683,2.960526315789473,2.2925270665726467,69
Aleksandar Mitrović,Serbia,Center Forward,245,51,48,94.11764705882352,70.83333333333334,34,80.0,5,47.05882352941176,34,14.285714285714285,14,-10.566486127347384,33.48134760081168,11.457430736732148,40,12.489795918367347,5.877551020408164,0.7346938775510204,6.033750830257703,43
Anzor Mekvabishvili,Georgia,Center Defensive Midfield,188,88,76,86.36363636363636,42.10526315789473,32,66.66666666666666,3,46.875,32,13.636363636363637,44,-2.7348026181846663,15.686187195704722,6.475692288760028,60,15.319148936170212,7.180851063829787,2.8723404255319145,3.0941156617277334,60
Marcus Thuram,France,Center Forward,258,55,47,85.45454545454545,65.95744680851064,31,50.0,8,41.935483870967744,31,12.5,16,-8.423570761551247,30.83314351476287,11.204786376605812,44,10.813953488372093,4.534883720930233,0.6976744186046512,6.330270737728646,36
Giorgi Mamardashvili,Georgia,Goalkeeper,369,123,68,55.28455284552846,2.941176470588235,2,,0,50.0,2,1.5151515151515151,66,-42.0057984438203,-127.08271556189356,-84.54425700285694,30,0.4878048780487805,0.2439024390243902,0.2439024390243902,-10.840896145010614,18
Daniel Vivian Moreno,Spain,Right Center Back,126,106,94,88.67924528301887,5.319148936170213,5,,0,60.0,5,17.97752808988764,89,0.0810930966000576,-22.584494269312195,-11.251700586356067,92,3.571428571428571,2.142857142857143,11.428571428571429,-4.304433761401341,75
Romelu Lukaku Menama,Belgium,Center Forward,352,56,52,92.85714285714286,86.53846153846155,45,88.88888888888889,9,33.33333333333333,45,0.0,7,-19.43758853496796,37.41786384629203,8.990137655662037,38,11.505681818181818,3.835227272727273,0.0,9.963680254031893,30
Lukáš Provod,Czech Republic,Left Center Midfield,231,88,77,87.5,53.24675324675325,41,71.42857142857143,7,58.53658536585365,41,16.666666666666664,36,5.065533237453291,26.33598070190736,15.700756969680322,40,15.974025974025976,9.350649350649352,2.337662337662338,4.923289773237682,66
Trent Alexander-Arnold,England,Right Defensive Midfield,135,102,92,90.19607843137256,29.347826086956523,27,,0,62.96296296296296,27,15.384615384615383,65,1.326450768996961,4.716733587525948,3.0215921782614537,91,18.0,11.333333333333332,6.666666666666666,-0.20368389633725018,87
Matteo Darmian,Italy,Left Back,159,105,81,77.14285714285715,3.7037037037037033,3,100.0,1,33.33333333333333,3,15.384615384615383,78,1.6674955347402909,-17.32672770081307,-7.82961608303639,73,1.6981132075471697,0.5660377358490566,6.792452830188679,-2.746290020449364,72
Lukáš Haraslín,Slovakia,Left Wing,259,68,57,83.82352941176471,38.59649122807017,22,75.0,4,40.909090909090914,22,17.142857142857142,35,0.7221284531719014,4.792987365891593,2.757557909531747,40,7.644787644787645,3.1274131274131274,2.0849420849420848,3.291310054187215,41
Arlind Afrim Ajeti,Albania,Right Center Back,271,107,92,85.98130841121495,6.521739130434782,6,,0,50.0,6,5.813953488372093,86,4.523141936143105,-34.944125999553144,-15.21049203170502,42,1.9926199261992616,0.9963099630996308,1.6605166051660516,-3.449996670081004,79
Fehmi Mert Günok,Turkey,Goalkeeper,370,128,75,58.59375,1.3333333333333337,1,,0,0.0,1,1.351351351351351,74,-15.521956745524529,-77.37125457742684,-46.44660566147568,49,0.2432432432432432,0.0,0.2432432432432432,-2.856779136225075,24
Jonas Older Wind,Denmark,Center Attacking Midfield,197,77,75,97.4025974025974,65.33333333333333,49,100.0,7,44.89795918367347,49,19.230769230769237,26,-7.62249225256127,16.90468159960959,4.64109467352416,62,22.385786802030456,10.050761421319796,2.284263959390863,3.9003013712915733,58
Nedim Bajrami,Albania,Center Attacking Midfield,247,79,70,88.60759493670885,28.57142857142857,20,66.66666666666666,3,65.0,20,6.0,50,4.383711182926251,16.625786994446898,10.504749088686577,56,7.287449392712551,4.7368421052631575,1.0931174089068827,4.398109772408725,68
Merih Demiral,Turkey,Center Back,216,97,78,80.41237113402062,2.564102564102564,2,,0,50.0,2,6.578947368421052,76,0.3371023216688431,-28.5863254624451,-14.12461157038813,75,0.8333333333333333,0.4166666666666666,2.083333333333333,-3.1188352969702238,50
Pedro Lomba Neto,Portugal,Left Wing Back,128,89,69,77.52808988764045,8.695652173913043,6,,0,16.666666666666664,6,12.698412698412698,63,-3.873573171047964,6.11240065561543,1.119413742283733,66,4.21875,0.703125,5.625,0.5785905462456745,54
Nicolò Fagioli,Italy,Center Defensive Midfield,97,104,85,81.73076923076923,25.882352941176475,22,66.66666666666666,3,68.18181818181817,22,6.349206349206349,63,-0.879601088554381,9.100019741804058,4.110209326624839,79,20.412371134020617,13.917525773195877,3.711340206185567,1.2261386762823823,80
Mikel Oyarzabal Ugarte,Spain,Center Forward,205,67,62,92.53731343283582,51.61290322580645,32,100.0,3,50.0,32,20.0,30,-10.95616497837844,17.077060234832917,3.0604476282272395,62,14.048780487804878,7.024390243902439,2.6341463414634148,5.10584229884265,47
Scott McTominay,Scotland,Center Attacking Midfield,275,60,55,91.66666666666666,61.81818181818181,34,83.33333333333334,6,61.76470588235294,34,14.285714285714285,21,11.840345456901897,16.48478088370796,14.162563170304924,34,11.127272727272729,6.872727272727273,0.981818181818182,3.472823842362327,41
José Diogo Dalot Teixeira,Portugal,Right Center Back,152,100,73,73.0,10.95890410958904,8,50.0,2,37.5,8,9.230769230769232,65,-0.5889473468687612,-0.7259016358920233,-0.657424491380392,71,4.7368421052631575,1.776315789473684,3.552631578947368,-0.1160111449475356,67
Leandro Trossard,Belgium,Right Wing,167,73,66,90.41095890410958,30.303030303030305,20,66.66666666666666,3,55.00000000000001,20,15.217391304347828,46,3.801531572987489,15.691161576216304,9.746346574601896,55,10.778443113772456,5.928143712574851,3.772455089820359,1.7016431262806018,54
Luka Sučić,Croatia,Center Attacking Midfield,148,84,72,85.71428571428571,37.5,27,50.0,2,62.96296296296296,27,8.88888888888889,45,2.6087912076458566,12.97807739039274,7.7934342990192995,63,16.41891891891892,10.33783783783784,2.4324324324324325,0.9953323418545618,68
Róbert Boženík,Slovakia,Center Forward,208,37,32,86.48648648648648,78.125,25,40.0,5,28.000000000000004,25,14.285714285714285,7,-13.950398773429312,36.74412882377438,11.396865025172536,25,10.817307692307692,3.0288461538461537,0.4326923076923077,10.003210728790055,28
Victor Bernth Kristansen,Denmark,Left Wing Back,160,93,72,77.41935483870968,4.166666666666666,3,,0,33.33333333333333,3,20.28985507246377,69,-1.5346014373890156,-7.575024489540452,-4.554812963464734,60,1.6875,0.5625,7.874999999999999,-2.097372210809031,50
Zeno Debast,Belgium,Left Center Back,113,106,99,93.39622641509436,1.0101010101010102,1,,0,0.0,1,9.183673469387756,98,-7.016438363353477,-12.913381134487857,-9.964909748920665,80,0.7964601769911505,0.0,7.168141592920354,-4.702629309113643,77
Ianis Hagi,Romania,Left Midfield,187,63,59,93.65079365079364,32.20338983050847,19,50.0,2,31.57894736842105,19,15.0,40,2.160495238356112,14.952830474539738,8.556662856447923,49,9.144385026737968,2.8877005347593587,2.8877005347593587,3.314836014874937,48
Jan Mlakar,Slovenia,Left Midfield,288,65,56,86.15384615384616,48.21428571428572,27,100.0,1,48.14814814814815,27,13.79310344827586,29,3.37701551111312,30.98279045856097,17.179902984837046,34,8.4375,4.0625,1.25,6.130654050165041,41
Jan Bednarek,Poland,Right Center Back,279,103,83,80.58252427184466,8.433734939759036,7,,0,57.14285714285714,7,27.631578947368425,76,8.237478755972447,-22.33778554626364,-7.050153395145596,42,2.2580645161290325,1.2903225806451613,6.774193548387097,-3.036144783197514,71
David Raum,Germany,Left Back,167,102,86,84.31372549019608,11.627906976744184,10,100.0,1,40.0,10,14.473684210526317,76,-13.576847183680886,-9.660930844523095,-11.618889014101992,75,5.389221556886228,2.155688622754491,5.928143712574851,-0.7051308037529096,65
Jan Oblak,Slovenia,Goalkeeper,392,129,60,46.51162790697674,0.0,0,,0,,0,5.0,60,16.4910144978776,-173.6361237887702,-78.5725546454463,4,0.0,0.0,0.6887755102040816,-11.85117406396573,17
Angus Gunn,Scotland,Goalkeeper,276,115,59,51.30434782608696,1.694915254237288,1,,0,0.0,1,3.4482758620689653,58,-36.203572152092,-86.8221699496215,-61.512871050856745,6,0.3260869565217391,0.0,0.6521739130434783,-10.734563874892748,27
Gianluigi Donnarumma,Italy,Goalkeeper,365,101,57,56.43564356435643,1.7543859649122806,1,,0,100.0,1,5.357142857142857,56,-30.190553648322112,-97.78133348873062,-63.98594356852636,22,0.2465753424657534,0.2465753424657534,0.7397260273972602,-2.3828173911829773,42
Dušan Tadić,Serbia,Center Attacking Midfield,160,88,76,86.36363636363636,23.684210526315788,18,0.0,3,61.11111111111112,18,10.344827586206897,58,-0.412980757071868,14.057056877137196,6.822038060032662,51,10.125,6.187500000000001,3.375,1.0253437038353503,68
Alejandro Grimaldo García,Spain,Left Back,119,104,91,87.5,9.89010989010989,9,0.0,2,55.55555555555556,9,10.975609756097562,82,-4.584720728813573,-4.806535008259059,-4.6956278685363175,89,6.80672268907563,3.781512605042017,6.80672268907563,-1.0872488204486648,82
Cole Palmer,England,Right Wing,152,78,67,85.8974358974359,25.37313432835821,17,100.0,5,64.70588235294117,17,10.0,50,2.159087977858196,10.717068548065738,6.438078262961969,67,10.06578947368421,6.5131578947368425,2.960526315789473,1.4993869954399266,63
Volodymyr Brazhko,Ukraine,Center Defensive Midfield,178,85,82,96.47058823529412,51.21951219512195,42,,0,66.66666666666666,42,7.5,40,-4.13596607114892,18.359582639542104,7.111808284196591,73,21.235955056179776,14.157303370786517,1.5168539325842696,3.1821407167936084,78
Kasper Schmeichel,Denmark,Goalkeeper,360,113,51,45.13274336283185,0.0,0,,0,,0,5.88235294117647,51,-15.486130935925916,-104.3174854839189,-59.90180820992241,8,0.0,0.0,0.75,-8.363935512632546,40
Márton Dárdai,Hungary,Left Center Back,180,92,79,85.86956521739131,6.329113924050633,5,100.0,1,20.0,5,8.108108108108109,74,-0.250836166338386,-30.085425095904707,-15.168130631121546,41,2.5,0.5,3.0,-3.4235744132698933,66
Davide Frattesi,Italy,Right Center Midfield,185,60,45,75.0,60.0,27,66.66666666666666,3,48.14814814814815,27,5.555555555555555,18,-5.02523836546062,24.84735174255093,9.911056688545155,40,13.135135135135137,6.324324324324325,0.4864864864864865,3.61863205157691,41
Milos Kerkez,Hungary,Left Wing Back,233,80,77,96.25,19.480519480519483,15,0.0,1,66.66666666666666,15,8.064516129032258,62,-20.28584839792572,3.6969351801502026,-8.29445660888776,48,5.793991416309012,3.862660944206009,1.931330472103004,1.1292731188192542,58
Alexander Prass,Austria,Left Back,177,92,70,76.08695652173914,20.0,14,60.0,5,35.714285714285715,14,26.785714285714285,56,7.5403283414086255,1.3588070967672403,4.449567719087932,58,7.118644067796611,2.542372881355932,7.627118644067796,-0.8941806013174828,57
Barnabás Varga,Hungary,Center Forward,255,51,48,94.11764705882352,79.16666666666666,38,50.0,4,23.684210526315788,38,30.0,10,-18.23808192791775,35.7541855057152,8.758051788898724,30,13.411764705882351,3.176470588235294,1.0588235294117647,8.633451643146083,37
João Félix Sequeira,Portugal,Left Attacking Midfield,108,76,72,94.73684210526316,30.55555555555556,22,60.0,5,68.18181818181817,22,20.0,50,-5.638716142197396,12.710564485347826,3.5359241715752154,72,18.33333333333333,12.5,8.333333333333332,1.719784641923178,64
Romano Schmid,Austria,Right Wing,151,72,65,90.2777777777778,47.69230769230769,31,66.66666666666666,3,35.483870967741936,31,14.705882352941178,34,-0.8508495480536165,18.38180013899246,8.765475295469418,56,18.47682119205298,6.556291390728477,2.980132450331126,3.5521953256956347,51
Kacper Urbanski,Poland,Left Center Forward,154,50,47,94.0,68.08510638297872,32,100.0,3,62.5,32,0.0,15,7.425333368841224,24.428274847071087,15.926804107956151,31,18.701298701298704,11.688311688311687,0.0,5.411178132469366,44
Predrag Rajković,Serbia,Goalkeeper,263,104,38,36.53846153846153,0.0,0,,0,,0,2.631578947368421,38,22.672847659122056,-53.80753828173631,-15.567345311307124,4,0.0,0.0,0.3422053231939163,-5.348726408552861,17
Donyell Malen,Netherlands,Right Wing,196,56,48,85.71428571428571,33.33333333333333,16,50.0,2,62.5,16,15.625,32,-2.676841118709106,20.266243873429875,8.794701377360385,39,7.346938775510203,4.591836734693878,2.295918367346939,3.377547947217829,36
Oleksandr Tymchyk,Ukraine,Right Back,200,81,66,81.48148148148148,13.636363636363637,9,,0,33.33333333333333,9,17.543859649122805,57,-10.1335847512867,-15.168881005435647,-12.651232878361174,22,4.05,1.35,4.5,-1.2709356017308397,51
Bendegúz Bolla,Hungary,Right Wing Back,205,69,55,79.71014492753623,18.181818181818183,10,,0,60.0,10,24.444444444444443,45,-8.709202692466045,9.854359450760295,0.5725783791471257,32,4.390243902439025,2.6341463414634148,4.829268292682927,0.972968477637022,46
Robin Hranáč,Czech Republic,Center Back,278,92,72,78.26086956521739,19.444444444444446,14,50.0,2,57.14285714285714,14,8.620689655172415,58,2.612278653677633,-8.919735822450896,-3.153728584386632,21,4.532374100719425,2.589928057553957,1.618705035971223,-3.2272597563415526,64
Sergej Milinković-Savić,Serbia,Center Defensive Midfield,129,75,64,85.33333333333334,51.5625,33,0.0,2,66.66666666666666,33,9.67741935483871,31,-7.344744665863504,18.170515419058763,5.412885376597627,52,23.02325581395349,15.348837209302326,2.0930232558139537,2.6003320404116277,54
Randal Kolo Muani,France,Center Forward,207,40,34,85.0,64.70588235294117,22,50.0,4,40.909090909090914,22,41.66666666666667,12,-11.741194494112635,28.124577309176377,8.191691407531872,34,9.565217391304348,3.9130434782608696,2.1739130434782608,8.374093593046402,24
Kieran Tierney,Scotland,Left Center Back,133,93,85,91.39784946236558,7.0588235294117645,6,0.0,1,16.666666666666664,6,8.860759493670885,79,10.332671387323597,-17.866236289617383,-3.766782451146893,61,4.060150375939849,0.6766917293233082,4.7368421052631575,-2.699375795482605,66
Salih Özcan,Turkey,Right Defensive Midfield,151,72,66,91.66666666666666,46.96969696969697,31,50.0,2,61.29032258064516,31,5.714285714285714,35,11.49026162752342,17.622562782308496,14.556412204915958,65,18.47682119205298,11.324503311258278,1.1920529801324504,5.828626691715491,57
David Jurásek,Czech Republic,Left Wing Back,158,75,61,81.33333333333333,11.475409836065571,7,100.0,1,0.0,7,9.25925925925926,54,7.081460351190506,-10.443156972517638,-1.680848310663566,15,3.9873417721518982,0.0,2.848101265822785,-1.5605555750376359,39
Patrick Wimmer,Austria,Right Wing,149,48,42,87.5,54.761904761904766,23,100.0,4,34.78260869565217,23,26.31578947368421,19,-12.426591654800792,12.16550533930892,-0.1305431577459344,37,13.89261744966443,4.832214765100671,3.0201342281879198,1.9050341315656434,33
Che Adams,Scotland,Center Forward,209,33,29,87.87878787878788,79.3103448275862,23,100.0,5,52.17391304347826,23,50.0,6,-7.461338162312103,41.74819597640268,17.143428907045287,17,9.904306220095696,5.167464114832536,1.291866028708134,7.431623070134979,25
Scott McKenna,Scotland,Left Center Back,145,91,79,86.81318681318682,12.658227848101266,10,0.0,1,20.0,10,7.246376811594203,69,12.970587759829163,-16.58748987035107,-1.8084510552609547,62,6.206896551724138,1.2413793103448276,3.103448275862069,-0.884408767854347,68
Luke Shaw,England,Left Back,174,87,67,77.01149425287356,7.462686567164178,5,100.0,1,40.0,5,14.516129032258066,62,-12.211441357739616,-7.7245539876917935,-9.967997672715706,67,2.586206896551724,1.0344827586206895,4.655172413793103,-1.670679048661498,64
Péter Gulácsi,Hungary,Goalkeeper,275,95,53,55.78947368421052,0.0,0,,0,,0,1.8867924528301887,53,-28.09283473830539,-109.085368251263,-68.58910149478419,11,0.0,0.0,0.3272727272727272,-3.7819720209814145,21
Nico Schlotterbeck,Germany,Left Center Back,119,88,79,89.77272727272727,11.39240506329114,9,,0,33.33333333333333,9,31.428571428571427,70,-23.130603234790318,-13.6053464553094,-18.367974845049854,78,6.80672268907563,2.26890756302521,16.638655462184875,-2.2291001608059817,76
Jesús Navas González,Spain,Right Back,159,74,61,82.43243243243244,8.19672131147541,5,100.0,1,60.0,5,14.285714285714285,56,-7.266139714162311,-10.608542805267456,-8.937341259714882,56,2.830188679245283,1.6981132075471697,4.528301886792453,-2.8641807767911662,33
Tomáš Suslov,Slovakia,Left Wing,133,53,42,79.24528301886792,30.952380952380956,13,0.0,2,53.84615384615385,13,13.79310344827586,29,8.1914867966791,12.144322081940713,10.167904439309904,34,8.796992481203008,4.7368421052631575,2.706766917293233,1.4560212627367115,37
Jasir Asani,Albania,Right Wing,209,39,37,94.87179487179486,13.513513513513514,5,100.0,1,80.0,5,15.625,32,9.647041519496725,26.02725597217376,17.83714874583524,18,2.15311004784689,1.7224880382775118,2.15311004784689,2.4749938844729567,27
Danilo Luís Hélio Pereira,Portugal,Center Back,93,88,77,87.5,2.5974025974025974,2,,0,50.0,2,5.333333333333334,75,19.533257514783465,-25.699478051710965,-3.083110268463751,77,1.935483870967742,0.967741935483871,3.870967741935484,-4.523266254102382,43
Gianluca Scamacca,Italy,Center Forward,248,52,43,82.6923076923077,86.04651162790698,37,60.0,5,29.72972972972973,37,16.666666666666664,6,-17.054541424486743,27.26355022164462,5.104504398578939,39,13.42741935483871,3.991935483870968,0.3629032258064516,11.001108588046048,37
Emre Can,Germany,Right Defensive Midfield,101,72,68,94.44444444444444,51.47058823529412,35,100.0,3,68.57142857142857,35,9.090909090909092,33,-6.755577720506813,17.53974451177346,5.392083395633325,67,31.188118811881186,21.386138613861384,2.673267326732673,1.648530936532071,65
Paweł Dawidowicz,Poland,Center Back,183,75,62,82.66666666666667,3.225806451612903,2,,0,50.0,2,11.666666666666666,60,3.594368165362546,-31.64947269676013,-14.027552265698796,49,0.9836065573770492,0.4918032786885246,3.4426229508196724,-2.5338442555904104,56
John McGinn,Scotland,Left Center Forward,228,44,39,88.63636363636364,58.97435897435898,23,100.0,2,56.52173913043478,23,18.75,16,-19.63398480405756,25.708475728272767,3.037245462107601,22,9.078947368421051,5.13157894736842,1.1842105263157894,4.988099499979909,31
Heorhii Tsitaishvili,Georgia,Left Wing Back,188,67,43,64.17910447761194,2.3255813953488373,1,,0,0.0,1,21.428571428571427,42,-8.583035545382472,-30.818090052947408,-19.70056279916494,20,0.4787234042553191,0.0,4.308510638297872,-1.1733153921833104,33
Dominik Livaković,Croatia,Goalkeeper,284,90,53,58.88888888888889,5.660377358490567,3,100.0,1,100.0,3,4.0,50,26.16357270103616,-116.21837464944892,-45.02740097420638,6,0.9507042253521126,0.9507042253521126,0.6338028169014085,-0.48288087449035033,44
Lutsharel Geertruida,Netherlands,Right Back,116,84,65,77.38095238095238,9.230769230769232,6,50.0,2,50.0,6,22.033898305084744,59,-5.927303158914918,7.042432322746056,0.5575645819155686,64,4.655172413793103,2.327586206896552,10.086206896551724,-1.5423035598997932,53
Thomas Strakosha,Albania,Goalkeeper,281,89,69,77.52808988764045,1.4492753623188406,1,,0,100.0,1,4.411764705882353,68,-0.6978339985669493,-155.909400932634,-78.30361746560048,4,0.3202846975088967,0.3202846975088967,0.9608540925266904,-4.527872279205388,51
Attila Fiola,Hungary,Right Center Back,178,69,65,94.20289855072464,7.6923076923076925,5,0.0,2,40.0,5,15.0,60,3.9714667497567566,-36.46748653258479,-16.248009891414014,46,2.528089887640449,1.0112359550561798,4.550561797752809,-2.7323138991504456,45
Qazim Laçi,Albania,Center Attacking Midfield,164,52,48,92.3076923076923,58.333333333333336,28,66.66666666666666,3,50.0,28,10.0,20,-3.814671806959108,33.596135239059485,14.890731716050189,26,15.365853658536588,7.682926829268293,1.0975609756097562,6.796051788910513,38
Ivan Perišić,Croatia,Left Back,142,63,47,74.60317460317461,8.51063829787234,4,0.0,1,50.0,4,9.30232558139535,43,-12.388376947807744,-16.47696574852113,-14.43267134816444,24,2.535211267605634,1.267605633802817,2.535211267605634,-1.9419164317098463,27
Orel Mangala,Belgium,Left Defensive Midfield,134,68,60,88.23529411764706,21.666666666666668,13,100.0,1,92.3076923076923,13,17.02127659574468,47,-9.717396419152085,8.011227536493942,-0.8530844413290696,60,8.73134328358209,8.059701492537313,5.3731343283582085,0.3657208382266422,58
Ádám Nagy,Hungary,Right Defensive Midfield,165,70,66,94.28571428571428,39.39393939393939,26,100.0,1,34.61538461538461,26,12.5,40,2.3118383541323246,12.626955411092997,7.469396882612663,50,14.18181818181818,4.909090909090909,2.7272727272727275,2.5028234673381125,59
Gernot Trauner,Austria,Left Center Back,94,77,70,90.9090909090909,11.428571428571429,8,,0,37.5,8,25.806451612903224,62,-1.2546135255692124,-14.192226807088137,-7.723420166328675,68,7.659574468085106,2.8723404255319145,15.319148936170212,-2.315503821453953,66
Conor Gallagher,England,Right Defensive Midfield,119,55,50,90.9090909090909,46.0,23,50.0,2,60.86956521739131,23,11.11111111111111,27,-2.4405652155193964,18.577375314275407,8.068405049378004,50,17.39495798319328,10.588235294117649,2.26890756302521,4.874736176875636,48
Ferrán Torres García,Spain,Right Wing,148,45,39,86.66666666666667,30.76923076923077,12,,0,50.0,12,11.11111111111111,27,4.127468028836951,-2.716457911823208,0.705505058506872,39,7.297297297297297,3.6486486486486487,1.8243243243243243,1.4783834609347999,29
David Strelec,Slovakia,Center Forward,179,40,36,90.0,72.22222222222221,26,83.33333333333334,6,23.07692307692308,26,10.0,10,3.834989963700944,36.26059628411458,20.04779312390776,32,13.072625698324025,3.016759776536313,0.5027932960893855,11.686473046302735,29
Rey Manaj,Albania,Center Forward,159,26,21,80.76923076923077,76.19047619047619,16,33.33333333333333,3,43.75,16,0.0,5,-14.26545643617651,33.479629597082244,9.607086580452869,14,9.056603773584904,3.962264150943396,0.0,11.330646287930334,19
Mykhailo Mudryk,Ukraine,Left Midfield,176,52,47,90.3846153846154,44.680851063829785,21,50.0,2,57.14285714285714,21,19.230769230769237,26,-13.98043073635229,11.346644203629063,-1.3168932663616122,26,10.738636363636363,6.136363636363636,2.5568181818181817,2.5802598574877282,27
Niclas Füllkrug,Germany,Center Forward,167,41,37,90.2439024390244,81.08108108108108,30,66.66666666666666,3,36.66666666666666,30,14.285714285714285,7,-21.652386729421792,27.358976316858765,2.8532947937184847,32,16.167664670658684,5.928143712574851,0.5389221556886228,8.657917539315168,30
Patrik Schick,Czech Republic,Center Forward,127,35,29,82.85714285714286,75.86206896551724,22,100.0,2,31.818181818181817,22,14.285714285714285,7,-17.65961567700899,30.348192857973665,6.344288590482338,18,15.59055118110236,4.960629921259843,0.7086614173228346,9.209400896096145,26
Zuriko Davitashvili,Georgia,Left Center Forward,120,39,33,84.61538461538461,48.48484848484848,16,100.0,2,56.25,16,23.52941176470588,17,-1.4546718364074973,18.73460765781949,8.639967910705998,22,12.0,6.75,3.0,4.928675935467465,29
Artem Dovbyk,Ukraine,Center Forward,247,35,24,68.57142857142857,75.0,18,50.0,4,38.88888888888889,18,16.666666666666664,6,-32.186735220962795,25.58267031850868,-3.302032451227059,10,6.558704453441295,2.5506072874493926,0.3643724696356275,7.801159416089636,15
Dušan Vlahović,Serbia,Left Attacking Midfield,179,30,27,90.0,55.55555555555556,15,60.0,5,40.0,15,8.333333333333332,12,-6.565932078285927,33.6550111761741,13.544539548944089,17,7.541899441340782,3.016759776536313,0.5027932960893855,5.046768554867113,20
Muhammed Kerem Aktürkoğlu,Turkey,Left Wing,117,37,30,81.08108108108108,36.66666666666666,11,,0,18.181818181818183,11,15.789473684210526,19,-0.6332026291499022,16.812950152550464,8.089873761700282,26,8.461538461538462,1.5384615384615383,2.3076923076923075,4.308245889872341,23
Otar Kiteishvili,Georgia,Center Defensive Midfield,131,51,47,92.15686274509804,70.2127659574468,33,100.0,2,57.57575757575758,33,14.285714285714285,14,6.107591545597081,28.094813659591875,17.101202602594476,43,22.67175572519084,13.053435114503817,1.3740458015267174,6.420443146446873,39
Gianluca Mancini,Italy,Right Center Back,90,67,54,80.59701492537313,1.851851851851852,1,,0,0.0,1,13.20754716981132,53,-2.795474830226648,-30.351395938301064,-16.573435384263853,48,1.0,0.0,7.0,-3.563327249835285,43
Wout Weghorst,Netherlands,Center Forward,158,32,26,81.25,80.76923076923077,21,80.0,5,19.047619047619047,21,60.0,5,-16.681176737459154,31.244412091991983,7.28161767726642,24,11.962025316455694,2.278481012658228,1.7088607594936709,10.809504082486676,20
Solomon Kverkvelia,Georgia,Right Center Back,180,62,56,90.32258064516128,7.142857142857142,4,,0,25.0,4,19.230769230769237,52,-2.639067525217091,-49.23448950330178,-25.936778514259437,48,2.0,0.5,5.0,-4.338340692635464,38
Nélson Cabral Semedo,Portugal,Right Back,101,56,46,82.14285714285714,13.043478260869565,6,100.0,2,100.0,6,10.0,40,-15.999141782975748,8.436617205221895,-3.781262288876928,45,5.346534653465346,5.346534653465346,3.5643564356435644,-1.0109982001192948,43
Filip Mladenović,Serbia,Left Wing Back,113,65,43,66.15384615384615,11.627906976744184,5,100.0,2,40.0,5,21.052631578947366,38,-6.09520949756359,2.494207813284564,-1.8005008421395137,26,3.982300884955752,1.592920353982301,6.371681415929204,1.2894429470622704,24
Anatolii Trubin,Ukraine,Goalkeeper,187,71,50,70.4225352112676,0.0,0,,0,,0,8.0,50,15.949664199947163,-64.54488710087914,-24.297611450465983,5,0.0,0.0,1.925133689839572,-4.5799095352821055,38
Jindřich Staněk,Czech Republic,Goalkeeper,232,74,45,60.810810810810814,2.2222222222222223,1,,0,100.0,1,9.090909090909092,44,32.03485557185794,-80.74314235684214,-24.3541433924921,1,0.3879310344827586,0.3879310344827586,1.5517241379310345,-5.898379582121227,17
Josip Juranović,Croatia,Right Back,104,63,51,80.95238095238095,3.92156862745098,2,,0,0.0,2,16.3265306122449,49,3.7802441264613953,-21.781554447518545,-9.000655160528575,43,1.7307692307692308,0.0,6.923076923076923,-2.8929807307604274,39
Elseid Hysaj,Albania,Right Back,183,58,41,70.6896551724138,12.195121951219512,5,100.0,1,60.0,5,13.88888888888889,36,-5.35828832609748,-9.10016587784602,-7.229227101971749,17,2.459016393442623,1.475409836065574,2.459016393442623,0.44580039809998556,32
Sebastian Szymański,Poland,Right Center Midfield,111,35,26,74.28571428571429,65.38461538461539,17,0.0,1,35.294117647058826,17,11.11111111111111,9,-16.10556430357465,17.91752687262721,0.9059812845262816,14,13.783783783783782,4.864864864864865,0.8108108108108109,4.5114245487151265,24
Robert Lewandowski,Poland,Left Center Forward,127,26,22,84.61538461538461,81.81818181818183,18,100.0,2,55.55555555555556,18,25.0,4,-3.933028461282383,28.44389221383848,12.255431876278053,16,12.755905511811024,7.086614173228346,0.7086614173228346,9.69156155970445,18
Wojciech Szczęsny,Poland,Goalkeeper,185,65,48,73.84615384615385,0.0,0,,0,,0,4.166666666666666,48,-5.541784986101734,-81.73516032658881,-43.63847265634527,12,0.0,0.0,0.972972972972973,-2.517605311502948,23
Ezri Konsa Ngoyo,England,Left Center Back,91,51,45,88.23529411764706,4.444444444444445,2,,0,50.0,2,9.30232558139535,43,1.6428728597569382,-19.898941685535316,-9.128034412889187,40,1.978021978021978,0.989010989010989,3.956043956043956,-1.6148496833826738,36
Attila Szalai,Hungary,Left Center Back,99,61,52,85.24590163934425,7.6923076923076925,4,,0,25.0,4,8.333333333333332,48,-2.510081863210865,-16.475361639865113,-9.49272175153799,48,3.6363636363636367,0.9090909090909092,3.6363636363636367,-1.7438674477132607,48
Luka Lochoshvili,Georgia,Left Wing Back,166,53,37,69.81132075471697,10.81081081081081,4,100.0,1,50.0,4,3.0303030303030303,33,-10.151387665094244,3.719507783949921,-3.215939940572163,25,2.168674698795181,1.0843373493975903,0.5421686746987953,1.302400533599619,31
Bradley Barcola,France,Left Wing,104,34,25,73.52941176470588,20.0,5,100.0,1,60.0,5,25.0,20,-1.662089260028805,21.19322943901043,9.765570089490812,25,4.3269230769230775,2.5961538461538463,4.3269230769230775,1.7591770097334758,22
Roman Yaremchuk,Ukraine,Left Center Forward,125,28,27,96.42857142857144,66.66666666666666,18,100.0,4,33.33333333333333,18,22.22222222222222,9,3.0085711595070554,37.79453548103196,20.401553320269503,18,12.96,4.32,1.44,6.640315437163172,19
Valentin Mihai Mihăilă,Romania,Left Midfield,112,30,26,86.66666666666667,65.38461538461539,17,100.0,2,41.17647058823529,17,11.11111111111111,9,-13.94798630377462,11.041343514768071,-1.453321394503272,21,13.660714285714285,5.625,0.8035714285714285,4.601097824288564,16
Andriy Yarmolenko,Ukraine,Right Midfield,110,50,45,90.0,40.0,18,50.0,2,50.0,18,25.925925925925924,27,-2.0958940144282168,15.747463823085322,6.8257849043285495,22,14.727272727272728,7.363636363636363,5.727272727272727,1.6668045291533702,34
Ante Budimir,Croatia,Center Forward,133,15,12,80.0,58.333333333333336,7,100.0,1,14.285714285714285,7,0.0,5,-9.844774653030642,24.00343427543973,7.079329811204544,8,4.7368421052631575,0.6766917293233082,0.0,6.0248449726402,8
Diogo José Teixeira da Silva,Portugal,Left Center Forward,93,36,34,94.44444444444444,52.94117647058824,18,33.33333333333333,3,44.44444444444444,18,6.25,16,-8.792691231668835,17.99728233032457,4.60229554932787,34,17.419354838709676,7.741935483870968,0.967741935483871,2.7378990205139635,28
Michael Gregoritsch,Austria,Center Forward,135,32,29,90.625,72.41379310344827,21,75.0,4,33.33333333333333,21,37.5,8,-15.19637540937608,28.849638532710664,6.826631561667294,26,14.0,4.666666666666667,2.0,8.451545939723747,25
Andreas Skov Olsen,Denmark,Right Attacking Midfield,124,40,33,82.5,39.39393939393939,13,50.0,2,46.15384615384615,13,15.0,20,-11.075958742421498,12.143841700032196,0.5339414788053469,24,9.435483870967742,4.354838709677419,2.177419354838709,3.4917923557367474,22
Mehmet Zeki Çelik,Turkey,Right Back,113,54,40,74.07407407407408,17.5,7,,0,14.285714285714285,7,21.21212121212121,33,-15.872370991625502,4.760983727774864,-5.555693631925319,30,5.575221238938053,0.7964601769911505,5.575221238938053,1.0923887466443993,30
Mario Pašalić,Croatia,Right Wing,125,42,41,97.61904761904762,43.90243902439025,18,100.0,3,38.88888888888889,18,17.391304347826086,23,-9.101120393806491,14.724444310023536,2.8116619581085183,37,12.96,5.04,2.88,4.508586489572532,36
Bartosz Slisz,Poland,Center Defensive Midfield,111,43,40,93.02325581395348,50.0,20,66.66666666666666,3,45.0,20,10.0,20,6.3296075862808605,4.652849070111571,5.491228328196216,22,16.216216216216214,7.297297297297297,1.6216216216216215,1.7587969184571448,31
Mateo Retegui,Italy,Center Forward,162,17,16,94.11764705882352,93.75,15,33.33333333333333,3,26.666666666666668,15,0.0,1,-12.451234788588591,38.61844453878152,13.083604875096466,12,8.333333333333332,2.2222222222222223,0.0,14.509631497745385,13
Eberechi Eze,England,Left Wing,101,38,34,89.47368421052632,29.411764705882355,10,0.0,1,60.0,10,8.333333333333332,24,1.841917908437868,21.093051305702,11.467484607069936,32,8.910891089108912,5.346534653465346,1.7821782178217822,1.4213478056455344,31
Mattia Zaccagni,Italy,Left Midfield,90,37,26,70.27027027027027,19.230769230769237,5,,0,40.0,5,19.047619047619047,21,2.297457991786194,7.078047651269825,4.68775282152801,22,5.0,2.0,4.0,-0.7466485300179408,25
Adam Buksa,Poland,Left Center Forward,153,10,8,80.0,50.0,4,100.0,2,75.0,4,25.0,4,-8.585845559159502,34.53315425773736,12.973654349288928,5,2.3529411764705883,1.7647058823529411,0.5882352941176471,9.530181791631863,7
Ryan Christie,Scotland,Center Forward,102,21,16,76.19047619047619,62.5,10,60.0,5,70.0,10,0.0,6,9.212265214173948,27.181081107610108,18.196673160892026,11,8.823529411764707,6.176470588235294,0.0,6.744392981267164,12
Kwadwo Duah,Switzerland,Center Forward,109,24,20,83.33333333333334,80.0,16,50.0,4,25.0,16,25.0,4,-18.082059748752645,28.439948050934508,5.17894415109093,20,13.211009174311927,3.302752293577982,0.8256880733944955,11.756080633155143,19
Mojmír Chytil,Czech Republic,Center Forward,113,14,11,78.57142857142857,63.63636363636363,7,,0,28.57142857142857,7,0.0,4,5.900780176870074,21.245141948736247,13.57296106280316,4,5.575221238938053,1.592920353982301,0.0,10.296835656328202,8
Giorgi Gvelesiani,Georgia,Right Center Back,164,40,34,85.0,11.76470588235294,4,,0,25.0,4,10.0,30,-12.12542327096811,-7.903304829612823,-10.014364050290466,27,2.1951219512195124,0.5487804878048781,1.646341463414634,-1.7897108922636222,15
Florinel Teodor Coman,Romania,Left Midfield,118,31,28,90.32258064516128,46.42857142857143,13,50.0,2,46.15384615384615,13,20.0,15,-5.1139825592000765,25.692520034964588,10.289268737882256,20,9.915254237288137,4.576271186440678,2.288135593220339,4.55001768851627,21
Adam Hložek,Czech Republic,Left Attacking Midfield,106,16,14,87.5,64.28571428571429,9,100.0,2,77.77777777777779,9,0.0,5,-11.864935300744843,31.40610997034253,9.770587334798844,6,7.641509433962264,5.943396226415095,0.0,5.4822908614207995,12
Jeremie Frimpong,Netherlands,Right Wing,90,27,20,74.07407407407408,25.0,5,50.0,2,20.0,5,6.666666666666667,15,4.324689681948616,3.031937337944612,3.678313509946614,20,5.0,1.0,1.0,0.46747894160910275,16
Jure Balkovec,Slovenia,Left Back,121,37,28,75.67567567567568,10.714285714285714,3,,0,33.33333333333333,3,16.0,25,-4.905518009682518,-18.1122655645351,-11.508891787108809,20,2.231404958677686,0.743801652892562,2.975206611570248,-1.0717651029923938,20
Taulant Sulejmanov,Albania,Left Midfield,100,26,21,80.76923076923077,42.85714285714285,9,100.0,3,33.33333333333333,9,8.333333333333332,12,-3.41041642212914,24.81733089477857,10.703457236324718,14,8.1,2.7,0.9,8.32811691819988,18
Endre Botka,Hungary,Right Center Back,97,41,38,92.6829268292683,2.631578947368421,1,100.0,1,0.0,1,13.513513513513514,37,10.5834997883319,-17.766462368467284,-3.5914812900676925,29,0.9278350515463918,0.0,4.639175257731958,0.7803349663435316,31
Armando Broja,Albania,Center Forward,107,17,16,94.11764705882352,62.5,10,0.0,1,40.0,10,0.0,6,-4.744605609092125,44.771414216802064,20.013404303854973,10,8.411214953271028,3.364485981308411,0.0,9.536385730787297,14
Luka Jović,Serbia,Left Center Forward,110,20,16,80.0,81.25,13,50.0,2,46.15384615384615,13,0.0,3,-14.179630179646864,14.642341049701646,0.2313554350273897,15,10.636363636363637,4.909090909090909,0.0,6.560806383704787,14
David Raya Martin,Spain,Goalkeeper,94,41,30,73.17073170731707,0.0,0,,0,,0,20.0,30,1.3083802637208377,-33.00005650259095,-15.845838119435056,29,0.0,0.0,5.744680851063829,-7.642517074656176,19
Bruno Petković,Croatia,Center Forward,90,21,19,90.47619047619048,89.47368421052632,17,66.66666666666666,3,29.411764705882355,17,0.0,2,-34.58084318816607,19.61982545268453,-7.480508867740774,17,17.0,5.0,0.0,5.571926033667292,15
Karol Świderski,Poland,Right Center Forward,99,16,12,75.0,58.333333333333336,7,,0,42.85714285714285,7,20.0,5,13.344388515547086,20.92422583543388,17.134307175490484,7,6.363636363636363,2.7272727272727275,0.9090909090909092,9.489864879213242,11
Altay Bayındır,Turkey,Goalkeeper,94,35,29,82.85714285714286,0.0,0,,0,,0,3.4482758620689653,29,-22.112801160710607,-10.362828528148285,-16.237814844429447,27,0.0,0.0,0.9574468085106382,-4.207693955804594,29
Jon Gorenc Stankovič,Slovenia,Left Defensive Midfield,92,22,21,95.45454545454544,76.19047619047619,16,,0,37.5,16,0.0,5,14.41456002493249,22.43325455235506,18.423907288643772,19,15.652173913043478,5.869565217391304,0.0,5.902554044419804,20
Jan Kuchta,Czech Republic,Left Center Forward,98,13,12,92.3076923076923,58.333333333333336,7,,0,42.85714285714285,7,0.0,5,-31.1505645076348,-8.5859244057763,-19.86824445670555,4,6.428571428571428,2.7551020408163263,0.0,10.153407967784334,11
Łukasz Skorupski,Poland,Goalkeeper,92,29,13,44.82758620689656,0.0,0,,0,,0,23.07692307692308,13,-33.52301110003976,-14.709490986628076,-24.116251043333925,8,0.0,0.0,2.934782608695652,-3.863312604790226,8
Andriy Lunin,Ukraine,Goalkeeper,94,24,8,33.33333333333333,0.0,0,,0,,0,12.5,8,-19.97511275836869,10.337860252708444,-4.818626252830123,8,0.0,0.0,0.9574468085106382,-3.9951345909188993,2
