team_in_possession,ball_zone_x,ball_zone_y,mean_norm_hull,mean_dist_k,n_frames
Albania,0,2,68.80285819629742,14.043707563198137,10
Albania,0,3,67.879507821229,26.75297854571967,16
Albania,0,4,70.28577917535445,20.95466326659989,15
Albania,1,0,70.38041915145565,12.675149528034957,12
Albania,1,3,65.05998985187838,15.489316844036393,22
Albania,1,4,67.93880207341992,13.592395728855653,19
Albania,2,0,70.31028250081077,9.746893576671308,18
Albania,2,1,72.1345849986535,10.015286498223118,21
Albania,2,2,64.78918153036606,13.732030776517485,17
Albania,2,3,44.282217788122416,11.123951224881607,12
Albania,2,4,52.29410458508055,10.560706075590398,10
Albania,2,5,60.90353414422975,14.073369429422156,16
Albania,3,0,72.36824420663301,10.86163297374721,16
Albania,3,1,67.04642101509164,11.436588122445038,13
Albania,3,2,65.40673072378789,12.58128955013476,20
Albania,3,3,60.75386670764612,11.763690762322787,12
Albania,3,4,63.29125155404578,11.544950662345428,14
Albania,3,5,69.86264099782642,13.908292067350116,17
Albania,3,6,64.04782892191967,10.730057999025323,14
Albania,4,0,73.92610968361939,10.920406555079108,30
Albania,4,1,67.00851824843441,9.686003194818293,21
Albania,4,2,60.712169678686855,11.568431864636896,26
Albania,4,3,59.77899364640804,12.652972222603267,19
Albania,4,4,57.100518570170564,11.640659789205632,13
Albania,4,5,63.479767816978104,12.921858351795489,28
Albania,4,6,65.3698729486217,11.448900811468222,13
Albania,4,7,76.08947149030394,10.802067497907673,14
Albania,5,0,70.64833540970585,10.466099036883874,24
Albania,5,1,67.68940590732137,9.22348187644537,25
Albania,5,2,57.09268490546545,10.742237011689385,29
Albania,5,3,57.831039215839176,10.95527578638667,12
Albania,5,4,64.22707634632157,10.72720724305593,19
Albania,5,5,62.52350841852794,11.713994089139627,13
Albania,5,6,61.578327973508344,12.283992045920943,14
Albania,5,7,70.22106412584047,10.684675447760783,11
Albania,6,0,64.54197232829539,10.777117204290706,24
Albania,6,1,61.409754608342006,9.584289453084592,20
Albania,6,2,54.506679318862524,11.92763612854673,18
Albania,6,3,55.27896125959938,8.89793212413037,13
Albania,6,4,50.19976106569958,10.870383938755316,11
Albania,6,5,56.158585206089015,9.728338214290284,12
Albania,6,7,69.19163605360347,9.808335445382298,17
Albania,7,0,60.03708838854252,10.319232356714883,19
Albania,7,1,57.00555906743758,9.499452585042361,14
Albania,7,2,54.12031198810987,6.978597450711712,11
Albania,7,6,62.94762637802298,10.919148247047652,11
Albania,7,7,59.82274398217387,10.099736120247929,14
Albania,8,0,59.36574757853735,10.13302855508591,13
Albania,9,0,50.78984006271876,10.073115842589157,16
Austria,0,3,85.56818388939952,19.750988544375865,14
Austria,0,4,116.68934878575722,19.50597406311332,10
Austria,1,3,64.18243192590784,18.700056982131674,12
Austria,1,4,72.99411594851925,16.9729965437899,27
Austria,1,5,71.99281390706024,14.286866398771167,18
Austria,2,1,65.67906034289138,13.606806785817229,14
Austria,2,2,65.05041589704474,14.895485241446078,15
Austria,2,3,71.47869264221653,15.504034655549162,15
Austria,2,4,78.47118013010385,13.71587648799045,26
Austria,2,5,71.36644616518589,12.478022361212249,21
Austria,2,6,87.61784608845785,15.853405600416066,11
Austria,2,7,95.03054027459333,13.511983677692823,11
Austria,3,0,77.29308643251379,15.419710181963994,12
Austria,3,1,64.17515451524895,14.02106094516927,17
Austria,3,2,62.36127577064423,11.871818280793736,21
Austria,3,3,65.87887410406869,12.821865848950424,19
Austria,3,4,66.6718237016975,14.004735917649226,15
Austria,3,5,56.60059463470489,12.872592828270976,16
Austria,3,6,74.52667296255773,12.581308456765916,17
Austria,3,7,80.73845440912247,11.787761741714064,17
Austria,4,0,76.7471538476419,12.234009490597128,20
Austria,4,1,64.15649014840766,13.13702518008318,14
Austria,4,2,62.84875919903869,12.294507389895218,35
Austria,4,3,59.688211399733035,12.510228175104036,36
Austria,4,4,54.58575456324953,12.161367365940707,20
Austria,4,5,71.7821315347411,10.74419720253907,29
Austria,4,6,82.31889655158542,11.980324007770916,17
Austria,4,7,70.77782180037602,11.617916012438029,23
Austria,5,0,76.36925073504284,11.598596765708008,22
Austria,5,1,69.42345446552562,13.08655878325284,16
Austria,5,2,57.670783811050335,12.677973538546675,33
Austria,5,3,56.13836577754108,9.7121164743817,33
Austria,5,4,58.389713876677014,10.482299544682272,31
Austria,5,5,55.88916429435544,11.009411843313154,25
Austria,5,6,77.46054762572479,10.829973287657884,19
Austria,5,7,67.87736426366136,10.156710431467335,20
Austria,6,0,61.3977902910314,10.308716879796238,20
Austria,6,1,61.00241315250997,9.728779213383413,34
Austria,6,2,56.8564474544306,9.40826128602343,27
Austria,6,3,51.72676242008541,10.009011775562374,32
Austria,6,4,47.14716408354258,9.567529231851212,35
Austria,6,5,55.160214251750666,10.580260154573537,28
Austria,6,6,56.615252259777634,10.364916960321331,16
Austria,6,7,62.425717547673,10.645689665386067,23
Austria,7,0,65.90635293655313,11.457316325631464,30
Austria,7,1,56.07585256880762,9.424817028531399,27
Austria,7,2,47.21046701889005,9.656282693605485,27
Austria,7,3,49.230374138327335,8.071205155332002,32
Austria,7,4,46.70308995714803,9.15615134999916,36
Austria,7,5,49.547347261279235,11.726033543020138,29
Austria,7,6,50.25743183243921,10.927440818943714,29
Austria,7,7,60.67846307447077,11.615820441039935,31
Austria,8,0,62.578593672278075,11.130743294306848,25
Austria,8,1,45.916226331542006,9.033512274913907,32
Austria,8,2,42.74482889455086,7.812343551904997,35
Austria,8,3,39.01898292409197,6.260738492245824,23
Austria,8,4,37.52253646849012,7.2004250632153814,24
Austria,8,5,41.167164767132256,8.589678784254474,25
Austria,8,6,52.29089564515296,9.083527470828367,34
Austria,8,7,52.689308662734774,12.119823640840933,35
Austria,9,0,46.72271917400699,11.897168423313927,19
Austria,9,1,39.16403510083079,8.421773466000312,24
Austria,9,2,34.25321852997007,6.986189375961186,12
Austria,9,4,30.434014043671667,4.730439729885615,16
Austria,9,5,33.01236271419114,5.576720293004116,18
Austria,9,6,44.0314857057227,8.670485100940075,24
Austria,9,7,46.50985301490083,10.412109868029665,27
Austria,10,0,36.87772466857442,12.884565057326308,14
Austria,10,1,30.659582233806717,7.6703119240680175,16
Austria,10,2,27.12533738758383,7.9983482729423665,11
Austria,10,7,36.61708231506913,13.26059453022428,15
Austria,11,0,20.055132889307075,24.58374192098017,11
Austria,11,1,30.222016722305497,9.859736289956656,11
Austria,11,7,16.10095656367958,24.271810858349074,10
Belgium,0,3,57.19515325290592,17.966895484141496,21
Belgium,0,4,52.766323888276474,21.87667145537005,27
Belgium,1,0,64.15906300538414,17.084250398588065,11
Belgium,1,2,53.8334624273926,15.098091997672933,18
Belgium,1,3,48.997125813591765,18.735011152558755,24
Belgium,1,4,56.59933995397782,18.711841280888404,19
Belgium,1,5,64.02513977503192,16.354099186374814,12
Belgium,1,7,53.06173243241689,15.285989376045691,16
Belgium,2,0,72.85636650994137,14.222492242435793,16
Belgium,2,1,51.41966251432552,13.416969487109888,18
Belgium,2,2,54.391063037558204,13.820696002658648,38
Belgium,2,3,48.625932834270586,16.636485237194023,29
Belgium,2,4,47.62214572341924,13.714653530424547,20
Belgium,2,5,53.11636764027384,14.599701569550735,44
Belgium,2,6,57.10770194383307,13.049978651362082,21
Belgium,2,7,52.00475557051787,14.325541351665404,10
Belgium,3,0,66.12052255413265,14.064729798001709,22
Belgium,3,1,60.74038773796272,13.834699308426057,17
Belgium,3,2,60.85939752776637,14.270953136607494,29
Belgium,3,3,57.630519851695105,15.600231794391451,21
Belgium,3,4,48.09088149738373,13.011255464732942,29
Belgium,3,5,53.20700541040867,12.79598576783522,38
Belgium,3,6,59.588689496276906,12.53383370617251,14
Belgium,3,7,62.84551213094322,15.77199427265488,17
Belgium,4,0,75.4184698964937,12.357073391699549,31
Belgium,4,1,60.95852941417961,12.667150461169305,46
Belgium,4,2,54.45208190207861,13.140068328848868,33
Belgium,4,3,59.3949355121865,13.58739326717001,28
Belgium,4,4,54.312352046638075,11.55683046284324,27
Belgium,4,5,61.22782712452272,11.508818651415899,33
Belgium,4,6,60.04658213594035,10.818628115040225,29
Belgium,4,7,65.78941687877068,12.596834575132243,19
Belgium,5,0,66.28781363665641,12.546627043337557,27
Belgium,5,1,63.741643781047365,11.361087169445724,28
Belgium,5,2,60.11240618285518,11.914618714570917,27
Belgium,5,3,60.628082260421294,11.046533838320256,26
Belgium,5,4,51.58766947271462,11.373386406752102,25
Belgium,5,5,61.67374559372772,10.848149570865456,37
Belgium,5,6,64.50874145967241,11.337274911080142,33
Belgium,5,7,76.1257571602414,12.481678807498755,31
Belgium,6,0,60.440367062619025,11.907880576812012,36
Belgium,6,1,54.28103156703059,10.449421353595135,22
Belgium,6,2,57.73286163534429,10.005134317813832,31
Belgium,6,3,55.83330359471303,10.186003219143972,20
Belgium,6,4,53.71286325797683,10.325645192827565,34
Belgium,6,5,63.98683799863929,9.785257866230234,31
Belgium,6,6,65.19509518538086,11.043472499086482,25
Belgium,6,7,72.05113923133324,11.04480643341932,27
Belgium,7,0,59.662517440855936,9.830972928490779,40
Belgium,7,1,57.499749697501926,9.925922710619421,25
Belgium,7,2,48.95236423375207,8.672549055203463,21
Belgium,7,3,48.318356990844336,8.919426707051752,15
Belgium,7,4,44.793346886250845,8.730939516563058,21
Belgium,7,5,57.61635737911487,9.880775264741645,18
Belgium,7,6,64.66231216378088,10.164647659686251,34
Belgium,7,7,74.07667791286703,11.398363125021756,29
Belgium,8,0,59.95187348373563,9.611890006183863,22
Belgium,8,1,51.24625661944185,8.62025837918852,24
Belgium,8,2,45.454196932787056,6.629064305418231,19
Belgium,8,3,43.02559514375553,6.793396673179033,11
Belgium,8,4,38.12495537592919,7.810082576380107,17
Belgium,8,5,48.31161835787874,7.144852483614443,27
Belgium,8,6,58.41181154977281,8.003681498425328,30
Belgium,8,7,65.36745090683075,10.246955487716411,35
Belgium,9,0,49.69939376919821,10.228248587980675,28
Belgium,9,1,43.1552838712225,9.559221103902482,19
Belgium,9,2,31.35510603720165,6.080617068986389,16
Belgium,9,4,37.13640796228062,5.851517559106543,14
Belgium,9,5,45.10205716029536,6.142461903021535,11
Belgium,9,6,42.50028750083119,6.633549512269465,19
Belgium,9,7,47.96770123246791,10.542063034179202,21
Belgium,10,1,38.71944012084564,6.765025714683096,11
Belgium,10,2,32.09583972253879,5.539671244093998,10
Belgium,10,6,31.14806893904095,8.8136299088519,10
Belgium,10,7,40.28107712360718,10.174245968749508,12
Belgium,11,0,27.983226573382666,17.290536969453314,16
Belgium,11,2,27.865164808898,6.790349646308659,12
Belgium,11,7,24.69945232260416,19.63621549122253,11
Croatia,0,3,90.30348450969375,16.83751189844837,11
Croatia,0,4,86.15654694387872,17.152535167056758,21
Croatia,1,3,73.67086410565058,16.89566244810628,13
Croatia,1,4,81.94225658742444,12.63665165914339,15
Croatia,1,5,80.22340079868951,13.91530004931451,12
Croatia,2,1,80.93022168342937,11.356471790592112,11
Croatia,2,2,79.57932182962647,11.526111283849552,21
Croatia,2,4,59.91622931757392,15.447628640673766,14
Croatia,2,5,71.2372325659007,12.585603543143026,10
Croatia,2,6,72.40695290514064,10.897494788991324,20
Croatia,2,7,72.0851470763672,11.475067825295646,12
Croatia,3,2,69.08099404077133,12.38214432040586,16
Croatia,3,3,60.29322873030259,14.305752170684578,16
Croatia,3,4,55.33822049527077,13.19034403446476,12
Croatia,3,5,57.081842238318906,12.863680863611117,19
Croatia,3,6,66.20914471232282,11.876795915778537,22
Croatia,4,0,76.04476238278637,12.846880770344649,14
Croatia,4,1,72.52378784901569,11.514817525488745,13
Croatia,4,2,58.99117675585675,10.877113655642356,24
Croatia,4,3,62.81433215364392,11.190460934243928,26
Croatia,4,4,56.424047177951834,11.227063337558404,21
Croatia,4,5,59.9241119156505,12.645465689227583,30
Croatia,4,6,57.35369397433279,11.254694864643788,30
Croatia,4,7,62.566192568416746,12.410610344798386,24
Croatia,5,1,62.397436263204845,10.170964443522891,12
Croatia,5,2,55.50303340385504,10.752343443877482,26
Croatia,5,3,55.72647555561594,10.608783621602218,23
Croatia,5,4,54.37995157213308,10.431342391209945,30
Croatia,5,5,55.284950381094795,11.160916139020054,22
Croatia,5,6,58.21620944733776,10.487521040378889,21
Croatia,5,7,64.83641623428929,11.492231984108425,20
Croatia,6,0,65.84879041383759,10.742565237903987,12
Croatia,6,1,56.50259995088711,10.665268705948069,20
Croatia,6,2,56.78946726721005,10.50142369843356,31
Croatia,6,3,52.18790518863805,10.830529479352373,23
Croatia,6,4,49.360746744087315,10.141540437943826,29
Croatia,6,5,59.44844122095552,8.458389996765453,31
Croatia,6,6,61.609139539637525,11.029896118785986,22
Croatia,6,7,71.02134506068317,10.077701869742338,34
Croatia,7,0,59.17822335686007,10.753137487879199,19
Croatia,7,1,55.78309026859919,10.061968360292955,30
Croatia,7,2,45.82673263449577,8.584186808310854,41
Croatia,7,3,41.942235091035684,8.63532485203347,31
Croatia,7,4,45.48828910952686,8.800480746870662,31
Croatia,7,5,45.57965088648625,9.413513642172221,26
Croatia,7,6,50.81174771742785,9.503782572014774,25
Croatia,7,7,65.38241834654934,9.762086355987181,21
Croatia,8,0,48.88582660063109,10.540303697667232,15
Croatia,8,1,42.73203944230342,8.217637328714513,17
Croatia,8,2,41.39104158280284,8.201350464537846,26
Croatia,8,3,35.05874514373379,7.230149427155486,25
Croatia,8,4,37.85107715191463,7.001693994337646,26
Croatia,8,5,41.930507382326795,7.42777361809034,26
Croatia,8,6,46.0315947353515,9.173542735208759,28
Croatia,8,7,58.27971380781835,10.694863147491544,24
Croatia,9,0,49.63932108975457,9.601480006019488,15
Croatia,9,1,39.639497165682634,8.201451953164876,15
Croatia,9,2,34.264569840170076,5.7788727331516005,23
Croatia,9,3,31.0143729219872,4.570082987454852,12
Croatia,9,4,28.85155799872932,5.274290028933119,12
Croatia,9,5,40.27802096119556,5.995161015837277,12
Croatia,9,6,53.58330758539992,7.323553787549993,18
Croatia,9,7,47.417740223319974,10.946893312393872,37
Croatia,10,0,38.44103349256959,11.643887728464923,14
Croatia,10,1,40.47528940401358,7.875131927562652,11
Croatia,10,7,38.79776840313239,11.828884673156038,12
Czech Republic,0,3,74.25824020131853,20.730033609060484,12
Czech Republic,0,4,60.52603795413981,30.942948563041924,15
Czech Republic,1,4,67.54385881958848,17.7132614293541,15
Czech Republic,2,5,70.3908962419847,13.139293803449787,11
Czech Republic,3,3,69.52167266908872,9.132315451235918,10
Czech Republic,4,0,77.9377188423165,9.122048235009391,10
Czech Republic,4,1,71.23596664662308,13.553466327534123,13
Czech Republic,4,2,67.95752309097968,11.883920270489908,13
Czech Republic,4,3,70.29924776534968,15.264367240328491,12
Czech Republic,4,5,63.54598303307747,11.522437037783282,18
Czech Republic,4,6,71.95103646356672,11.752285493559908,10
Czech Republic,5,2,59.19277387002412,13.376002496580348,11
Czech Republic,5,3,59.42418350657044,12.46844889739098,13
Czech Republic,5,4,61.6059076898098,9.846674909014236,14
Czech Republic,5,5,66.60512197274036,11.554016007090123,16
Czech Republic,5,6,68.75004891216835,13.222140740038967,10
Czech Republic,5,7,65.14236774890412,12.087902669907113,13
Czech Republic,6,0,73.97530867691391,11.567471626914498,12
Czech Republic,6,2,60.23027780317622,11.235450785209082,11
Czech Republic,6,4,56.943335039749584,12.039643087814339,14
Czech Republic,6,5,64.14964378078784,10.095288340770281,13
Czech Republic,6,7,68.77819344092167,13.074989006072578,13
Czech Republic,7,0,72.35569964482691,10.172106339122315,23
Czech Republic,7,2,54.937639938879734,12.371801913844667,13
Czech Republic,7,4,43.918042116133925,9.83923317353874,11
Czech Republic,7,5,53.4255995679813,9.055797415761713,15
Czech Republic,7,6,56.89760195234722,8.589102141657436,24
Czech Republic,7,7,60.44885324032063,10.004484720679054,23
Czech Republic,8,0,64.8721919669736,12.165092635586648,17
Czech Republic,8,1,54.77883283077712,9.535147448138941,15
Czech Republic,8,5,39.63122223828475,6.852807877120423,15
Czech Republic,8,6,52.19014482519798,7.256778510858635,24
Czech Republic,8,7,60.20865275650343,8.633137723573363,18
Czech Republic,9,0,58.194152739729375,10.695625880505077,14
Czech Republic,9,1,49.0117281277696,9.386834701794704,12
Czech Republic,9,3,36.96506633629506,5.606714006763683,10
Czech Republic,9,5,53.06662183083284,6.563402100481027,11
Czech Republic,9,6,36.71643492824755,6.998222611799329,13
Czech Republic,9,7,48.26344895760915,8.328929392038914,19
Czech Republic,10,0,33.93583868441795,11.77454156605095,11
Czech Republic,10,6,38.12011105752633,6.970363882739885,10
Czech Republic,10,7,32.219101719460085,14.697391960408265,21
Czech Republic,11,7,19.815309586540963,24.546987261395707,10
Denmark,0,3,70.63953682383713,19.833743766876136,15
Denmark,0,4,57.399034867207476,21.803822098238633,13
Denmark,1,1,57.39199487121028,12.807424767616622,13
Denmark,1,2,67.38821982518259,14.5414590177207,14
Denmark,1,4,49.07112199317994,17.73099160584213,16
Denmark,2,0,57.43985071737304,13.283874197417424,19
Denmark,2,1,47.55728103774221,12.619272851447413,22
Denmark,2,2,47.79569233647995,10.751944082127126,26
Denmark,2,3,43.957949701951705,11.767363174379147,14
Denmark,2,5,43.66576317139591,13.270282025207804,13
Denmark,2,6,72.69264247797648,12.807946278276114,10
Denmark,2,7,52.47487135484407,14.079670821887401,13
Denmark,3,0,56.25095092739784,11.341417772536936,18
Denmark,3,1,54.98919673321565,11.665688756499208,21
Denmark,3,2,51.413470271612084,10.92981741992557,18
Denmark,3,3,57.5369255837783,11.119709069583893,19
Denmark,3,4,50.36178727599513,12.629161058863177,28
Denmark,3,5,54.38210499765855,14.009132237887135,31
Denmark,3,6,52.377685081173034,12.499796786043843,17
Denmark,3,7,63.96985603532055,13.595366443374289,16
Denmark,4,0,61.78082218498094,11.78941580074413,16
Denmark,4,1,52.149634681455545,10.492732634904387,32
Denmark,4,2,50.328658587140794,10.751519224580464,43
Denmark,4,3,47.69938937642802,10.806267112523148,32
Denmark,4,4,52.059805642732904,11.008166692534417,37
Denmark,4,5,54.408576974171744,11.104810520253498,55
Denmark,4,6,53.336140847302694,12.165553313890715,36
Denmark,4,7,69.39703276411205,13.16401116520774,16
Denmark,5,0,65.31286651415186,11.081393425753895,22
Denmark,5,1,55.64496572858331,9.747000782048117,28
Denmark,5,2,52.43457868525034,10.241578563839603,51
Denmark,5,3,48.9539535640014,9.856507919162796,68
Denmark,5,4,45.99787206754107,10.080553713446866,59
Denmark,5,5,47.22519585212181,10.331510118775359,61
Denmark,5,6,53.13972842654236,12.047650660708275,40
Denmark,5,7,60.89961739432358,12.02958540759186,34
Denmark,6,0,64.11786507476867,11.903530466820897,23
Denmark,6,1,54.43578391226281,9.584357946829636,29
Denmark,6,2,52.607638397846515,10.102412121054371,50
Denmark,6,3,47.43014778230515,9.642482924487743,52
Denmark,6,4,46.46738208920873,9.307127410807915,48
Denmark,6,5,52.429645948643795,9.682310104599326,36
Denmark,6,6,54.47290364421222,9.356575592669518,40
Denmark,6,7,55.5830859194929,12.036203592700295,47
Denmark,7,0,61.804564713729484,11.825633671592982,36
Denmark,7,1,49.59544168893863,10.466149833709629,38
Denmark,7,2,46.84660767589075,7.924254459009867,33
Denmark,7,3,50.74044287322145,7.981595849990938,28
Denmark,7,4,45.70755103013714,7.504493487659634,26
Denmark,7,5,47.72589418562698,7.876146425184994,36
Denmark,7,6,52.034600699458004,8.685248184982505,33
Denmark,7,7,58.480694992974584,10.788374989815699,51
Denmark,8,0,56.98197787828106,10.737964326145498,23
Denmark,8,1,49.5149629248399,9.041352447492082,19
Denmark,8,2,41.0888326858174,7.211355987452242,22
Denmark,8,3,38.72735013073625,5.990843871647487,11
Denmark,8,4,37.57007930327593,7.291829409992369,14
Denmark,8,5,45.25893818732056,7.417891066648528,23
Denmark,8,6,47.85665068803981,8.762938619326292,29
Denmark,8,7,52.68492363836206,11.303754160203566,23
Denmark,9,0,45.05327885029058,10.56897619180642,22
Denmark,9,1,43.78585112088003,7.655788361486975,25
Denmark,9,2,36.23063343971759,5.896646859436469,16
Denmark,9,5,32.44467067113263,6.622587076879734,22
Denmark,9,6,34.69547115438727,9.145343216901377,15
Denmark,9,7,43.706577778125144,11.935854843044526,23
Denmark,10,0,35.426538612374245,10.97120116017398,10
Denmark,10,6,29.211285262490275,9.276364990615969,11
Denmark,10,7,32.78707647033078,12.211222086360305,13
Denmark,11,6,28.01433444953358,10.866181793028446,11
Denmark,11,7,22.685561134779153,21.969037333295876,16
England,0,1,51.49910955811937,15.037902721324695,10
England,0,2,65.7595656354684,22.147314185331734,11
England,0,3,78.68034139699695,18.599214480705008,37
England,0,4,84.05667670461752,27.964896691948926,28
England,0,5,70.12253054603613,15.880865254465501,16
England,1,1,72.20306730404504,16.5249555704287,14
England,1,2,58.09880737989536,12.573524569697614,29
England,1,3,68.09025372858963,17.825996350204576,43
England,1,4,64.52161586317412,18.013966290582143,41
England,1,5,65.19004951086656,16.0906245202719,28
England,1,7,66.83963503202469,15.531303356213142,14
England,2,0,73.71315807093757,14.352328952551366,20
England,2,1,63.13804302763088,14.112642493939653,35
England,2,2,62.265616965049986,14.478565506114451,48
England,2,3,60.94212417529439,17.20577805399749,47
England,2,4,56.41056521341167,16.679809352893827,35
England,2,5,63.83243265241738,13.89342097294883,46
England,2,6,64.89878115230793,14.737729695761805,16
England,2,7,64.0960891008122,13.192136937949895,22
England,3,0,62.81835458505364,12.522777371374456,29
England,3,1,69.87709872972464,12.561816263919333,36
England,3,2,61.66048723716376,14.518696886603145,51
England,3,3,59.17569443377658,14.44486074668841,32
England,3,4,56.89837162229301,14.635539952023164,47
England,3,5,61.80509056465666,12.927798431135972,41
England,3,6,65.89291298280438,11.826674875992751,33
England,3,7,76.01983048125243,12.429687714562256,36
England,4,0,64.14762714291872,11.64998931384155,61
England,4,1,62.89130350549707,12.16568266277802,64
England,4,2,59.06825082206342,11.101195331567821,89
England,4,3,59.83502029393745,11.570600989879958,70
England,4,4,60.2553166853793,11.944555145899498,54
England,4,5,61.16644214709912,12.12270907027174,82
England,4,6,58.45262959664717,11.032753123795402,49
England,4,7,67.581990485949,12.815243072078182,44
England,5,0,66.37026479937444,10.907066668859152,55
England,5,1,61.05455897945527,10.974840986146283,69
England,5,2,58.00257654686323,10.400516952114655,77
England,5,3,54.86849090458183,11.211067477053952,63
England,5,4,54.3796886818577,11.302608445016949,67
England,5,5,60.182465595936044,11.048701041604977,59
England,5,6,61.80633966965959,10.795336541648643,63
England,5,7,63.29062643746568,11.7697939869218,45
England,6,0,62.91170004977979,11.67660875737522,67
England,6,1,61.10316294772747,11.028269248965378,64
England,6,2,50.15551484073615,10.317466347155776,77
England,6,3,49.29963878696129,10.479366502948206,61
England,6,4,51.4913199703346,10.605464228059876,78
England,6,5,50.731859317743464,10.062044192411454,83
England,6,6,54.91548548766731,10.755458351116038,58
England,6,7,57.49234946880564,11.155849967677964,51
England,7,0,61.17541137286979,11.050366998162565,82
England,7,1,55.460683455848674,9.557751880210159,77
England,7,2,51.16383918802171,8.862575235368125,74
England,7,3,43.21212727060825,8.311811345176492,52
England,7,4,42.523733954114284,8.333299734573005,54
England,7,5,48.36391332266426,8.437519429435254,70
England,7,6,52.12999954617118,9.331925240615186,61
England,7,7,60.14738606900646,11.573367153605695,62
England,8,0,56.196193964241175,10.485568126532096,68
England,8,1,50.03474223315533,9.027082833473802,67
England,8,2,43.2551488041917,8.007102312514238,56
England,8,3,38.83910062108698,7.192631955219019,28
England,8,4,34.715224989948915,7.043202365634377,28
England,8,5,41.49827246171965,8.473753868387275,52
England,8,6,51.5674173202433,8.512736536610454,47
England,8,7,53.00318887171365,10.279190843035165,60
England,9,0,45.23737904219037,9.122313884874284,46
England,9,1,40.89584959350533,8.077907869074968,37
England,9,2,37.29696289082397,6.143132755363598,39
England,9,3,34.091098412619004,5.419427980043179,16
England,9,4,28.51541303968868,5.28419454529294,17
England,9,5,33.71865257818214,5.649151680638544,34
England,9,6,39.14328441509139,8.04927275940725,49
England,9,7,45.76112069485674,10.489530313698497,58
England,10,0,42.107334964435516,9.932761422521892,20
England,10,1,35.72990874229826,8.46448594124212,23
England,10,2,34.430206071381065,5.079730419148938,11
England,10,5,30.139597760170123,4.535038491575672,14
England,10,6,31.755295499290643,7.060739144481668,21
England,10,7,29.4779305958206,11.54538755633909,22
England,11,0,20.04224045625697,20.704809811952877,10
England,11,1,28.644205568666063,9.100169502760375,15
England,11,5,25.845547927968,6.29985260325241,17
England,11,6,31.15131011498853,8.712180662343037,22
England,11,7,15.625536174235984,26.015329434841505,12
France,0,3,74.49555578511942,22.24600830134743,21
France,0,4,77.412683443629,16.541916183964037,19
France,1,2,70.44502044312316,14.242508500106142,12
France,1,3,53.88516126929143,15.034885252604528,20
France,1,4,52.63486976306343,15.96349612497692,23
France,1,5,57.946098914437044,13.163688298044447,11
France,1,6,65.06452903675546,13.667013041698782,14
France,1,7,71.19270656081716,14.158075964671465,13
France,2,0,74.06626456222328,15.047430196150199,15
France,2,1,70.77469314799805,14.293304471723177,12
France,2,2,63.81302237010798,14.978508729012256,37
France,2,3,64.60964567350095,14.257767205389646,34
France,2,4,59.49694538772008,13.932362569995549,25
France,2,5,63.40373994859612,13.99963250292959,32
France,2,6,64.63946432268764,12.978694805150875,18
France,3,1,61.17654624625567,14.487431648362415,23
France,3,2,61.6775478390523,13.007979084256602,45
France,3,3,60.3705266505555,14.84281856603243,27
France,3,4,54.97513182277478,13.29530969935913,29
France,3,5,63.53477680857489,12.253055488953985,33
France,3,6,70.11563457524463,12.56729068028966,30
France,3,7,71.5968202173721,12.760638755033423,20
France,4,0,70.41927406974882,15.35026637646662,38
France,4,1,63.43073383467192,13.391376700550648,25
France,4,2,63.35847871187339,11.097677483619822,42
France,4,3,60.08509458951572,13.795530034886303,29
France,4,4,61.51580829849397,12.498695336885643,37
France,4,5,62.05345230853917,12.227066908908968,56
France,4,6,61.91343639715518,12.849970017914416,48
France,4,7,68.61129996489274,13.878204929561008,35
France,5,0,70.36447735572622,12.468436679991493,40
France,5,1,62.09800208779003,12.410189054518906,47
France,5,2,60.68983654248841,11.524807852659528,32
France,5,3,54.94653670368693,11.902197363645906,37
France,5,4,55.440973861691916,11.981310345445246,42
France,5,5,62.29444858886134,11.183716270540302,51
France,5,6,62.380078504392486,11.500916068396366,42
France,5,7,65.35057950441515,12.237744537675558,43
France,6,0,64.53975505963943,13.254576026576915,48
France,6,1,58.5000158801719,10.830193929004528,52
France,6,2,55.35061237011275,11.528037525945644,50
France,6,3,49.15140512660141,11.927041744664747,43
France,6,4,50.514565802699444,11.250756194194155,41
France,6,5,54.42309806125087,10.560000611343824,50
France,6,6,59.71802874292695,10.380234157957544,55
France,6,7,64.70064567096172,12.346428743053565,45
France,7,0,63.246200487204995,12.41658289855748,54
France,7,1,58.94220867168379,10.6720214932649,60
France,7,2,54.71757381490663,9.440924505003386,60
France,7,3,48.746650596541855,9.10578150087093,30
France,7,4,47.24820353326624,10.899906788603182,26
France,7,5,43.62102376812275,10.842043976821513,43
France,7,6,59.93228280572783,10.170800897113862,48
France,7,7,65.5044153103899,11.278111684887145,58
France,8,0,60.16362747862987,11.667843331901713,70
France,8,1,52.85812788073572,9.242112665807007,54
France,8,2,46.915248766181115,9.493287868050647,47
France,8,3,41.747061418861925,9.189829240640513,25
France,8,4,45.78615445329415,7.206976139337306,26
France,8,5,42.887464042628125,7.97448090046044,27
France,8,6,44.876277432632214,9.264413686898333,61
France,8,7,58.232770761275425,11.468092774804958,46
France,9,0,48.51924943417285,11.412319839657194,35
France,9,1,38.76032320660522,8.138957291755645,44
France,9,2,38.39365739092166,5.715767013404626,47
France,9,3,35.52126901081406,5.3111284718346194,19
France,9,4,30.508539236127767,5.858721379273272,18
France,9,5,34.740827378354375,6.723849116799715,40
France,9,6,32.86734284600734,8.022190606640839,40
France,9,7,43.71451219172844,11.73350465400969,43
France,10,0,40.83475100903528,11.15852416028653,30
France,10,1,35.836419656143796,8.766908390902865,23
France,10,2,30.533130265801066,5.575665462014747,21
France,10,5,28.214754438889432,5.5494665072072635,19
France,10,6,27.69031820740483,7.865689511710056,21
France,10,7,40.694750145646545,11.838250054881504,30
France,11,0,20.014849608059382,23.847132444727904,12
France,11,1,33.886326268172475,10.203155755102648,15
France,11,2,25.00306212871324,6.216363872397132,16
France,11,5,20.50496126593955,6.659023074866436,22
France,11,6,27.930643736560086,9.993582519135487,23
France,11,7,20.73864729593291,21.650299597001318,21
Georgia,0,3,59.80244423346236,26.125736393597066,20
Georgia,0,4,68.60810074934619,25.44732039777856,17
Georgia,1,1,60.566771758845114,14.180167438053807,12
Georgia,1,2,56.97287898898885,13.650732277593937,11
Georgia,1,3,65.83231413953645,13.227501912135052,23
Georgia,1,4,54.08075545684717,14.180874742781322,25
Georgia,1,5,61.081416406418604,13.525364733262684,13
Georgia,1,6,67.7522920728812,11.690321535005193,13
Georgia,2,0,57.042093455598504,12.46387492072375,10
Georgia,2,1,59.014769963812746,12.441172039945885,24
Georgia,2,2,63.26047523305447,11.15368703721385,22
Georgia,2,3,57.66596927532554,8.368380827446263,13
Georgia,2,4,48.11345334619743,10.359682756878266,17
Georgia,2,5,59.095494914342005,12.537727713647085,23
Georgia,2,6,73.16684962472779,11.409526161186385,18
Georgia,2,7,76.88912532946905,11.355791154644844,14
Georgia,3,0,60.68648043156083,12.608116394501607,17
Georgia,3,1,70.05742322374816,11.290363087539411,18
Georgia,3,2,57.398089250171445,7.297192959953765,19
Georgia,3,3,60.99124617975347,11.293129664605834,16
Georgia,3,4,54.10199131080208,13.151395856332666,16
Georgia,3,5,74.91646682374885,9.395124888156136,14
Georgia,3,6,68.36429327946527,11.029352728221443,14
Georgia,3,7,66.99912965364352,10.238237862560243,22
Georgia,4,0,68.94432988750968,11.037560392521408,19
Georgia,4,1,60.786560635243866,11.425404674529112,22
Georgia,4,2,63.10480502403025,11.116716186540819,27
Georgia,4,3,61.65632262306898,10.748826907042405,16
Georgia,4,4,59.771152960351586,10.842650190920008,14
Georgia,4,5,61.2725232091611,10.231655558000941,18
Georgia,4,6,66.47705371110129,10.616745471940407,22
Georgia,4,7,69.56378835544923,10.347028306691522,29
Georgia,5,1,54.568469528318175,12.580713660342433,16
Georgia,5,2,54.300896137225585,9.225125416082003,16
Georgia,5,3,52.30765651236665,10.908052192294177,20
Georgia,5,4,52.68153845538372,9.896430321366031,19
Georgia,5,5,60.07383049060506,9.073900475710623,17
Georgia,5,6,60.69652724995807,8.607381705148857,27
Georgia,5,7,70.22072392070929,10.595508749645019,36
Georgia,6,0,66.189906484883,10.988890215464068,12
Georgia,6,1,59.53999508768974,9.128406911576212,18
Georgia,6,4,46.9023370048246,9.217310042756424,13
Georgia,6,5,56.41242326949341,7.808178755591658,12
Georgia,6,6,58.437446584080575,7.987448897300781,21
Georgia,6,7,57.42039287127735,10.130149571764063,24
Georgia,7,0,59.48506756445391,12.032193306699792,17
Georgia,7,1,48.79353994840902,8.507392579147448,21
Georgia,7,6,48.44207392905581,8.26561056780707,13
Georgia,7,7,60.872391558569404,10.811994422095841,14
Georgia,8,0,59.92748362759396,11.01979086631816,10
Georgia,8,1,51.206575212032355,9.66214036802183,12
Georgia,8,7,51.743593161902396,11.880531286598323,18
Georgia,9,1,42.766165521661655,9.366328310505414,12
Georgia,9,7,48.44850301823056,9.070609146742274,10
Georgia,10,7,44.10121950290182,10.590125532784661,11
Georgia,11,0,23.495547291138813,22.647832765504074,10
Germany,0,3,63.95227043395497,17.860369140271604,15
Germany,0,4,49.082593571257696,17.052373639915164,19
Germany,0,5,69.1990213609959,14.00975528876802,11
Germany,0,6,57.18200147423483,14.099021376614548,13
Germany,1,0,59.0279767256835,11.322439613495487,14
Germany,1,1,47.282245639953935,11.105603873130978,11
Germany,1,2,48.96825830486307,11.327074710228443,14
Germany,1,3,60.48349396883464,16.09951266352054,24
Germany,1,4,53.98373995463662,13.509859643524248,29
Germany,1,5,55.25477629902392,13.1615413258186,14
Germany,1,6,62.59546545044109,13.290095342454435,14
Germany,1,7,53.32399700508268,11.40887914491743,11
Germany,2,0,58.1370127650434,11.451840795134773,13
Germany,2,1,56.31439468000507,12.926917245825475,23
Germany,2,2,54.55456003056259,10.542023667900319,27
Germany,2,3,45.895230170803316,12.209641633779311,25
Germany,2,4,51.58565136174296,10.890364183800203,21
Germany,2,5,45.227776143899604,12.34354898227502,27
Germany,2,6,54.438594675762715,12.11420131706754,11
Germany,2,7,57.220579658480275,12.383313003619397,17
Germany,3,0,68.82849323156108,13.34331188847682,18
Germany,3,1,57.80589120658533,9.824073277933064,20
Germany,3,2,52.739211368786385,10.401268886768202,34
Germany,3,3,47.3202989937597,12.83406738121478,27
Germany,3,4,47.07773623005239,11.713460252502934,22
Germany,3,5,55.98265419379269,11.631363206284341,31
Germany,3,6,56.49794505894669,11.580385693019242,26
Germany,3,7,68.71383098979739,11.23190979226499,16
Germany,4,0,62.420603655488776,12.515554300979453,20
Germany,4,1,56.338528498922756,10.853639214595905,26
Germany,4,2,48.268659760484624,10.155417087953648,40
Germany,4,3,48.30944821351211,11.261787767983163,39
Germany,4,4,43.338612428380586,11.480009132831103,58
Germany,4,5,49.8414171832238,11.66644824949388,48
Germany,4,6,56.98231471517357,11.99983266054034,33
Germany,4,7,66.18361450546404,11.456385679902166,20
Germany,5,0,64.46108051458643,11.157302134693753,29
Germany,5,1,49.566283274227416,10.51984244511715,47
Germany,5,2,49.4326501564915,9.85531233752734,61
Germany,5,3,40.74252171865522,10.217246464874925,55
Germany,5,4,43.5646533799679,11.186806521640909,59
Germany,5,5,48.460698574086265,11.412798795453492,62
Germany,5,6,53.442794091928874,12.614114963138492,36
Germany,5,7,57.96431590416898,11.451463458619454,33
Germany,6,0,59.37871881989874,10.886951746782719,36
Germany,6,1,47.59175589948405,10.374523841046093,43
Germany,6,2,42.779916157277135,8.468761858922827,57
Germany,6,3,44.433027500879604,9.678509565155073,69
Germany,6,4,43.72972689523915,9.819472467237839,74
Germany,6,5,44.85155148544664,9.907878702486157,68
Germany,6,6,49.85951652813256,11.205180251543934,62
Germany,6,7,55.721611427447336,11.871239732956207,39
Germany,7,0,54.13804693716626,10.2772363886218,39
Germany,7,1,47.250091086935036,9.166661157966674,68
Germany,7,2,38.89613007575621,8.426104923211215,54
Germany,7,3,38.46002525518514,9.034191750430507,70
Germany,7,4,36.84047134985754,8.748196117417082,61
Germany,7,5,40.20355699956891,9.796831470474384,70
Germany,7,6,48.78946433089423,9.992991408854047,84
Germany,7,7,52.597985042373246,11.394113986093512,58
Germany,8,0,58.302929556573126,10.34764369793427,35
Germany,8,1,43.62353201611124,8.634657739763554,35
Germany,8,2,33.775270169108325,7.3879210465062215,35
Germany,8,3,35.38987946751257,6.7340258622631834,28
Germany,8,4,33.46124642371939,6.990058047813285,42
Germany,8,5,39.231105881874015,7.472649528448729,58
Germany,8,6,43.76524297017653,9.679820934859672,48
Germany,8,7,49.87205507141878,10.569020834960929,50
Germany,9,0,40.91529079154638,10.269658020619033,35
Germany,9,1,31.467132846528084,7.500361359965059,28
Germany,9,2,30.835952280890087,5.744663397480585,39
Germany,9,3,33.724991083811325,5.491402489979412,15
Germany,9,4,28.47687538272015,5.34944040108023,26
Germany,9,5,32.48271841794671,6.157550820018403,41
Germany,9,6,31.106383881354024,8.66008402756758,59
Germany,9,7,39.379816363686146,11.297721485613705,43
Germany,10,0,33.68915203136041,13.641836115173987,11
Germany,10,1,30.184131457497838,8.36507936031861,25
Germany,10,2,22.97898625975847,5.049801094698703,14
Germany,10,6,27.33808550394925,8.699869278175216,17
Germany,10,7,36.874072359181305,10.89096854922355,31
Germany,11,0,21.964184558093386,20.35463653044407,18
Germany,11,2,20.9733366648676,6.988331365247299,17
Germany,11,6,30.03357425740243,10.013423614427392,12
Germany,11,7,22.733378206479504,21.01059740279269,22
Hungary,0,3,42.44063061149841,18.646066418192678,12
Hungary,0,4,48.38662689770758,17.01357288841396,11
Hungary,1,1,67.12888750875074,15.681289360748037,12
Hungary,1,2,55.06021102375231,11.030370053770838,12
Hungary,1,3,42.69593059772089,13.990643105514218,17
Hungary,1,4,44.865075881517114,16.407221488813,15
Hungary,1,5,61.43793112853177,12.834796860146781,10
Hungary,1,7,63.933416734505066,13.328491217241618,11
Hungary,2,0,67.87174827514177,14.504843558670062,12
Hungary,2,1,54.79002461714443,12.471192784230645,15
Hungary,2,2,53.81861192587993,13.467310388797591,17
Hungary,2,3,45.99640275792339,15.237143463506646,10
Hungary,2,5,48.86899772653153,12.351324732817874,22
Hungary,2,6,52.69581967597792,12.160327913774694,17
Hungary,2,7,75.75659182768997,15.572537397872262,12
Hungary,3,0,55.05526529643961,14.022969077776185,16
Hungary,3,1,53.10704291170888,13.134176628453039,20
Hungary,3,3,51.97864379792725,13.541018002163591,12
Hungary,3,5,54.04834778180055,13.71734444636155,12
Hungary,3,6,55.45863529991251,10.747911351329313,16
Hungary,3,7,57.92499790212735,12.125872459519153,26
Hungary,4,0,69.93838647257502,11.887357658869691,19
Hungary,4,1,58.1165047860393,10.099080047959822,21
Hungary,4,2,51.56574355329894,13.30136254077751,14
Hungary,4,3,53.214735344656525,13.34732498837034,16
Hungary,4,4,50.64321473323986,13.547411706370065,12
Hungary,4,5,56.98741732856615,10.877963523544413,17
Hungary,4,6,57.302683350755636,10.601256580325076,25
Hungary,4,7,63.61830857670666,9.891940090953462,22
Hungary,5,0,55.20433076608151,13.935663377336457,21
Hungary,5,1,58.93069572028033,11.699923705534012,18
Hungary,5,2,67.92365427765871,10.535248394382256,11
Hungary,5,3,55.22773082654754,10.532201337774882,17
Hungary,5,4,53.358640839496935,8.894288258088844,12
Hungary,5,5,52.26542593159197,8.666622683049331,20
Hungary,5,6,63.234383009877035,9.952777188588744,25
Hungary,5,7,65.69729537044608,10.665911718373867,23
Hungary,6,0,57.616901160161895,11.702557711960804,25
Hungary,6,1,58.84964511412243,8.765436656963061,16
Hungary,6,2,45.57109787285227,10.099910374959954,13
Hungary,6,4,48.713559090949104,8.747237472370346,12
Hungary,6,5,46.29277465642583,10.00403178723612,10
Hungary,6,6,64.19973713774975,9.188351099350838,11
Hungary,6,7,72.03732502904259,11.593993437751074,16
Hungary,7,0,65.46535946533982,9.884801677123471,22
Hungary,7,1,59.30451172909536,10.127911506274454,15
Hungary,7,3,45.27845750466955,8.078633330567808,11
Hungary,7,5,56.98531083297289,7.215347989744104,11
Hungary,7,6,46.41700895711207,10.036512731735844,14
Hungary,7,7,60.41026006711693,11.533190347476095,22
Hungary,8,0,61.161601568362585,10.40950172002349,19
Hungary,8,1,59.85484936163936,8.401396959668713,15
Hungary,9,1,45.88021667651782,9.321826987104014,14
Hungary,9,7,43.37482910771632,13.788840143082817,13
Italy,0,3,81.7017164803492,17.53579263213389,22
Italy,0,4,71.22705399466179,18.78611612134699,21
Italy,1,2,65.45888786909892,11.18454666817686,14
Italy,1,3,62.24859008518643,14.62602177717984,19
Italy,1,4,81.77841737635839,12.851381486652565,15
Italy,1,5,63.25634657767657,11.518765261101253,17
Italy,1,6,69.57088049255758,12.360252086479257,10
Italy,2,1,63.611038344204786,9.427407793774073,13
Italy,2,2,60.38325187936156,10.58233592279108,21
Italy,2,3,55.78017196175966,13.970811101368316,18
Italy,2,4,67.0535528181648,13.110532903866908,13
Italy,2,5,66.75254319799531,12.214180508605585,23
Italy,2,6,60.45055479219431,11.296027730639413,16
Italy,2,7,58.980832764715544,10.029175183547999,20
Italy,3,0,60.33645677561635,9.568412026063632,14
Italy,3,1,67.98108000881577,12.787744625781524,13
Italy,3,2,64.78870310796091,11.579390505595152,20
Italy,3,3,67.24196832082966,11.872194301385946,22
Italy,3,4,58.57747735383869,12.918389307164121,16
Italy,3,5,67.39842529737868,10.835068119913913,27
Italy,3,6,67.8369357160354,12.193304319710608,15
Italy,3,7,63.982302710920855,10.922950688881118,23
Italy,4,0,81.34316090626068,11.614909378038453,12
Italy,4,1,71.56389846764554,11.181664434452554,29
Italy,4,2,69.06645660282354,10.487332264988055,37
Italy,4,3,59.22909758478737,13.255661933074425,37
Italy,4,4,60.757516430025575,12.304913097421448,40
Italy,4,5,64.88978273559276,11.43193016512683,34
Italy,4,6,63.99059839796109,11.565766808700959,22
Italy,4,7,72.91977952143989,11.88760295266372,21
Italy,5,0,68.3943090578876,11.080522989986097,10
Italy,5,1,58.04498530454232,10.934100222682835,14
Italy,5,2,59.256522279820715,10.99273183747671,35
Italy,5,3,52.002512328226636,11.474369570980315,44
Italy,5,4,50.77768752070201,9.965369677732344,43
Italy,5,5,52.36168361783182,10.580182327642685,47
Italy,5,6,60.480599217574806,10.923446372888046,31
Italy,5,7,67.16913065981569,11.624154036677895,20
Italy,6,0,62.89255416605916,11.420629869552807,18
Italy,6,1,57.35326074800475,10.096780800610366,34
Italy,6,2,53.22404471703196,10.733149651202703,49
Italy,6,3,49.05000648740646,9.767442207620086,49
Italy,6,4,47.67642792660459,10.16140174137375,61
Italy,6,5,49.67647702855223,9.666443661601242,59
Italy,6,6,55.66156017983451,11.159361356433244,43
Italy,6,7,64.2753247983177,11.548748834850116,27
Italy,7,0,64.50532820338294,11.167324462841517,30
Italy,7,1,50.32018152514981,10.667704695240426,42
Italy,7,2,45.62071601038793,9.779798761497318,41
Italy,7,3,46.42860247227301,9.543562182395874,38
Italy,7,4,44.50989646412382,9.169376594695962,44
Italy,7,5,44.80314758805847,9.970331493429695,64
Italy,7,6,49.002391354392806,10.076605906667725,46
Italy,7,7,56.99208544797557,11.039326035200594,23
Italy,8,0,55.75184746239606,11.997630154983352,22
Italy,8,1,44.1923825475308,9.902787762956295,38
Italy,8,2,44.81563965444333,8.250261578516016,32
Italy,8,3,38.42163269964734,7.72685975708052,14
Italy,8,4,38.00044358578332,7.62097141283411,27
Italy,8,5,39.588597664002165,8.112552182719808,32
Italy,8,6,41.21724943616781,9.276959109945787,35
Italy,8,7,50.84237026986716,11.147294012467578,26
Italy,9,0,51.93318284149099,11.474311238100436,21
Italy,9,1,40.5708322799086,8.239824084746534,31
Italy,9,2,36.190902976098876,5.627567258747631,14
Italy,9,4,27.756156547426183,5.4854105025863396,12
Italy,9,5,29.61885051673475,5.835909328789202,15
Italy,9,6,36.02768842731646,6.333362921680699,27
Italy,9,7,44.34952228662766,10.339291931117922,12
Italy,10,6,32.5782883436496,8.797027580377241,12
Italy,11,0,17.65458617219655,22.082078609081268,11
Italy,11,5,23.713316613522498,7.541512940533439,10
Netherlands,0,3,88.05614877795341,18.477879987891523,22
Netherlands,0,4,79.05406055918448,19.878257584351104,32
Netherlands,1,2,74.63276251729206,14.496410283528498,11
Netherlands,1,3,66.93172209111633,16.021521511664155,31
Netherlands,1,4,71.32069582228016,18.23818910659653,36
Netherlands,1,5,62.88687912696299,16.043947500808173,23
Netherlands,1,6,73.54864606899214,15.508112828789086,11
Netherlands,2,1,66.9235531592127,11.795877128838018,17
Netherlands,2,2,59.960521392592426,12.128862711545512,32
Netherlands,2,3,61.94102603911799,14.617810370048083,35
Netherlands,2,4,68.51891418096447,14.90895040951102,23
Netherlands,2,5,69.21437067989687,14.394416601468729,40
Netherlands,2,6,75.14068092992959,13.970514964536294,36
Netherlands,2,7,71.17598387185527,12.978693241704645,14
Netherlands,3,0,62.186848309297325,10.96519543836695,14
Netherlands,3,1,66.19061626931747,12.342486418530138,23
Netherlands,3,2,68.54306267313683,13.789915132448515,36
Netherlands,3,3,69.97400977997516,14.216542427483937,23
Netherlands,3,4,63.927558740290266,14.325160777233668,32
Netherlands,3,5,66.97808783566109,14.403697147695546,34
Netherlands,3,6,69.90486760114291,12.989499238350206,38
Netherlands,3,7,72.54634436705804,11.95915564750392,19
Netherlands,4,0,72.76987037549374,11.255471977088547,30
Netherlands,4,1,65.36676360582084,13.190945056836366,26
Netherlands,4,2,52.77929341873747,11.230605715248322,36
Netherlands,4,3,50.93432812782325,12.04335718096145,54
Netherlands,4,4,61.13145394933949,11.6023249526492,26
Netherlands,4,5,59.15654317632562,11.209942105773095,65
Netherlands,4,6,62.91391108132516,11.175564541883945,40
Netherlands,4,7,66.15331287453472,12.865257007606365,32
Netherlands,5,0,63.43489655187532,11.652455940825723,19
Netherlands,5,1,57.266656508186195,10.485052753009324,32
Netherlands,5,2,57.55581483856421,10.186092537524763,36
Netherlands,5,3,46.77321751899489,11.283178568117329,48
Netherlands,5,4,55.654754622320745,10.827412443230576,48
Netherlands,5,5,60.43511634074346,10.885136651761142,57
Netherlands,5,6,60.29586596343224,13.854506154401006,39
Netherlands,5,7,69.22525163646154,10.715806613972417,28
Netherlands,6,0,62.18627479189768,10.199924613216252,35
Netherlands,6,1,55.0888675997759,10.898434727532932,36
Netherlands,6,2,51.54615906928801,9.999050745249637,38
Netherlands,6,3,50.87640421766454,10.186348846819524,39
Netherlands,6,4,47.30048087329009,11.275597983818024,55
Netherlands,6,5,53.09953113495845,9.878535438482317,49
Netherlands,6,6,58.08049336307422,10.72807099948211,46
Netherlands,6,7,61.30154771346053,10.59708213951315,39
Netherlands,7,0,56.97841514532017,10.420562172278794,25
Netherlands,7,1,55.57614921701516,9.221641986247183,30
Netherlands,7,2,45.57586910533901,9.608722995848147,45
Netherlands,7,3,40.99126173003071,9.022771497128526,32
Netherlands,7,4,38.90338970956023,8.050620084670669,33
Netherlands,7,5,49.54985119220258,9.491284824559381,58
Netherlands,7,6,51.435145550545286,11.09553969448825,47
Netherlands,7,7,56.64423459366335,11.639414730698848,58
Netherlands,8,0,53.67990094076833,10.51188540687118,31
Netherlands,8,1,44.3705411421144,8.460540380574159,34
Netherlands,8,2,43.88637863656296,7.716697866881163,28
Netherlands,8,3,35.41190436455048,6.724750283239573,29
Netherlands,8,4,33.197542074823225,7.3116506070789224,21
Netherlands,8,5,42.856845138437635,7.046099453860023,30
Netherlands,8,6,48.35023575831016,8.563100569130182,42
Netherlands,8,7,51.583190380966734,10.270008467672671,50
Netherlands,9,0,46.21888427767643,10.064740643943665,24
Netherlands,9,1,36.797894825265004,8.522102994545534,31
Netherlands,9,2,31.372444111628752,5.881312837872776,24
Netherlands,9,3,26.773576124807587,5.42601033936813,18
Netherlands,9,5,38.4549546332837,6.031808615996881,22
Netherlands,9,6,42.53405002609957,8.087597073591027,28
Netherlands,9,7,44.95507978836355,11.050955106155255,28
Netherlands,10,0,39.157280028192524,8.880028700346957,11
Netherlands,10,1,31.593706319243875,8.154017737960078,19
Netherlands,10,2,27.75114523213589,5.539732240034674,19
Netherlands,10,6,33.542395580466724,8.1851808671112,17
Netherlands,10,7,38.2925902421303,11.841712133603933,21
Netherlands,11,2,22.05722262507326,6.637872897773277,15
Netherlands,11,5,19.095484131877917,7.169939017550461,11
Poland,0,3,68.51246791954202,24.190761680393212,11
Poland,0,4,66.19321682209114,21.26054043581715,16
Poland,0,5,80.41832729766955,14.206382477124027,11
Poland,1,2,73.09970767712996,12.667551819146105,12
Poland,1,3,64.57789085541515,17.444181217986458,17
Poland,1,4,71.96772142686778,14.518152395323634,17
Poland,1,5,71.09092516232725,12.220641451816002,14
Poland,2,1,77.4848742618501,12.518683400816045,12
Poland,2,2,64.30687734262325,13.307792653615063,17
Poland,2,3,65.87193130053154,13.20718658300683,10
Poland,2,4,67.7636543512991,12.5786785054543,10
Poland,2,7,65.33756357521987,9.677444665832013,11
Poland,3,0,74.89237578540717,11.690184664992755,22
Poland,3,1,73.03509014485512,11.278460002206982,19
Poland,3,2,68.1584297712235,11.998668582152115,18
Poland,3,3,69.55994931851775,12.017566730100743,15
Poland,3,4,70.41269273827429,12.392306951578709,21
Poland,3,5,66.65238523676348,9.724397539203366,16
Poland,3,7,71.01775311907868,12.337284339672205,13
Poland,4,0,66.4099996534166,11.212912504186908,25
Poland,4,1,63.77775199294644,9.515332086904287,12
Poland,4,2,62.90183361607722,10.82883625578173,18
Poland,4,3,63.48055203062037,9.706145163525067,11
Poland,4,4,64.85905602977138,9.618109814360238,19
Poland,4,5,72.08582489683758,10.474270049192285,15
Poland,4,6,70.62345108246018,9.115282107066683,17
Poland,4,7,68.51924786874683,10.47599518543182,25
Poland,5,0,78.40402692796506,11.074660400491418,25
Poland,5,1,68.84788964486438,10.510937069821763,16
Poland,5,2,62.94648658595725,9.787382189144788,22
Poland,5,4,65.67448105017182,9.633896826559559,15
Poland,5,5,65.35301120127458,8.30617668321303,21
Poland,5,6,67.12267579660966,8.124795366997606,14
Poland,6,0,72.6010368872533,9.676716901331051,20
Poland,6,1,73.75413508961466,9.270227452664761,10
Poland,6,4,59.46716040643038,7.682198861279677,14
Poland,6,5,56.49555852832072,8.051029286452941,11
Poland,6,6,63.64785848827628,8.23105717024396,11
Poland,6,7,66.75011757255936,9.457388002473705,10
Poland,7,0,65.21946273891818,10.718078979111736,28
Poland,7,1,58.692486975984934,8.142195543902247,16
Poland,7,2,52.84696408626839,7.867466907331491,11
Poland,7,5,47.797382795491856,7.695289445684428,14
Poland,8,0,62.7826323216525,10.00157905428852,18
Poland,8,1,57.498904297374914,9.442826821553362,19
Poland,9,0,55.77349838571564,9.251468277548806,21
Poland,9,1,41.48505474600768,6.360823745334949,11
Portugal,0,3,71.49243460464449,19.72831452297657,11
Portugal,0,4,70.71555106118085,17.58603821080534,18
Portugal,1,1,72.4519182899801,12.9654626706971,11
Portugal,1,2,61.218379890295736,12.311299191406558,15
Portugal,1,3,60.650244619764614,19.128133009828513,28
Portugal,1,4,69.76072074262113,17.618908068523396,28
Portugal,1,5,65.12764028659907,15.615101994930058,15
Portugal,2,0,70.85206856136907,14.03055321998777,20
Portugal,2,1,60.56416047384588,14.585880666287505,28
Portugal,2,2,62.14845727052422,14.741250160841707,41
Portugal,2,3,57.522964379745716,13.789704240705115,23
Portugal,2,4,66.60943631570535,15.183585101643644,17
Portugal,2,5,64.63253660126848,15.12336720797063,27
Portugal,2,6,70.44184773398914,15.330695669138114,20
Portugal,2,7,66.28021009651685,11.511221235515,12
Portugal,3,0,74.26887638290076,13.053790388801739,24
Portugal,3,1,67.85253117087481,12.54163376928112,39
Portugal,3,2,62.58961120536399,13.1815641187386,44
Portugal,3,3,61.52527020588135,12.775083484698603,34
Portugal,3,4,68.81256758014902,13.952559182952484,32
Portugal,3,5,62.2436170741142,13.194714329758071,31
Portugal,3,6,66.16876736144094,13.606055281056456,30
Portugal,3,7,77.81389522670138,13.80640826649134,18
Portugal,4,0,77.58282197345343,12.478752636846286,32
Portugal,4,1,65.81358253021855,12.985741451494999,49
Portugal,4,2,62.5509744832907,12.339258711985574,49
Portugal,4,3,60.38948408640665,13.213830022756166,44
Portugal,4,4,59.149106523039194,12.011123203946292,38
Portugal,4,5,63.383570187110735,12.697193864060672,45
Portugal,4,6,63.44125231491393,11.528029565151435,47
Portugal,4,7,75.9219665105431,13.028931823270433,44
Portugal,5,0,66.67054661202809,11.8744562377925,59
Portugal,5,1,62.21120034303925,11.189169119905165,49
Portugal,5,2,56.97895901140144,11.680261532065021,63
Portugal,5,3,58.964325962598465,12.225721720971183,60
Portugal,5,4,54.10483790704308,11.696972734868933,51
Portugal,5,5,61.45499807540283,11.298822755547347,47
Portugal,5,6,66.01554943787131,10.851430119006665,52
Portugal,5,7,67.51178562790122,12.443661246261863,41
Portugal,6,0,62.022779789925394,12.32270872556698,76
Portugal,6,1,55.1507734081479,10.933383118028516,72
Portugal,6,2,54.3086508344299,11.13198066541735,70
Portugal,6,3,50.99509044085537,10.255418458597582,42
Portugal,6,4,51.3868622750213,10.868557176269219,44
Portugal,6,5,54.38783496260864,11.038855149714609,59
Portugal,6,6,58.678520842512334,11.05869283856962,58
Portugal,6,7,60.54392440309659,11.21810864214823,51
Portugal,7,0,59.8851431469397,10.963316701095001,101
Portugal,7,1,54.605885705445615,10.402717777457193,71
Portugal,7,2,49.009527413438626,9.56504936433297,50
Portugal,7,3,51.57389123085108,9.046496942664568,29
Portugal,7,4,47.755496949543456,8.393579009554257,26
Portugal,7,5,52.90761689485568,9.750450888298534,61
Portugal,7,6,56.335037586698746,10.348148020254307,100
Portugal,7,7,58.3909296876619,11.668937951496321,81
Portugal,8,0,54.62305835288095,9.984043791445371,74
Portugal,8,1,52.36523860042629,8.766377833350791,59
Portugal,8,2,47.57514453767,7.309332331799505,41
Portugal,8,3,47.026776052030286,7.899130035924744,18
Portugal,8,4,42.11172249740342,7.331124843353869,19
Portugal,8,5,42.681814832450044,8.070783474812796,39
Portugal,8,6,52.755145154291114,9.075272899821504,70
Portugal,8,7,56.20637860141598,10.36598022995185,67
Portugal,9,0,45.847120446124414,9.846969030315252,52
Portugal,9,1,42.36696850582693,7.455055522717066,37
Portugal,9,2,41.6471937029417,5.521786212204547,24
Portugal,9,3,41.01312857525514,4.790667782856823,11
Portugal,9,4,33.05003524067983,5.2824219707976905,13
Portugal,9,5,34.298215735685986,6.057452781416709,26
Portugal,9,6,39.42657926579513,7.997541453064379,54
Portugal,9,7,46.28137348307791,9.812720077683254,67
Portugal,10,0,42.34466826495259,9.981600142623318,26
Portugal,10,1,31.276552148901537,7.46468823462776,26
Portugal,10,2,27.98104748159711,5.331013187338082,10
Portugal,10,5,26.21023332901999,6.175572209215448,15
Portugal,10,6,35.23127682556363,8.081272106323294,28
Portugal,10,7,43.30587762777208,11.02208837373787,19
Portugal,11,0,21.869043750865323,20.705384111307755,22
Portugal,11,1,27.933634072152376,9.990248416915911,12
Portugal,11,2,23.23340114986222,7.072735726032665,17
Portugal,11,6,29.67702875470853,8.573368537485207,18
Portugal,11,7,23.527182169993953,19.898413805946927,21
Romania,0,3,71.34396469329174,25.149718285005843,13
Romania,0,4,59.051453556074264,25.72735492706577,15
Romania,1,0,62.68635549776719,12.996174269573471,12
Romania,1,2,46.883709732976875,15.066582316941647,11
Romania,1,3,58.56998267977525,19.54299711620084,20
Romania,1,4,58.7439695893117,17.09186923604138,21
Romania,2,0,64.35214807510165,12.900825248615186,13
Romania,2,1,66.88164411599575,13.969690184687902,17
Romania,2,2,61.118968590982504,17.387040564152358,20
Romania,2,3,56.88316507261901,13.464494172053397,10
Romania,2,5,72.16521833894959,15.110648320973361,12
Romania,2,6,69.01015492687861,13.620018666934634,18
Romania,2,7,58.453734466955076,12.448693761389599,15
Romania,3,0,60.96514161166175,13.304057800658525,12
Romania,3,1,63.80380281828458,11.526329991001074,10
Romania,3,2,56.991864074220246,12.499623063035472,19
Romania,3,3,44.653522460840904,11.766113026182207,10
Romania,3,5,51.38610533799879,13.96581231116063,15
Romania,3,6,50.18517652214475,11.438508470342835,10
Romania,3,7,50.66345041958591,10.206884678924583,14
Romania,4,0,70.9067305721368,12.119469838301828,17
Romania,4,1,66.50978132326073,11.618237361558485,19
Romania,4,2,54.631072756105496,10.762391722470184,20
Romania,4,3,57.821140138443276,9.987612320502329,10
Romania,4,4,54.18740390494292,11.97545585457253,12
Romania,4,5,51.89061866700742,9.97309083663437,17
Romania,4,6,61.58924663777131,10.501505829954123,13
Romania,4,7,59.59198141813753,11.855665523400571,19
Romania,5,0,69.93773785332122,11.21031779914233,23
Romania,5,1,55.71170478504341,10.380848963330907,23
Romania,5,2,55.97977679790771,9.19378247917736,17
Romania,5,3,54.29109490261691,9.975041992834898,15
Romania,5,4,51.26266548208651,12.967427579775583,15
Romania,5,5,51.303098719373324,12.292418629921901,10
Romania,5,6,62.99156650553502,11.003004569498446,11
Romania,5,7,60.943896955250075,11.085533499720603,21
Romania,6,0,61.7027640780914,11.548943753976996,21
Romania,6,1,61.36871264543812,10.450157361579736,20
Romania,6,2,58.80130355905497,9.146945134028325,19
Romania,6,3,55.26549372865061,9.262079403980353,13
Romania,6,4,56.46514129404142,8.325684197809242,14
Romania,6,5,56.68654976465269,9.586756778501792,13
Romania,6,6,56.139990332853465,8.819736390695365,16
Romania,6,7,63.405045295418226,10.252618591922628,18
Romania,7,0,61.77341852674366,10.09298889868939,18
Romania,7,1,57.953851792480904,9.694127696855276,18
Romania,7,2,62.1464217101801,7.145604947955418,17
Romania,7,5,59.45736481696431,8.047282604542131,12
Romania,7,6,56.24462023382961,7.541375482016623,18
Romania,7,7,69.56662255201135,9.783391011579214,20
Romania,8,0,48.31688183680936,10.181754545485648,22
Romania,8,1,49.04483959708201,8.9996503342074,20
Romania,8,2,40.62496032048788,7.577709828232069,14
Romania,8,5,57.18496228430318,8.411811092380212,10
Romania,8,7,58.237290728101186,10.816558974087846,17
Romania,9,0,35.16469241258837,11.265177659983982,19
Romania,9,1,40.50671605902364,8.174338491154037,15
Romania,9,6,33.56504354124092,8.467302379266334,16
Romania,9,7,49.756965447763214,11.272299781234373,15
Romania,11,0,26.07594718460405,17.1713144975257,13
Romania,11,7,22.746633021270505,17.313018679439388,15
Scotland,0,4,44.84761314239734,27.73740381986265,13
Scotland,1,2,50.72714168238223,10.9123394725511,10
Scotland,1,3,50.68227965882747,17.56171574672004,12
Scotland,1,4,68.28263496588691,17.12851228420526,17
Scotland,2,1,52.848625120416656,14.380902200869313,15
Scotland,2,2,50.632819139670694,11.185178741316202,16
Scotland,2,4,36.241299062625025,16.548516126370952,12
Scotland,2,5,57.378567386933426,14.587212677138867,15
Scotland,3,0,68.077717616533,13.67828900055689,11
Scotland,3,1,48.063263006621106,13.520274157360252,23
Scotland,3,2,50.163918684370685,12.808700390127866,24
Scotland,3,3,41.63113603583535,13.363473587483536,16
Scotland,3,4,48.45515531873482,13.375286800537099,15
Scotland,3,5,51.74123618200736,13.875330252224321,16
Scotland,3,6,57.07013925406405,12.169419933247337,10
Scotland,4,0,65.0351599140461,12.392411828307651,17
Scotland,4,1,49.92732610413317,10.895159542776513,26
Scotland,4,2,48.227856696600824,11.019621349871862,35
Scotland,4,3,41.16080943238109,12.152384229048996,21
Scotland,4,4,46.19679412309165,10.882496737382708,26
Scotland,4,5,53.373731036351046,12.231083040672269,20
Scotland,4,7,60.34612936655606,11.244597188492513,17
Scotland,5,0,58.45630438114193,11.752587532971788,19
Scotland,5,1,53.360761954134446,10.016400107961852,15
Scotland,5,2,55.7996669201986,10.181876222374276,12
Scotland,5,3,44.28851864666651,11.103621147537007,24
Scotland,5,4,45.643692844970424,9.73536190275714,23
Scotland,5,5,53.54235611546207,9.52902181650604,34
Scotland,5,6,66.44706318305727,9.787706416218219,14
Scotland,5,7,54.94430317518084,12.966266902387952,14
Scotland,6,0,61.016086274494945,12.010017108815278,18
Scotland,6,1,54.37938404918622,11.315078142868137,17
Scotland,6,2,55.631871189861116,10.325674840936747,18
Scotland,6,3,47.273071760743186,11.408817034104237,15
Scotland,6,4,52.439100781034526,10.078296368651513,19
Scotland,6,5,44.615866408151916,7.886669988028245,14
Scotland,6,6,59.42034580291369,9.394840942139501,14
Scotland,6,7,70.92636134506554,10.34733425760264,14
Scotland,7,0,62.654315027111416,9.325221294685823,21
Scotland,7,1,46.51427563489143,10.18997734331004,18
Scotland,7,2,50.26127224369895,9.41386918108203,14
Scotland,7,4,50.34466772481476,7.146736348605486,11
Scotland,7,5,53.75606880610536,9.183842996493786,10
Scotland,7,6,49.530971525356975,10.44618768838659,10
Scotland,7,7,57.72585631228527,9.711427321826983,14
Scotland,8,0,50.67696903716505,11.85766401229912,16
Scotland,8,6,55.039309570124146,8.322979742885208,15
Scotland,8,7,65.93360166676807,11.349341492195643,13
Scotland,9,0,44.73416527336813,10.59539713165458,12
Scotland,9,6,42.91922119108361,9.610742910209002,11
Scotland,11,0,34.80958080487264,17.318651916331923,16
Serbia,1,2,49.25938824976848,14.09447305759042,10
Serbia,1,3,47.64122559885538,15.56104111626854,11
Serbia,1,4,48.25263105255467,14.108063837119808,11
Serbia,2,2,43.36558337779226,14.310688037745436,21
Serbia,2,3,46.196719940559085,15.497589454685654,11
Serbia,2,4,44.45088678259283,14.456200761630871,18
Serbia,2,5,34.16751679233707,14.382256630260953,15
Serbia,2,6,57.30898807662222,14.261400236399663,11
Serbia,3,0,61.3918806709302,13.26554724464404,14
Serbia,3,1,60.523356875724055,12.712109689488306,12
Serbia,3,2,49.32902427197419,12.827227199559562,27
Serbia,3,3,41.793935454340385,13.959778107348102,21
Serbia,3,4,39.30524218918298,13.527089709650523,18
Serbia,3,5,49.68647063158993,13.111628164452515,19
Serbia,3,6,55.16480071754983,14.56267178035157,25
Serbia,3,7,45.62818386385631,14.834411283072532,10
Serbia,4,0,56.99613165539654,12.25489310949332,26
Serbia,4,1,52.762765591502,10.63585911053171,18
Serbia,4,2,48.59627801225959,10.982892777136179,23
Serbia,4,3,39.57804451747229,12.77556830896739,14
Serbia,4,4,47.63636511149481,12.05225403996155,28
Serbia,4,5,53.200065842193666,12.151894921660352,30
Serbia,4,6,53.95216558491578,13.091825696363738,28
Serbia,4,7,61.618001799045985,12.041820842561885,23
Serbia,5,0,55.46950322014116,13.417085768298229,15
Serbia,5,1,50.361251896603,14.481534277015381,15
Serbia,5,2,50.353202933524656,10.85201704936634,35
Serbia,5,3,38.02201152102656,12.547116719823805,25
Serbia,5,4,46.995842879038484,11.726425835795267,27
Serbia,5,5,56.600572826229076,9.989095328419916,29
Serbia,5,6,53.75434966813432,11.538940663271644,36
Serbia,5,7,57.902667093414834,13.748578606880178,17
Serbia,6,0,60.22979188620243,13.752864922925069,22
Serbia,6,1,57.52575426131054,12.370292063099365,24
Serbia,6,2,53.7016829486442,10.577102768263726,22
Serbia,6,3,45.87593526245333,10.830586170118844,20
Serbia,6,4,45.3941357834719,10.14850730479898,30
Serbia,6,5,48.353245062340996,9.817540777226702,37
Serbia,6,6,59.93268827210041,11.135540842689736,32
Serbia,6,7,63.16022256492967,11.744448432391744,31
Serbia,7,0,57.47215258366015,11.91092378452408,23
Serbia,7,1,53.46278864211897,11.168908572518998,21
Serbia,7,2,48.94747430449509,9.054501821664362,25
Serbia,7,3,51.47925901772384,10.153687152271344,11
Serbia,7,4,45.880672691904586,9.980885581843468,15
Serbia,7,5,48.16575493695585,9.892438260406397,26
Serbia,7,6,48.54576678710921,12.109120268842766,20
Serbia,7,7,57.05195370328431,12.578688012300082,30
Serbia,8,0,55.14375247927729,11.78634027138844,14
Serbia,8,1,56.04879499219204,8.60424747476685,13
Serbia,8,3,40.21273112681698,7.034822577144818,14
Serbia,8,5,43.66013373493518,8.307813994566365,12
Serbia,8,6,49.11265147056387,8.940766587669968,16
Serbia,8,7,56.07492978528316,11.424411066650253,26
Serbia,9,1,43.16310587730852,7.7166292577384965,12
Serbia,9,5,35.370090007203615,6.607916320192562,16
Serbia,9,6,36.27624794686242,7.712972320432318,11
Serbia,9,7,45.57433917540245,11.727850069232671,16
Serbia,10,0,35.8396901724953,12.236832603742348,12
Serbia,11,0,26.96091979524694,17.138002588716592,10
Serbia,11,7,13.444351616679807,24.884823771372538,10
Slovakia,0,3,85.49081847420541,23.82412281494764,14
Slovakia,0,4,82.58456593965741,24.394890814476845,16
Slovakia,1,1,63.49925828136839,12.155782476221056,11
Slovakia,1,2,60.69603254298717,14.25373192336169,15
Slovakia,1,3,85.62084774488308,19.03488938793517,23
Slovakia,1,4,89.50030509229839,20.520877934997994,31
Slovakia,1,5,62.08613984572878,16.5186633783723,12
Slovakia,2,0,66.22802524844482,10.992387694103373,17
Slovakia,2,1,63.90780217506118,8.940714645817417,18
Slovakia,2,2,63.12362827917826,14.171579342220422,23
Slovakia,2,3,72.0565642630227,16.34184926549078,17
Slovakia,2,5,72.74920194008233,15.377165017773077,25
Slovakia,2,6,81.08458855489309,13.106011921559833,16
Slovakia,3,0,67.33476905047299,11.992318453453086,24
Slovakia,3,1,63.70005200311483,11.474749976413374,19
Slovakia,3,2,67.278612750073,12.043325460386606,33
Slovakia,3,3,69.82387425560353,15.787583544396407,21
Slovakia,3,4,64.27214717458212,16.571375366316847,23
Slovakia,3,5,67.54141774547914,13.801164655122038,27
Slovakia,3,6,80.34681789356267,13.86350211338562,17
Slovakia,3,7,80.95185233262701,12.221215040148577,20
Slovakia,4,0,65.66665529137761,11.861615324487586,29
Slovakia,4,1,73.6220571979282,12.653225930255465,26
Slovakia,4,2,62.61348590498941,12.006331030163846,54
Slovakia,4,3,67.56985023229784,12.908243909594733,22
Slovakia,4,4,62.864893147135675,11.908186850446878,29
Slovakia,4,5,67.34865182815803,12.97311348772812,42
Slovakia,4,6,75.48996905090111,11.808498346320443,30
Slovakia,4,7,69.10952761034781,10.306136909931672,16
Slovakia,5,0,73.5394162890275,10.330341591257325,25
Slovakia,5,1,66.11226918173456,11.478476426555067,37
Slovakia,5,2,57.82071823711774,9.429718768344227,55
Slovakia,5,3,56.13247116068456,10.326316403250468,32
Slovakia,5,4,60.12346086117631,11.598838404229319,31
Slovakia,5,5,61.12234576512444,10.789158907163301,41
Slovakia,5,6,65.4519307601051,11.921606902235942,15
Slovakia,5,7,80.55940756790821,10.83909237674819,18
Slovakia,6,0,69.832837485032,11.219754724073312,23
Slovakia,6,1,64.66613864912068,9.025089267763846,23
Slovakia,6,2,59.25503809899569,8.597754639754221,31
Slovakia,6,3,49.36617184894121,9.791857250141078,21
Slovakia,6,4,54.56860914113043,11.017159665191956,30
Slovakia,6,5,64.45006669353329,9.077639733897326,20
Slovakia,6,6,68.00622199873763,11.049526808557001,27
Slovakia,6,7,74.9809334885979,11.496871605888211,21
Slovakia,7,0,68.13120986876166,10.910618910196984,33
Slovakia,7,1,55.58311862305794,9.4133444048788,25
Slovakia,7,2,48.44831939975584,9.342434080470541,29
Slovakia,7,3,47.15523111111391,10.130714783119561,23
Slovakia,7,4,49.70593099233485,8.922377824522194,15
Slovakia,7,5,48.09292150473668,9.132539335769316,26
Slovakia,7,6,68.42837267439597,8.667818375364059,17
Slovakia,7,7,68.85837925671215,11.205922916202868,28
Slovakia,8,0,54.34576724993273,11.203674128582822,26
Slovakia,8,1,51.2619166680496,9.08828921653805,24
Slovakia,8,2,43.27303522653132,8.506391385352103,17
Slovakia,8,4,43.50569197897499,8.295105143136977,11
Slovakia,8,5,47.596852336971054,8.300201609211692,10
Slovakia,8,6,42.17423421363773,11.315407387399357,10
Slovakia,8,7,62.52981712707122,11.311281284332015,18
Slovakia,9,0,46.61296129931017,10.881921350326344,18
Slovakia,9,1,43.40149500982505,11.423895879306738,18
Slovakia,9,2,50.381745433712965,5.6301169563970355,11
Slovakia,9,5,43.99881620407703,6.819911350920881,11
Slovakia,9,6,53.17615365890802,7.871389122994885,11
Slovakia,9,7,46.52693309144166,11.155194411800801,21
Slovakia,10,0,40.79283381752428,12.934027874667537,13
Slovakia,10,7,42.48278047285482,10.386257803014868,22
Slovakia,11,7,27.494910019780246,18.88459111161757,20
Slovenia,0,4,58.70170005981205,25.42487212315356,24
Slovenia,0,5,66.25374149510212,15.443309034948257,10
Slovenia,1,2,67.19073444222444,15.231137175120368,12
Slovenia,1,4,68.32291279055234,19.70889588225373,15
Slovenia,1,5,68.04167662247544,18.36464934404212,10
Slovenia,1,7,59.05464816900556,15.13202064079807,13
Slovenia,2,0,63.75763074422123,15.39591961231336,15
Slovenia,2,1,65.51897504988871,14.45976823440297,13
Slovenia,2,2,58.91630290318323,15.029874913360883,17
Slovenia,2,6,60.43521544288721,11.418514408760347,14
Slovenia,2,7,56.374162829877065,11.994714201943186,15
Slovenia,3,2,54.378818573280626,9.165010660610223,14
Slovenia,3,5,54.848537381933376,10.884960089933188,10
Slovenia,3,6,68.53029995421703,9.699238534205195,25
Slovenia,3,7,62.06403896067581,11.444890391797621,24
Slovenia,4,0,72.878672734267,13.432725699918072,24
Slovenia,4,1,61.285223740653954,9.41652239806362,16
Slovenia,4,2,58.01352908915219,11.823247093346831,13
Slovenia,4,4,48.63972843468129,11.431210034596536,19
Slovenia,4,5,54.35760055222995,11.509544511115822,14
Slovenia,4,6,56.05231127122773,11.381721255864969,17
Slovenia,4,7,57.864611419044266,11.058726930569737,19
Slovenia,5,0,65.73593285569343,10.502608033317907,21
Slovenia,5,1,58.96777438969444,8.473657655953774,17
Slovenia,5,2,60.097300938988255,11.246143471090276,10
Slovenia,5,3,49.78717065780565,12.91916117247519,28
Slovenia,5,4,52.68026297006122,10.639222585226818,28
Slovenia,5,5,56.18358391372067,11.338541210324916,20
Slovenia,5,6,57.76128812965175,10.845437611561003,18
Slovenia,5,7,58.206110806623066,11.40742796531875,15
Slovenia,6,1,60.35973578082539,9.951858993824118,15
Slovenia,6,2,56.65970036104108,9.423772154820421,11
Slovenia,6,3,51.44133376638594,9.843498566428433,26
Slovenia,6,4,64.1350294255162,9.183253005734109,21
Slovenia,6,5,55.09651060987744,9.826623897852837,20
Slovenia,6,6,57.21250477201206,8.760378321060518,24
Slovenia,6,7,65.80175111940427,10.695629297658432,35
Slovenia,7,0,58.19950151552292,14.491269405974803,11
Slovenia,7,1,52.68147060776874,11.667386323181798,15
Slovenia,7,2,48.8194473955458,8.844583734606184,15
Slovenia,7,3,53.477828882047326,8.323600240864,14
Slovenia,7,4,58.66709010290317,9.283366789989257,11
Slovenia,7,5,51.5254137677092,8.057050441664288,15
Slovenia,7,6,51.152520772278464,8.487709335783958,20
Slovenia,7,7,60.95944771659908,10.450359971848368,26
Slovenia,8,1,56.65230635189469,9.765937035165736,12
Slovenia,8,5,38.70134047416989,7.622790697495887,18
Slovenia,8,6,52.336762310734564,7.647494027229768,17
Slovenia,8,7,51.1252866740777,10.717481633900519,24
Slovenia,9,6,43.66392660076089,8.022900236193813,14
Slovenia,9,7,51.605159461010174,10.732813112051373,13
Slovenia,10,0,32.19128728737731,14.752300421309991,10
Slovenia,10,7,38.674889165243215,10.021779574669104,11
Slovenia,11,7,19.648238700844935,21.784963904493296,10
Spain,0,3,75.50686447717266,22.448984061601447,33
Spain,0,4,68.1623509531492,23.98937599537383,32
Spain,1,1,78.71704376527002,14.658830970258338,12
Spain,1,2,56.115798312726135,17.092882456392957,22
Spain,1,3,67.1026478687373,17.527120698892038,55
Spain,1,4,66.78165401041103,18.20445019683028,51
Spain,1,5,71.56326171418998,17.31433750205733,18
Spain,1,6,76.7054527190892,13.547783783025812,14
Spain,2,0,65.4299182323886,13.641707947842344,23
Spain,2,1,67.07912168072599,11.55902141304737,26
Spain,2,2,58.09582602929894,13.4497400886069,42
Spain,2,3,55.3684821002263,14.317936474977332,30
Spain,2,4,56.329291307624345,15.852328838135032,31
Spain,2,5,58.25206901422032,12.54109103383479,44
Spain,2,6,65.9010577815605,11.201538083451084,20
Spain,2,7,80.53638867089684,10.904778942251003,13
Spain,3,0,73.13895813297361,12.300351135142096,30
Spain,3,1,62.47091870717106,12.321193198335408,36
Spain,3,2,63.03016220513113,12.257514381404913,40
Spain,3,3,59.90759601586951,11.143425776336999,31
Spain,3,4,58.86322336515394,13.368398382024173,24
Spain,3,5,61.273479515295264,13.688927923490581,43
Spain,3,6,58.44610997724169,11.245923759177886,24
Spain,3,7,71.24913599387234,12.18100965111384,35
Spain,4,0,71.63707912950721,12.688490428338163,39
Spain,4,1,61.63799450750449,12.77718187860506,42
Spain,4,2,64.68072263611421,11.714932154623416,65
Spain,4,3,58.077820821243954,11.571989572915282,51
Spain,4,4,62.608085556994936,11.852779124616509,55
Spain,4,5,61.674542983891136,12.00614696441663,56
Spain,4,6,56.31857772428249,11.646667847279305,35
Spain,4,7,70.47946021563217,11.772799937821683,30
Spain,5,0,70.12930962815409,10.549024710668442,38
Spain,5,1,69.8531104878267,11.432472120914026,51
Spain,5,2,60.700656343324624,10.2604885279852,67
Spain,5,3,57.152071178451024,10.540155646346921,50
Spain,5,4,56.831932204941566,10.810511577747082,74
Spain,5,5,56.80677115615067,11.110477325924967,66
Spain,5,6,68.25511698450067,11.550125143935743,30
Spain,5,7,77.26490948996394,11.251243062099146,40
Spain,6,0,65.76734594146686,11.461752312984828,57
Spain,6,1,60.808644935895245,11.003498730431474,93
Spain,6,2,56.31692297916068,10.394419187019357,85
Spain,6,3,54.011546934090326,10.480672936978907,58
Spain,6,4,52.028296331682064,10.804127627852873,63
Spain,6,5,51.99651709929103,10.847334603386287,75
Spain,6,6,60.67751319523383,11.018893190384135,42
Spain,6,7,71.82954247672598,11.8318949037561,34
Spain,7,0,58.97680151878249,11.130984110556865,100
Spain,7,1,54.13685470668618,10.018680694740372,106
Spain,7,2,50.81709457982259,9.56184904535592,87
Spain,7,3,48.07303109504715,8.838347837156206,68
Spain,7,4,49.153242076809185,9.430010011424548,51
Spain,7,5,52.64321046885468,10.08673699038329,75
Spain,7,6,63.011672636255554,9.866512130872831,53
Spain,7,7,65.71310375484175,10.743339101462873,59
Spain,8,0,53.642152617449604,11.137263638948262,82
Spain,8,1,51.52264102286174,9.128942994770549,84
Spain,8,2,46.457815493704935,8.00265219648216,54
Spain,8,3,42.58875198312765,7.109254294335521,34
Spain,8,4,43.447370990871896,7.11805564766503,32
Spain,8,5,45.36083766641442,8.035888271683186,41
Spain,8,6,50.06042617077034,8.9095754898058,45
Spain,8,7,56.477696143911025,10.75128129336487,60
Spain,9,0,46.70794547738974,10.252385852852406,76
Spain,9,1,41.96005422001587,7.965765101956482,67
Spain,9,2,37.616967954011386,5.981595535505876,54
Spain,9,3,36.1757424768371,5.578727361454594,30
Spain,9,4,39.468048727702495,6.065777318235161,25
Spain,9,5,36.52986501040452,5.846852305672849,47
Spain,9,6,38.27334708086042,8.107105353566642,36
Spain,9,7,46.66983877271363,11.517668164258737,42
Spain,10,0,40.62566221085773,10.787464822727404,35
Spain,10,1,35.84151018468045,10.194525670789455,20
Spain,10,2,30.429759907434864,5.465557622572187,15
Spain,10,4,34.71981900280085,4.531738955614742,11
Spain,10,5,30.316845692088243,5.769919093316636,20
Spain,10,6,31.449231833624506,7.740883806168717,22
Spain,10,7,40.126174073983364,10.63832902890387,23
Spain,11,0,26.614964063431383,17.97196175197122,26
Spain,11,1,29.770614241539437,9.98971514903372,18
Spain,11,2,26.761960430745464,6.872941711042446,12
Spain,11,5,22.013746964850707,6.959200311595868,12
Spain,11,6,27.100456244106653,7.926135213239609,12
Spain,11,7,28.23446679915757,19.982700284006324,16
Switzerland,0,3,77.97121244278432,16.98247610548088,23
Switzerland,0,4,77.99986152468492,18.232470780843386,28
Switzerland,1,1,78.88293631473724,13.30485095143331,13
Switzerland,1,2,62.36518751042747,10.851858677572302,27
Switzerland,1,3,65.80314273964726,16.250702320804464,28
Switzerland,1,4,67.48469301816176,15.195419289784711,43
Switzerland,1,5,62.59646287282061,12.820824210665558,19
Switzerland,1,6,60.2243869209923,14.209083276318347,14
Switzerland,1,7,73.53721665980446,14.473092132463504,11
Switzerland,2,0,68.15011868279925,12.200725960890814,12
Switzerland,2,1,67.06336229293501,10.782521664384776,26
Switzerland,2,2,57.67647144343378,10.587383475532683,36
Switzerland,2,3,56.831383525565336,10.326285205215207,16
Switzerland,2,4,64.0687669032283,12.278626354531383,19
Switzerland,2,5,60.907824201588355,13.550274729638224,26
Switzerland,2,6,64.92061796320903,13.619243629673775,12
Switzerland,2,7,63.28737506089387,11.766368422631642,22
Switzerland,3,0,75.77084928698392,10.182357656578999,20
Switzerland,3,1,69.87976413164589,11.578084490396638,26
Switzerland,3,2,62.361820867406806,10.86092780474562,25
Switzerland,3,3,55.826833978185356,11.617140727327603,17
Switzerland,3,4,62.20346529434062,10.619481160185726,16
Switzerland,3,5,63.114301408656054,11.293963718580642,15
Switzerland,3,6,67.59421097767948,12.599994297703292,19
Switzerland,3,7,75.18331089054927,12.097282872980074,23
Switzerland,4,0,68.82878788844732,11.124810449105059,33
Switzerland,4,1,67.2848107436337,9.840984563936571,28
Switzerland,4,2,57.80735082613878,9.612240112578387,41
Switzerland,4,3,60.6714539704818,10.649211200267445,33
Switzerland,4,4,58.88434787144093,10.271725365631577,37
Switzerland,4,5,62.89428393797125,11.700222718387874,28
Switzerland,4,6,63.99629246522493,11.135156366465253,24
Switzerland,4,7,67.17254725691727,11.837995815432134,39
Switzerland,5,0,67.9595428164875,9.60036995730938,36
Switzerland,5,1,63.842075041480236,11.087312174770876,32
Switzerland,5,2,56.54012850893152,9.966563623922301,33
Switzerland,5,3,60.15784633331326,8.67582845000863,29
Switzerland,5,4,60.05871075998235,9.71112997958932,35
Switzerland,5,5,59.94853076921019,9.341518971927147,39
Switzerland,5,6,61.88246978577106,9.522061190724497,22
Switzerland,5,7,67.81521700181844,11.133432969965446,37
Switzerland,6,0,61.88622283614886,11.341281977556024,28
Switzerland,6,1,59.053279639787355,10.682517780968743,28
Switzerland,6,2,55.104811808773256,8.612156651956953,45
Switzerland,6,3,55.34208475832363,10.699159920531585,29
Switzerland,6,4,54.4643450433907,9.188802857875292,24
Switzerland,6,5,56.205869811064424,9.197525544417585,34
Switzerland,6,6,56.506825849983045,10.311733410984447,32
Switzerland,6,7,62.75375276606399,11.078472683064392,24
Switzerland,7,0,61.93689436648836,11.007730421426317,52
Switzerland,7,1,60.43969512955523,9.534260834449306,50
Switzerland,7,2,56.212177150662804,8.84890689256445,44
Switzerland,7,3,51.54162865183389,8.913287868023865,27
Switzerland,7,4,46.8976780112618,10.098115453735062,18
Switzerland,7,5,45.087231661365074,9.844700881549201,27
Switzerland,7,6,58.29028963722945,9.608049184260672,27
Switzerland,7,7,57.33025487697622,10.894985336743279,56
Switzerland,8,0,58.31795334177551,9.638001316598153,54
Switzerland,8,1,51.23975284636426,7.860391892182041,49
Switzerland,8,2,45.7384515807655,6.962208845471583,27
Switzerland,8,3,49.181589111918704,6.263355066522892,13
Switzerland,8,4,44.14839563345216,8.350485866262416,16
Switzerland,8,5,41.89908098868764,7.14716954752361,10
Switzerland,8,6,43.13817019606342,9.046923659673777,21
Switzerland,8,7,48.11896992498871,9.986609060359772,39
Switzerland,9,0,46.98332761349616,9.515503140900453,54
Switzerland,9,1,43.76060716145351,7.643051951960202,41
Switzerland,9,2,35.157745588901655,6.094327608235623,19
Switzerland,9,4,29.185825962998713,5.635239327760311,13
Switzerland,9,5,37.113589694244496,6.06509893415863,16
Switzerland,9,6,44.79364286468129,8.400164540987625,16
Switzerland,9,7,46.35683888368997,9.922388245691637,35
Switzerland,10,0,39.86060705654588,10.088678337548359,14
Switzerland,10,1,34.79666468749914,8.089466901192948,17
Switzerland,10,5,24.429303900873727,5.802851917213822,10
Switzerland,10,6,39.02591952095576,8.619868676334072,11
Switzerland,10,7,36.392096710882065,11.352724199406863,23
Switzerland,11,0,33.5115852673306,17.17310814586344,16
Switzerland,11,7,22.153129682560014,21.608332517212347,20
Turkey,0,3,78.66665338845824,18.592982807116417,22
Turkey,0,4,79.8763269983507,19.032380882743723,25
Turkey,1,1,65.35698176150295,12.749278333436642,19
Turkey,1,2,66.60020046315087,13.837000481493794,12
Turkey,1,3,78.63936410138145,19.139811004413623,19
Turkey,1,4,78.94842946699465,18.408616872532537,33
Turkey,1,5,70.83277229089447,13.011269427806399,16
Turkey,1,6,73.47744519885214,12.863222868199289,18
Turkey,2,0,81.12908155893402,13.605928209059831,24
Turkey,2,1,67.84145695419924,12.394006581628261,21
Turkey,2,2,64.90721696656378,12.291618212936553,28
Turkey,2,3,66.25488741275663,11.960988209413328,11
Turkey,2,4,72.69932106108799,16.57642642231333,16
Turkey,2,5,65.94529657827333,12.84252500144443,22
Turkey,2,6,72.99284537327308,12.5644184792483,15
Turkey,2,7,76.9626730809305,12.62418802235935,13
Turkey,3,0,66.41038951459595,10.591608308746114,20
Turkey,3,1,68.78476544394985,11.701945393301132,25
Turkey,3,2,70.77447835526108,10.946500281618043,24
Turkey,3,3,61.95384769655013,9.906932186659839,16
Turkey,3,4,66.55043999375658,12.017128334536231,25
Turkey,3,5,62.56262577379541,12.39927005013045,16
Turkey,3,6,75.11205787012769,12.060418983066093,23
Turkey,3,7,80.24356616927038,12.712471105910254,12
Turkey,4,0,77.34846990253743,11.900692862699984,27
Turkey,4,1,67.78992148525548,13.119936917689001,27
Turkey,4,2,63.95538821008555,11.06526755530028,31
Turkey,4,3,59.80344656123551,12.88880429218371,31
Turkey,4,4,62.110721907087985,11.38623678877417,30
Turkey,4,5,71.64653223381816,11.157268046020913,26
Turkey,4,6,64.95682230718393,11.901570762637757,33
Turkey,4,7,77.77225591032074,10.711704461610898,23
Turkey,5,0,71.07237300946619,10.991538172205912,27
Turkey,5,1,64.74178961593879,12.300669706707785,32
Turkey,5,2,59.876396534560406,10.65767464233424,28
Turkey,5,3,58.14822625011648,11.169225677755998,29
Turkey,5,4,55.41576280805235,11.10382474337868,39
Turkey,5,5,59.261243116965886,11.811065237707409,34
Turkey,5,6,58.491107688217326,10.559995697755735,21
Turkey,5,7,64.98754412862685,9.644011077065835,22
Turkey,6,0,64.07069626148734,11.88136878722243,34
Turkey,6,1,57.92524756954917,10.854986926555702,28
Turkey,6,2,52.05432738302227,11.489579702206226,35
Turkey,6,3,46.11652255246422,10.706963209358824,30
Turkey,6,4,49.56441771796195,10.218762086514838,36
Turkey,6,5,51.3046346942636,9.717885039881626,28
Turkey,6,6,56.97794711267744,11.295123841342054,42
Turkey,6,7,65.1629328502603,11.07530552060633,32
Turkey,7,0,65.20952285890455,11.143328880971723,41
Turkey,7,1,53.71299189170279,9.252928094717445,31
Turkey,7,2,51.851929892963895,10.59653831513236,34
Turkey,7,3,45.3452181311805,10.500884189296823,23
Turkey,7,4,48.90027186762025,9.610869610696293,35
Turkey,7,5,50.720790456437236,10.329465591080023,33
Turkey,7,6,56.55916387548017,10.621993695075172,23
Turkey,7,7,63.27119931913378,9.663269442350643,37
Turkey,8,0,62.575148760694574,9.619203967309616,31
Turkey,8,1,51.25932651782306,8.346942156010517,29
Turkey,8,2,41.6361556616504,8.607201364827779,28
Turkey,8,3,40.22907341193404,8.216528654314237,23
Turkey,8,4,41.69173672603389,7.6436672488981445,19
Turkey,8,5,39.1658618260754,8.34247838361957,22
Turkey,8,6,46.81404218679392,9.67764717238781,34
Turkey,8,7,51.799224889572756,10.987795669143761,26
Turkey,9,0,47.824233225717464,9.56720250117501,23
Turkey,9,1,41.585612429750945,7.484475871885738,35
Turkey,9,2,35.15858474123723,5.792438343806524,25
Turkey,9,5,37.60866108795983,6.402311212786389,17
Turkey,9,6,38.64359411041672,7.737148488538546,28
Turkey,9,7,41.72446959650202,11.871905010693977,23
Turkey,10,0,49.78209646990144,10.649553844852386,11
Turkey,10,1,31.68974237258266,7.5524344569874895,13
Turkey,10,5,29.59327990698923,5.414146573668349,10
Turkey,10,6,36.87566444642471,9.038055981598974,12
Turkey,10,7,35.893215190667654,11.783861653581626,13
Turkey,11,6,29.161977596886395,8.126977362404476,13
Turkey,11,7,26.339144201579177,20.394184752400257,15
Ukraine,0,3,51.00855514154973,23.762497078550975,19
Ukraine,0,4,51.99812323025985,21.694151667476266,13
Ukraine,1,2,48.40300065028519,14.516009531426283,23
Ukraine,1,3,39.97471607463726,18.2764333819584,11
Ukraine,1,4,51.519245611197974,17.842751166449634,22
Ukraine,1,5,57.53850833122982,15.780152633236932,12
Ukraine,2,0,50.597847529155786,13.899108477250937,10
Ukraine,2,1,66.5965747098071,12.651025440158023,23
Ukraine,2,2,52.52133788300487,13.531958824525164,36
Ukraine,2,3,50.13406504453927,14.508329613486803,15
Ukraine,2,4,45.51214986815112,12.580712207078891,15
Ukraine,2,5,53.88859441280578,12.305168844824548,27
Ukraine,2,6,50.3031618799858,13.298551599826636,12
Ukraine,3,0,67.57828514331204,13.587962673076646,15
Ukraine,3,1,55.1207557049855,10.75324515989696,15
Ukraine,3,2,59.256754364486554,10.859298254051962,28
Ukraine,3,3,49.720386296624234,11.96874269760428,27
Ukraine,3,4,58.220032269051536,11.987331590870928,12
Ukraine,3,5,50.59369095395801,12.52605771202288,20
Ukraine,3,6,52.39144309253311,9.23180416872033,11
Ukraine,4,0,62.604668307232366,12.736671522601313,12
Ukraine,4,1,60.85376630757826,10.750415230879582,17
Ukraine,4,2,57.42859217202867,10.47974554511576,28
Ukraine,4,3,52.6932223546035,10.934054938441014,22
Ukraine,4,4,52.164543342059396,12.268432647999576,22
Ukraine,4,5,54.9021854887069,11.727580351003711,28
Ukraine,4,6,59.605557760471065,11.653700424704754,22
Ukraine,4,7,62.927892910670444,11.422758620900487,12
Ukraine,5,0,77.15462245392304,10.475108092201,13
Ukraine,5,1,61.940416072137474,9.344207953428102,21
Ukraine,5,2,58.197874425008926,10.666443556764799,27
Ukraine,5,3,50.400083071628025,10.812097266518103,23
Ukraine,5,4,56.5273053402853,8.859782486485006,14
Ukraine,5,5,49.41636894730858,10.6968587325226,32
Ukraine,5,6,57.38143377032692,9.638132597597417,17
Ukraine,6,0,61.826358168125196,9.448468848903506,22
Ukraine,6,1,58.25007495212525,10.382717470473283,22
Ukraine,6,2,53.118351210589196,9.361258538545224,28
Ukraine,6,3,49.26617910429038,10.052540976232963,23
Ukraine,6,4,46.55580410146041,9.413243597010245,27
Ukraine,6,5,51.202024405109775,9.723228164712063,31
Ukraine,6,6,56.3311415222356,8.7251025239166,16
Ukraine,6,7,59.525591937163654,12.129225036078381,14
Ukraine,7,0,60.520621430505805,11.21416042182936,12
Ukraine,7,1,49.41452219047645,9.157128055429034,18
Ukraine,7,2,57.151259889908324,8.512246950235308,21
Ukraine,7,3,46.536115465089786,7.738034212295408,17
Ukraine,7,4,36.30763818684225,9.350300792770234,11
Ukraine,7,5,45.18755002795002,10.172664183584372,23
Ukraine,7,6,53.57057456486915,8.78978756974183,20
Ukraine,7,7,65.44515146576444,10.544977492614578,25
Ukraine,8,0,56.483329808156256,10.542428511526131,20
Ukraine,8,3,35.564155916162434,8.061697987018636,15
Ukraine,8,4,34.61357228548265,7.523741023065793,15
Ukraine,8,6,53.35801409471071,7.864116117849929,10
Ukraine,8,7,63.23346191373777,13.086814624218627,10
Ukraine,9,0,44.95133410144991,10.03536552033028,10
Ukraine,9,2,39.30452844462513,5.980824489223642,13
Ukraine,9,3,31.536804528342287,5.890867756416177,10
Ukraine,9,6,39.692851700198595,7.824248692728479,10
Ukraine,9,7,45.870813743988194,10.918015901786898,10
Ukraine,10,1,25.368401911467462,9.480667584226824,11
Ukraine,10,7,36.9646942672467,11.746617902498487,13
Ukraine,11,7,28.429072934190902,16.17536620799066,10
