player,team,primary_role,macro_role,minutes_played,coverage_pct,pressure_resistance_n,gravity_composite_pct,gravity_directional_m,idx__PROGRESSION,idx__DANGEROUSNESS,idx__RECEPTION,idx__GRAVITY,pct__lb_geom_per90,pct__lb_quality_per90,pct__lb_epv_per90,pct__successful_hull_penetrations_per90,pct__defenders_bypassed_mean,pct__epv_added_per90,pct__epv_penetration_per90,pct__epv_inside_circ_per90,pct__between_lines_pct,pct__successful_hull_exits_per90,pct__pressure_resistance_pct,pct__gravity_proximity_pct,pct__gravity_hull_pct,pct__gravity_abs_m
Pedro González López,Spain,Center Attacking Midfield,CAM,185,94.56521739130434,10,7.903222153563637,4.379801535497616,80.0,66.67,97.5,60.0,100.0,100.0,100.0,30.0,70.0,35.0,65.0,100.0,100.0,100.0,92.5,95.0,10.0,75.0
Christoph Baumgartner,Austria,Center Attacking Midfield,CAM,301,90.74074074074076,10,10.479439492212473,5.187695001622143,49.0,81.67,73.33,78.33,70.0,40.0,40.0,10.0,85.0,85.0,70.0,90.0,90.0,50.0,80.0,80.0,60.0,95.0
Daniel Olmo Carvajal,Spain,Center Attacking Midfield,CAM,432,92.43243243243244,13,5.792314114004642,3.1795822864212835,61.0,73.33,68.33,48.33,65.0,70.0,55.0,40.0,75.0,75.0,80.0,65.0,75.0,90.0,40.0,70.0,25.0,50.0
Georgiy Sudakov,Ukraine,Center Attacking Midfield,CAM,262,92.43697478991596,5,9.802525731164652,3.2658936080181307,67.0,58.33,55.0,66.67,60.0,95.0,85.0,50.0,45.0,40.0,55.0,80.0,40.0,60.0,65.0,75.0,70.0,55.0
Kevin De Bruyne,Belgium,Center Attacking Midfield,CAM,375,91.2280701754386,9,9.021731534514734,2.741695751142975,80.0,60.0,53.33,53.33,85.0,90.0,90.0,70.0,65.0,70.0,35.0,75.0,35.0,80.0,45.0,40.0,90.0,30.0
Fabian Rieder,Switzerland,Right Attacking Midfield,CAM,225,92.13483146067416,3,5.3270579975133865,5.33223094114206,34.0,76.67,62.5,68.33,10.0,30.0,60.0,20.0,50.0,95.0,85.0,50.0,50.0,45.0,92.5,20.0,85.0,100.0
Christian Dannemann Eriksen,Denmark,Left Attacking Midfield,CAM,353,87.78280542986425,8,5.305500657609769,2.8491044642498142,54.0,66.67,80.0,36.67,40.0,55.0,80.0,55.0,40.0,55.0,75.0,70.0,70.0,95.0,75.0,30.0,45.0,35.0
Roland Sallai,Hungary,Left Attacking Midfield,CAM,283,93.75,8,10.658207563350976,3.528697280184596,59.0,70.0,27.5,71.67,55.0,50.0,20.0,80.0,90.0,90.0,90.0,30.0,15.0,15.0,52.5,85.0,65.0,65.0
Orkun Kökçü,Turkey,Center Attacking Midfield,CAM,231,85.48387096774194,5,7.477497581706566,4.420355234588811,65.0,33.33,61.67,66.67,95.0,85.0,70.0,60.0,15.0,15.0,25.0,60.0,55.0,65.0,65.0,45.0,75.0,80.0
Jude Bellingham,England,Center Attacking Midfield,CAM,668,88.50267379679144,26,7.971560669206577,2.312960042690576,69.0,58.33,45.0,46.67,90.0,80.0,65.0,100.0,10.0,45.0,45.0,85.0,25.0,75.0,35.0,65.0,55.0,20.0
Jonas Older Wind,Denmark,Center Attacking Midfield,CAM,197,97.4025974025974,6,4.64109467352416,3.900301371291573,41.0,41.67,77.5,46.67,45.0,45.0,25.0,65.0,25.0,20.0,10.0,95.0,85.0,55.0,92.5,55.0,15.0,70.0
John McGinn,Scotland,Left Center Forward,CAM,228,88.63636363636364,2,3.037245462107601,4.988099499979909,39.0,33.33,65.83,60.0,25.0,25.0,15.0,35.0,95.0,50.0,30.0,20.0,80.0,25.0,92.5,90.0,5.0,85.0
Antoine Griezmann,France,Center Attacking Midfield,CAM,405,89.84771573604061,10,3.7036512874393583,2.599727951789557,73.0,38.33,50.0,30.0,80.0,60.0,75.0,90.0,60.0,60.0,40.0,15.0,60.0,70.0,20.0,15.0,50.0,25.0
Dominik Szoboszlai,Hungary,Right Attacking Midfield,CAM,285,83.97435897435898,4,3.847674167721882,0.1719108942024771,63.0,73.33,20.0,35.0,75.0,75.0,35.0,75.0,55.0,80.0,95.0,45.0,20.0,20.0,20.0,5.0,95.0,5.0
Dušan Tadić,Serbia,Center Attacking Midfield,CAM,160,86.36363636363636,3,6.822038060032662,1.0253437038353503,74.0,58.33,14.17,41.67,35.0,65.0,95.0,95.0,80.0,100.0,50.0,25.0,5.0,30.0,7.5,35.0,80.0,10.0
İlkay Gündoğan,Germany,Center Attacking Midfield,CAM,382,93.45238095238096,7,5.378620875694873,3.0173062181888235,35.0,48.33,60.0,41.67,50.0,35.0,45.0,25.0,20.0,30.0,60.0,55.0,65.0,85.0,30.0,60.0,20.0,45.0
Scott McTominay,Scotland,Center Attacking Midfield,CAM,275,91.66666666666666,5,14.162563170304924,3.472823842362327,14.0,18.33,65.0,70.0,5.0,10.0,10.0,15.0,30.0,5.0,15.0,35.0,95.0,35.0,65.0,50.0,100.0,60.0
Dušan Vlahović,Serbia,Left Attacking Midfield,CAM,179,90.0,4,13.544539548944089,5.046768554867113,30.0,8.33,23.33,73.33,30.0,10.0,5.0,5.0,100.0,10.0,5.0,10.0,45.0,5.0,20.0,100.0,30.0,90.0
Xavi Simons,Netherlands,Center Attacking Midfield,CAM,461,89.72972972972974,4,3.5349521357574414,2.9916772629013018,28.0,28.33,40.83,33.33,20.0,20.0,50.0,45.0,5.0,25.0,20.0,40.0,30.0,40.0,52.5,25.0,35.0,40.0
Ruben Vargas,Switzerland,Left Attacking Midfield,CAM,304,86.66666666666667,2,-0.2335177616114401,1.9833759322753293,35.0,56.67,9.17,21.67,15.0,10.0,30.0,85.0,35.0,65.0,100.0,5.0,10.0,10.0,7.5,10.0,40.0,15.0
Ladislav Krejčí,Czech Republic,Left Center Back,CB,273,81.29496402877699,1,-9.48385193885689,-3.127868896081422,71.8,89.42,91.46,59.56,78.69,86.89,77.05,18.03,98.36,93.44,81.97,92.86,100.0,95.08,79.31,78.69,49.18,50.82
Maximilian Wöber,Austria,Left Center Back,CB,182,88.33333333333333,1,-18.701534659704624,-4.389381040643651,74.75,97.77,77.8,43.72,86.89,91.8,81.97,68.85,44.26,96.72,98.36,98.21,83.61,70.49,79.31,14.75,26.23,90.16
Mykola Matvienko,Ukraine,Left Center Back,CB,278,92.5438596491228,0,-17.122188764592824,-3.1638596187669257,82.79,63.6,93.44,38.8,93.44,93.44,96.72,70.49,59.84,73.77,49.18,67.86,86.89,100.0,,22.95,37.7,55.74
Illia Zabarnyi,Ukraine,Right Center Back,CB,277,92.0,0,-5.695067828454815,-3.155546712243568,76.07,61.02,65.57,71.58,77.05,85.25,90.16,62.3,65.57,80.33,29.51,73.21,62.3,68.85,,65.57,95.08,54.1
Alessandro Bastoni,Italy,Right Center Back,CB,373,83.63095238095238,0,-9.54464117320158,-2.206954304819684,93.77,60.95,69.67,48.09,96.72,96.72,88.52,98.36,88.52,81.97,90.16,10.71,49.18,90.16,,77.05,47.54,19.67
Aymeric Laporte,Spain,Left Center Back,CB,533,88.16326530612245,1,-11.719631876611617,-4.191112007721314,82.95,86.75,27.63,68.31,88.52,75.41,100.0,95.08,55.74,85.25,100.0,75.0,21.31,42.62,18.97,47.54,73.77,83.61
Joško Gvardiol,Croatia,Left Back,CB,284,90.0,1,-5.251623063693516,-2.973187305298733,60.33,65.83,79.44,58.47,55.74,24.59,57.38,86.89,77.05,37.7,70.49,89.29,80.33,78.69,79.31,95.08,39.34,40.98
Riccardo Calafiori,Italy,Left Center Back,CB,277,81.9327731092437,1,-10.728649683871698,-1.7750386834674925,69.51,68.36,88.19,37.7,60.66,47.54,93.44,100.0,45.9,60.66,62.3,82.14,88.52,96.72,79.31,86.89,11.48,14.75
Willi Orban,Hungary,Center Back,CB,281,88.54961832061069,2,-11.372100368214856,-1.1378577838622317,58.03,69.7,90.37,45.36,90.16,80.33,31.15,9.84,78.69,57.38,60.66,91.07,98.36,93.44,79.31,49.18,78.69,8.2
Joachim Andersen,Denmark,Right Center Back,CB,369,90.81632653061224,1,-8.511148902126845,-2.9037109369056973,92.46,83.27,18.89,57.38,95.08,95.08,95.08,91.8,85.25,98.36,63.93,87.5,18.03,19.67,18.97,80.33,54.1,37.7
Tomáš Holeš,Czech Republic,Right Center Back,CB,271,87.82608695652175,0,-21.121103140633043,-5.095518584176578,73.11,75.44,37.3,62.3,80.33,88.52,62.3,37.7,96.72,90.16,95.08,41.07,44.26,30.33,,4.92,86.89,95.08
Ricardo Iván Rodríguez Araya,Switzerland,Left Center Back,CB,488,85.7707509881423,0,-9.02750654063088,-1.2087726954134732,83.61,63.23,59.02,40.44,85.25,90.16,83.61,63.93,95.08,83.61,91.8,14.29,72.13,45.9,,93.44,18.03,9.84
José Ignacio Fernández Iglesias,Spain,Right Center Back,CB,268,81.42857142857143,2,0.5360845922125026,-2.089619726866032,40.66,43.43,90.92,67.21,5.74,7.38,37.7,80.33,72.13,14.75,45.9,69.64,95.08,98.36,79.31,100.0,83.61,18.03
Abdülkerim Bardakcı,Turkey,Left Center Back,CB,369,79.62962962962963,0,-12.000268844413151,-3.9761692822337023,55.41,57.03,73.77,55.74,62.3,63.93,40.98,39.34,70.49,78.69,85.25,7.14,70.49,77.05,,55.74,29.51,81.97
Milan Škriniar,Slovakia,Left Center Back,CB,393,86.61971830985915,1,-14.538030783067503,-3.685870407253783,63.28,65.0,55.94,56.83,44.26,50.82,67.21,96.72,57.38,59.02,77.05,58.93,32.79,55.74,79.31,26.23,67.21,77.05
Manuel Obafemi Akanji,Switzerland,Center Back,CB,477,87.95180722891565,0,-9.021004981993809,-1.4793201224615795,76.07,44.14,70.49,47.54,70.49,72.13,75.41,88.52,73.77,21.31,55.74,55.36,65.57,75.41,,75.41,55.74,11.48
Jonathan Tah,Germany,Left Center Back,CB,324,92.057761732852,2,-8.709401641723234,-2.751178878778892,68.85,70.4,40.75,57.92,83.61,70.49,73.77,90.16,26.23,55.74,78.69,76.79,29.51,73.77,18.97,54.1,85.25,34.43
Kevin Danso,Austria,Right Center Back,CB,222,85.20710059171599,1,-12.26233146354303,-4.231317609867177,62.3,76.5,30.37,67.76,72.13,77.05,78.69,45.9,37.7,91.8,37.7,100.0,37.7,34.43,18.97,39.34,77.05,86.89
Jakub Piotr Kiwior,Poland,Left Center Back,CB,279,82.66666666666667,3,-9.582459375791863,0.2452840836684107,68.2,57.1,70.57,36.61,91.8,83.61,36.07,36.07,93.44,47.54,73.77,50.0,91.8,81.97,37.93,91.8,14.75,3.28
Milos Veljkovic,Serbia,Right Center Back,CB,280,84.070796460177,0,-12.377862538461477,-3.1668334144308425,56.07,55.75,63.93,55.19,59.02,62.3,91.8,27.87,39.34,70.49,16.39,80.36,47.54,80.33,,45.9,60.66,59.02
Philipp Lienhart,Austria,Left Center Back,CB,214,79.84496124031007,2,-12.097117919738116,-5.680170759906786,51.48,31.86,84.36,62.84,54.1,59.02,68.85,42.62,32.79,1.64,27.87,66.07,85.25,88.52,79.31,68.85,21.31,98.36
Jannik Vestergaard,Denmark,Center Back,CB,365,93.23308270676692,0,-9.5475966616306,-2.596996528226416,58.69,43.5,74.59,50.82,34.43,39.34,72.13,93.44,54.1,45.9,52.46,32.14,63.93,85.25,,73.77,52.46,26.23
Márton Dárdai,Hungary,Left Center Back,CB,180,85.86956521739131,0,-15.168130631121546,-3.4235744132698933,55.74,72.95,50.82,44.81,66.39,67.21,43.44,21.31,80.33,65.57,80.33,,60.66,40.98,,34.43,32.79,67.21
Antonio Rüdiger,Germany,Right Center Back,CB,488,89.97555012224939,1,-10.410948125982948,-2.901566354333084,83.93,71.32,10.97,55.19,100.0,100.0,98.36,59.02,62.3,100.0,83.61,30.36,6.56,7.38,18.97,40.98,88.52,36.07
Fabian Lukas Schär,Switzerland,Right Center Back,CB,478,86.328125,4,-11.939743273031096,-2.29123594520845,86.23,59.1,38.96,36.61,98.36,98.36,86.89,47.54,100.0,88.52,65.57,23.21,40.98,32.79,43.1,60.66,27.87,21.31
Denis Vavro,Slovakia,Right Center Back,CB,389,85.17110266159695,0,-16.87277568944433,-4.462003241539773,76.39,63.31,13.93,58.47,81.97,73.77,80.33,77.05,68.85,63.93,68.85,57.14,9.84,18.03,,18.03,63.93,93.44
Dayotchanculle Upamecano,France,Right Center Back,CB,585,82.04419889502762,1,-10.125685738387666,-3.1664129024042147,37.38,45.73,62.5,62.84,29.51,21.31,63.93,44.26,27.87,29.51,54.1,53.57,59.02,49.18,79.31,62.3,68.85,57.38
Stefan de Vrij,Netherlands,Right Center Back,CB,553,82.29665071770334,2,-13.587179178555424,-3.472207795340576,43.61,62.91,43.88,52.46,22.95,31.15,85.25,55.74,22.95,54.1,72.13,62.5,34.43,54.1,43.1,44.26,40.98,72.13
Grant Campbell Hanley,Scotland,Center Back,CB,238,91.24087591240875,3,-18.74847639145984,-2.9804447692903984,24.1,83.17,59.86,34.43,26.23,7.38,11.48,40.98,34.43,68.85,96.72,83.93,67.21,60.66,51.72,59.02,1.64,42.62
Strahinja Pavlović,Serbia,Left Center Back,CB,280,84.8314606741573,1,-10.34997524530214,-2.604093290304977,40.98,64.03,52.77,42.62,18.03,26.23,59.02,34.43,67.21,95.08,93.44,3.57,73.77,65.57,18.97,90.16,9.84,27.87
Marc Guehi,England,Left Center Back,CB,579,87.19646799116998,3,-11.33963615338066,-3.1957139274901194,44.92,31.03,62.6,57.92,49.18,54.1,39.34,60.66,21.31,32.79,24.59,35.71,52.46,83.61,51.72,52.46,59.02,62.3
William Saliba,France,Left Center Back,CB,583,81.36986301369863,3,-14.12459448238003,-3.7195691943114886,21.97,52.42,62.5,59.56,5.74,7.38,32.79,54.1,9.84,19.67,59.02,78.57,57.38,50.82,79.31,29.51,70.49,78.69
Robin Hranáč,Czech Republic,Center Back,CB,278,78.26086956521739,1,-3.153728584386632,-3.2272597563415526,22.3,9.84,88.19,75.41,20.49,28.69,8.2,3.28,50.82,8.2,11.48,,93.44,91.8,79.31,96.72,65.57,63.93
Samet Akaydin,Turkey,Right Center Back,CB,342,89.3719806763285,1,-15.217291335697494,-3.118596845833145,50.98,41.87,59.22,43.17,50.82,55.74,43.44,73.77,31.15,72.13,40.98,12.5,36.07,62.3,79.31,24.59,57.38,47.54
Jack Hendry,Scotland,Right Center Back,CB,280,90.625,1,-7.236478375037755,-3.2616694941444453,62.3,41.75,21.62,68.31,75.41,81.97,47.54,14.75,91.8,67.21,9.84,48.21,19.67,26.23,18.97,88.52,50.82,65.57
Jan Bednarek,Poland,Right Center Back,CB,279,80.58252427184466,0,-7.050153395145596,-3.036144783197514,27.21,26.85,65.57,67.76,5.74,7.38,4.92,75.41,42.62,18.03,19.67,42.86,78.69,52.46,,67.21,91.8,44.26
Andreas Christensen,Denmark,Left Center Back,CB,349,88.46153846153845,0,-6.137361366265497,-2.681221925300456,46.89,36.63,37.7,64.48,47.54,52.46,34.43,83.61,16.39,6.56,42.62,60.71,50.82,24.59,,70.49,93.44,29.51
Scott McKenna,Scotland,Left Center Back,CB,145,86.81318681318682,0,-1.8084510552609547,-0.884408767854347,39.67,67.74,9.43,63.93,73.77,78.69,6.56,19.67,19.67,77.05,86.89,39.29,11.48,7.38,,85.25,100.0,6.56
Josip Šutalo,Croatia,Right Center Back,CB,287,84.07960199004975,2,-15.632730011926306,-3.442043458320781,27.87,25.86,81.08,44.81,16.39,22.95,27.87,65.57,6.56,9.84,21.31,46.43,77.05,86.89,79.31,31.15,34.43,68.85
Nikola Milenković,Serbia,Center Back,CB,279,82.45614035087719,0,-13.47038486456503,-4.405673142166542,13.11,44.16,47.54,67.76,5.74,7.38,21.31,26.23,4.92,27.87,8.2,96.43,27.87,67.21,,21.31,90.16,91.8
Robin Aime Robert Le Normand,Spain,Right Center Back,CB,451,88.31908831908832,1,-21.732245845651548,-5.820121363141499,42.62,58.95,27.09,43.72,40.98,45.9,70.49,52.46,3.28,50.82,88.52,37.5,14.75,47.54,18.97,11.48,19.67,100.0
Vanja Drkušić,Slovenia,Right Center Back,CB,378,89.2156862745098,3,-28.883825113286584,-3.145220661855362,46.23,49.03,54.4,21.31,57.38,60.66,18.03,4.92,90.16,39.34,13.11,94.64,75.41,36.07,51.72,6.56,4.92,52.46
Radu Drăgușin,Romania,Right Center Back,CB,362,81.98198198198197,0,-6.9339371005601205,-0.7675424697109562,24.1,15.49,74.59,53.55,36.07,19.67,3.28,1.64,59.84,16.39,3.28,26.79,90.16,59.02,,83.61,72.13,4.92
John Stones,England,Right Center Back,CB,686,89.24731182795699,1,-8.780729008154921,-3.056196056780494,41.64,27.47,38.02,60.11,11.48,14.75,60.66,85.25,36.07,40.98,36.07,5.36,22.95,72.13,18.97,72.13,62.3,45.9
Solomon Kverkvelia,Georgia,Right Center Back,CB,180,90.32258064516128,0,-25.93677851425944,-4.338340692635464,50.82,44.96,31.15,38.25,66.39,41.8,26.23,32.79,86.89,26.23,22.95,85.71,54.92,7.38,,3.28,22.95,88.52
Wout Faes,Belgium,Right Center Back,CB,360,87.84722222222221,0,-15.89300302776788,-3.649423283568866,51.64,45.48,19.67,44.26,37.7,41.8,49.18,81.97,47.54,52.46,39.34,44.64,16.39,22.95,,32.79,24.59,75.41
Marin Pongracic,Croatia,Left Center Back,CB,188,76.0,0,-14.240407670267608,-2.6949317529524337,38.69,27.87,53.28,39.89,31.15,34.43,19.67,67.21,40.98,11.48,44.26,,42.62,63.93,,81.97,6.56,31.15
Virgil van Dijk,Netherlands,Left Center Back,CB,553,80.98958333333334,0,-15.650729286783712,-2.944779193396309,45.25,46.57,34.43,32.79,42.62,49.18,54.1,50.82,29.51,44.26,31.15,64.29,31.15,37.7,,42.62,16.39,39.34
Jaka Bijol,Slovenia,Left Center Back,CB,395,82.48175182481752,0,-15.443519149402098,-1.768867934770384,27.38,59.8,31.15,40.44,14.75,18.03,13.11,8.2,82.79,75.41,75.41,28.57,54.92,7.38,,9.84,98.36,13.11
Rúben Santos Gato Alves Dias,Portugal,Right Center Back,CB,422,85.4679802955665,0,-11.540990179717278,-4.216546752609715,42.62,45.94,9.84,60.11,27.87,32.79,65.57,72.13,14.75,49.18,67.21,21.43,4.92,14.75,,63.93,31.15,85.25
Arlind Afrim Ajeti,Albania,Right Center Back,CB,271,85.98130841121495,0,-15.21049203170502,-3.449996670081004,15.57,34.74,49.59,57.38,24.59,7.38,14.75,6.56,24.59,31.15,1.64,71.43,68.85,30.33,,19.67,81.97,70.49
Jan Vertonghen,Belgium,Left Center Back,CB,267,86.95652173913044,0,-6.844680409076422,-3.783780068744744,40.66,30.38,10.25,75.96,68.85,68.85,45.9,11.48,8.2,34.43,4.92,51.79,13.11,7.38,,50.82,96.72,80.33
Guram Kashia,Georgia,Center Back,CB,369,84.7457627118644,0,-18.87886818411913,0.0105326055444409,35.41,18.47,77.05,19.67,45.9,36.07,29.51,13.11,52.46,13.11,26.23,16.07,96.72,57.38,,13.11,44.26,1.64
Lasha Dvali,Georgia,Left Center Back,CB,368,86.7132867132867,0,-25.951675751598785,-2.583274611154719,65.57,27.92,33.61,22.95,63.93,65.57,55.74,78.69,63.93,24.59,57.38,1.79,45.9,21.31,,1.64,42.62,24.59
Attila Fiola,Hungary,Right Center Back,CB,178,94.20289855072464,2,-16.248009891414014,-2.7323138991504456,37.7,54.92,9.6,43.17,5.74,7.38,50.82,49.18,75.41,62.3,47.54,,2.46,7.38,18.97,16.39,80.33,32.79
Merih Demiral,Turkey,Center Back,CB,216,80.41237113402062,0,-14.12461157038813,-3.118835296970224,35.08,59.84,4.92,44.26,52.46,57.38,24.59,22.95,18.03,86.89,32.79,,2.46,7.38,,37.7,45.9,49.18
Andrei Burcă Andonie,Romania,Left Center Back,CB,345,91.15646258503402,0,-14.969913730904825,-3.176455098531451,41.48,34.12,15.98,42.08,39.34,44.26,16.39,24.59,82.79,42.62,50.82,8.93,24.59,7.38,,57.38,8.2,60.66
Giorgi Gvelesiani,Georgia,Right Center Back,CB,164,85.0,0,-10.014364050290466,-1.7897108922636222,16.07,12.16,63.11,39.34,5.74,7.38,1.64,16.39,49.18,4.92,6.56,25.0,81.97,44.26,,98.36,3.28,16.39
Paweł Dawidowicz,Poland,Center Back,CB,183,82.66666666666667,0,-14.027552265698796,-2.5338442555904104,24.92,20.21,39.34,42.08,32.79,37.7,9.84,31.15,13.11,22.95,18.03,19.64,39.34,39.34,,27.87,75.41,22.95
Kléper Laveran Lima Ferreira,Portugal,Left Center Back,CB,397,89.57816377171216,0,-17.477631572587303,-5.197442551427765,28.2,29.45,12.3,48.63,13.11,16.39,52.46,57.38,1.64,36.07,34.43,17.86,8.2,16.39,,36.07,13.11,96.72
Berat Djimsiti,Albania,Left Center Back,CB,278,90.2097902097902,0,-23.38775810456972,-3.6455738746917423,22.62,17.32,27.05,39.34,20.49,28.69,22.95,29.51,11.48,3.28,14.75,33.93,26.23,27.87,,8.2,36.07,73.77
Joshua Kimmich,Germany,Right Back,FB,486,85.88807785888078,1,-3.0406787731857245,-1.1061465802287085,82.81,83.38,71.8,56.73,89.47,89.47,100.0,73.68,61.4,96.49,92.86,60.78,49.12,87.72,78.57,68.42,61.4,40.35
Oleksandr Zinchenko,Ukraine,Left Back,FB,215,89.24050632911393,1,3.1840418340696988,-1.3432811977948764,87.37,46.96,81.75,74.85,91.23,91.23,91.23,98.25,64.91,43.86,30.36,66.67,77.19,89.47,78.57,66.67,100.0,57.89
Przemysław Frankowski,Poland,Right Wing Back,FB,271,80.46875,2,10.480954058769596,1.1591448651152942,75.09,56.45,75.31,81.29,66.67,75.44,77.19,78.95,77.19,71.93,46.43,50.98,73.68,73.68,78.57,98.25,96.49,49.12
Bendegúz Bolla,Hungary,Right Wing Back,FB,205,79.71014492753623,0,0.5725783791471257,0.972968477637022,72.63,79.8,83.33,52.05,85.96,84.21,43.86,49.12,100.0,75.44,87.5,76.47,91.23,75.44,,96.49,26.32,33.33
João Pedro Cavaco Cancelo,Portugal,Right Back,FB,341,83.26848249027238,5,1.3451460861261777,0.144896018735821,87.54,75.91,74.37,47.95,96.49,92.98,92.98,84.21,71.05,89.47,69.64,68.63,78.95,98.25,45.92,92.98,47.37,3.51
Alexander Prass,Austria,Left Back,FB,177,76.08695652173914,4,4.449567719087932,-0.8941806013174828,75.79,65.78,71.8,69.59,78.95,80.7,42.11,91.23,85.96,49.12,48.21,100.0,98.25,82.46,34.69,82.46,98.25,28.07
Maximilian Mittelstädt,Germany,Left Back,FB,311,84.61538461538461,2,-3.336810437917616,-2.004586700339434,87.37,66.87,48.99,73.1,94.74,87.72,78.95,94.74,80.7,92.98,82.14,25.49,35.09,77.19,34.69,59.65,73.68,85.96
Stefan Posch,Austria,Right Back,FB,381,78.0952380952381,3,-2.502780401242057,-1.9041611622990504,84.21,81.55,38.33,71.93,98.25,100.0,75.44,56.14,91.23,70.18,80.36,94.12,43.86,45.61,25.51,64.91,71.93,78.95
Andrija Živković,Serbia,Right Wing Back,FB,245,81.94444444444444,1,-2.233409547778112,-0.2470512828762074,89.82,85.15,57.88,39.18,100.0,98.25,98.25,57.89,94.74,87.72,89.29,78.43,75.44,85.96,12.24,91.23,17.54,8.77
Michel Aebischer,Switzerland,Left Wing Back,FB,487,87.2,8,1.105517672766737,1.5365207999041162,70.18,40.86,80.65,74.85,68.42,54.39,80.7,87.72,59.65,15.79,10.71,96.08,96.49,96.49,48.98,77.19,85.96,61.4
Dan Ndoye,Switzerland,Right Wing Back,FB,406,83.63636363636363,8,4.884608464050846,5.031899596377334,33.33,64.06,85.03,76.02,29.82,24.56,5.26,24.56,82.46,28.07,66.07,98.04,100.0,100.0,55.1,100.0,28.07,100.0
David Jurásek,Czech Republic,Left Wing Back,FB,158,81.33333333333333,1,-1.680848310663566,-1.560555575037636,69.47,76.41,34.67,68.42,73.68,82.46,64.91,29.82,96.49,85.96,78.57,64.71,21.05,4.39,78.57,47.37,94.74,63.16
Vladimír Coufal,Czech Republic,Right Wing Back,FB,279,74.0,1,-11.37620000189704,-1.0481539980088748,58.95,74.13,71.8,32.16,47.37,61.4,57.89,38.6,89.47,80.7,94.64,47.06,70.18,66.67,78.57,17.54,42.11,36.84
Otar Kakabadze,Georgia,Right Wing Back,FB,354,76.74418604651163,7,3.309583324869771,1.7892039659329997,65.61,48.87,44.11,77.19,87.72,64.91,31.58,50.88,92.98,40.35,16.07,90.2,71.93,17.54,42.86,94.74,59.65,77.19
Jesús Navas González,Spain,Right Back,FB,159,82.43243243243244,1,-8.937341259714882,-2.8641807767911662,50.88,72.68,54.26,57.89,71.93,71.93,15.79,28.07,66.67,98.25,98.21,21.57,40.35,43.86,78.57,43.86,31.58,98.25
Kieran Trippier,England,Left Back,FB,498,79.3201133144476,2,-7.958428621451945,-1.9560661684258247,53.33,69.92,44.9,60.82,59.65,52.63,70.18,68.42,15.79,68.42,71.43,,14.04,42.11,78.57,15.79,82.46,84.21
Daniel Carvajal Ramos,Spain,Right Back,FB,475,81.84615384615384,3,-6.4548609135894015,-2.3485642836362985,60.7,40.66,55.43,69.01,50.88,59.65,85.96,85.96,21.05,45.61,41.07,35.29,31.58,56.14,78.57,24.56,87.72,94.74
David Raum,Germany,Left Back,FB,167,84.31372549019608,0,-11.618889014101992,-0.7051308037529096,68.77,76.32,52.63,27.49,82.46,94.74,47.37,66.67,52.63,94.74,91.07,43.14,36.84,68.42,,49.12,7.02,26.32
Theo Bernard François Hernández,France,Left Back,FB,587,78.57142857142857,6,-8.990995089023912,-2.348545817040235,47.37,70.54,46.59,59.65,43.86,47.37,71.93,45.61,28.07,63.16,85.71,62.75,38.6,49.12,52.04,33.33,52.63,92.98
Ivan Perišić,Croatia,Left Back,FB,142,74.60317460317461,1,-14.43267134816444,-1.9419164317098463,67.72,73.2,42.68,39.77,77.19,85.96,61.4,15.79,98.25,100.0,100.0,19.61,63.16,52.63,12.24,26.32,10.53,82.46
Milos Kerkez,Hungary,Left Wing Back,FB,233,96.25,1,-8.29445660888776,1.1292731188192542,38.95,66.7,67.24,45.03,42.11,49.12,17.54,7.02,78.95,78.95,64.29,56.86,94.74,94.74,12.24,87.72,3.51,43.86
Ferdi Erenay Kadıoğlu,Turkey,Left Back,FB,464,80.98591549295774,10,-2.448286304080897,0.351928625482195,46.67,52.6,70.28,46.78,52.63,35.09,63.16,42.11,40.35,26.32,58.93,72.55,80.7,84.21,45.92,70.18,56.14,14.04
Nicola Zalewski,Poland,Left Wing Back,FB,250,77.22772277227723,3,-2.647223920620205,0.9710718432470328,50.88,59.2,50.39,50.29,38.6,44.74,68.42,31.58,71.05,59.65,76.79,41.18,83.33,15.79,52.04,73.68,45.61,31.58
Joakim Mæhle,Denmark,Left Wing Back,FB,292,83.85093167701864,2,-3.529243790481491,0.6401811685321819,67.02,54.48,44.03,45.03,84.21,56.14,29.82,89.47,75.44,84.21,51.79,27.45,26.32,27.19,78.57,75.44,36.84,22.81
Alexander Hartmann Bah,Denmark,Right Wing Back,FB,281,89.0909090909091,2,-4.207060456808528,0.3979480983784132,78.25,35.08,56.01,40.94,92.98,96.49,66.67,80.7,54.39,31.58,28.57,45.1,68.42,64.91,34.69,71.93,33.33,17.54
Jules Koundé,France,Right Back,FB,583,81.70426065162907,3,-11.584276330077914,-0.9651883287655468,57.54,72.01,48.53,28.65,54.39,57.89,73.68,63.16,38.6,77.19,83.93,54.9,54.39,78.95,12.24,21.05,35.09,29.82
Luke Shaw,England,Left Back,FB,174,77.01149425287356,1,-9.967997672715706,-1.670679048661498,49.12,66.82,42.56,45.61,63.16,68.42,59.65,10.53,43.86,35.09,73.21,92.16,29.82,19.3,78.57,54.39,12.28,70.18
Anthony Ralston,Scotland,Right Wing Back,FB,262,88.04347826086956,2,-14.752199672566247,0.6282015844476834,64.21,48.72,67.42,22.81,80.7,66.67,19.3,70.18,84.21,61.4,55.36,29.41,83.33,40.35,78.57,42.11,5.26,21.05
Marc Cucurella Saseta,Spain,Left Back,FB,555,80.10899182561307,1,-7.507375821368308,-1.723792993661071,49.12,34.35,64.2,53.8,35.09,38.6,87.72,71.93,12.28,24.56,39.29,39.22,42.11,71.93,78.57,45.61,43.86,71.93
Victor Bernth Kristansen,Denmark,Left Wing Back,FB,160,77.41935483870968,0,-4.554812963464734,-2.097372210809031,41.75,64.8,23.68,70.76,40.35,6.14,33.33,92.98,35.96,66.67,57.14,70.59,22.81,24.56,,57.89,64.91,89.47
Dávid Hancko,Slovakia,Left Back,FB,375,80.85106382978722,2,-7.948034297190127,1.5831142815147512,51.05,46.28,51.34,51.46,33.33,44.74,49.12,40.35,87.72,82.46,25.0,31.37,45.61,29.82,78.57,63.16,24.56,66.67
Nuno Mendes,Portugal,Left Back,FB,421,78.08219178082192,2,-9.302165219630403,-2.050350290163815,39.65,65.89,35.66,58.48,28.07,22.81,84.21,54.39,8.77,52.63,60.71,84.31,24.56,70.18,12.24,29.82,57.89,87.72
Philipp Mwene,Austria,Left Back,FB,194,80.73394495412845,1,-7.161495062910852,-1.924576967154572,62.11,21.91,55.43,57.31,56.14,78.95,82.46,35.09,57.89,36.84,5.36,23.53,28.07,59.65,78.57,40.35,50.88,80.7
Yannick Ferreira Carrasco,Belgium,Left Wing,FB,217,88.42105263157895,2,-4.371607417292194,-0.6903234161097196,33.68,52.19,67.12,42.69,26.32,50.88,21.05,36.84,33.33,33.33,42.86,80.39,85.96,80.7,34.69,80.7,22.81,24.56
José Diogo Dalot Teixeira,Portugal,Right Center Back,FB,152,73.0,2,-0.657424491380392,-0.1160111449475356,64.56,24.48,44.9,49.12,75.44,73.68,94.74,33.33,45.61,17.54,50.0,5.88,52.63,47.37,34.69,78.95,66.67,1.75
Federico Dimarco,Italy,Left Back,FB,230,62.60162601626016,1,-1.493141407688282,-0.3524212099634789,18.95,42.54,65.96,55.56,10.53,21.05,28.07,12.28,22.81,42.11,67.86,17.65,56.14,63.16,78.57,61.4,89.47,15.79
Andrew Robertson,Scotland,Left Wing Back,FB,267,85.9504132231405,2,-6.28801786461376,-1.015795579129947,46.84,49.64,39.17,46.78,70.18,42.11,39.47,8.77,73.68,54.39,35.71,58.82,66.67,38.6,12.24,50.88,54.39,35.09
Giovanni Di Lorenzo,Italy,Right Back,FB,369,79.43925233644859,2,-9.554576898916247,-1.1535872168059953,64.91,50.56,18.58,46.2,61.4,63.16,89.47,100.0,10.53,64.91,75.0,11.76,10.53,10.53,34.69,7.02,84.21,47.37
Silvan Widmer,Switzerland,Right Wing Back,FB,292,85.03937007874016,3,2.035733090169732,1.6180261882265183,32.11,36.34,34.53,76.61,45.61,36.84,14.04,14.04,50.0,7.02,19.64,82.35,50.88,27.19,25.51,85.96,75.44,68.42
Nathan Aké,Netherlands,Left Back,FB,475,80.66914498141264,1,-1.0741805547801355,-1.7861290944833927,34.39,26.54,43.73,74.85,19.3,12.28,54.39,59.65,26.32,19.3,44.64,15.69,17.54,35.09,78.57,56.14,92.98,75.44
Oleksandr Tymchyk,Ukraine,Right Back,FB,200,81.48148148148148,0,-12.651232878361174,-1.2709356017308395,27.89,49.45,60.53,35.67,12.28,26.32,45.61,19.3,35.96,57.89,37.5,52.94,87.72,33.33,,31.58,21.05,54.39
Josip Stanišić,Croatia,Right Back,FB,187,70.67669172932331,1,-5.411532861335534,-0.1649294268729321,51.93,4.83,77.07,32.75,57.89,29.82,50.88,64.91,56.14,8.77,1.79,3.92,61.4,91.23,78.57,84.21,8.77,5.26
Mario Mitaj,Albania,Left Back,FB,283,81.75675675675676,3,-11.360660234685591,1.065013096016362,42.81,20.48,64.2,37.43,31.58,15.79,22.81,96.49,47.37,5.26,7.14,49.02,59.65,54.39,78.57,5.26,68.42,38.6
Žan Karničnik,Slovenia,Right Back,FB,391,82.63157894736842,2,-9.132244447091873,1.2296997569375656,26.67,24.67,66.07,47.37,21.05,14.04,8.77,26.32,63.16,22.81,17.86,33.33,92.98,92.98,12.24,8.77,80.7,52.63
Matteo Darmian,Italy,Left Back,FB,159,77.14285714285715,1,-7.82961608303639,-2.746290020449364,36.14,27.49,29.41,64.33,17.54,33.33,52.63,75.44,1.75,21.05,53.57,7.84,5.26,4.39,78.57,19.3,77.19,96.49
Kyle Walker,England,Right Back,FB,690,78.82562277580071,4,-10.070180081481157,-1.4676489002265751,61.05,26.85,20.92,47.37,49.12,70.18,96.49,82.46,7.02,38.6,32.14,9.8,7.02,21.05,34.69,12.28,70.18,59.65
Erik Janža,Slovenia,Left Back,FB,269,86.20689655172413,2,-13.974868910272802,-2.167440765013457,40.7,37.05,12.27,61.4,36.84,40.35,36.84,21.05,68.42,50.88,23.21,,12.28,12.28,12.24,1.75,91.23,91.23
Denzel Dumfries,Netherlands,Right Back,FB,462,73.80073800738008,1,-7.808636899773699,-1.1265441950224138,56.49,40.45,12.27,42.11,64.91,77.19,56.14,52.63,31.58,73.68,33.93,13.73,15.79,8.77,12.24,35.09,49.12,42.11
Heorhii Tsitaishvili,Georgia,Left Wing Back,FB,188,64.17910447761194,0,-19.70056279916494,-1.1733153921833104,21.23,93.83,6.58,28.07,3.51,6.14,10.53,43.86,42.11,91.23,96.43,,8.77,4.39,,3.51,29.82,50.88
Mert Müldür,Turkey,Right Back,FB,351,72.7810650887574,0,-4.812585245551194,0.1807630795289934,11.4,59.53,32.46,41.52,3.51,6.14,12.28,17.54,17.54,29.82,62.5,86.27,33.33,31.58,,38.6,78.95,7.02
Peter Pekarík,Slovakia,Right Back,FB,379,82.8125,1,-11.289462648528678,-1.1443280946145198,22.81,37.86,38.0,35.67,14.04,28.07,24.56,22.81,24.56,12.28,26.79,74.51,64.91,36.84,12.24,22.81,38.6,45.61
Nicușor Silviu Bancu,Romania,Left Back,FB,267,86.95652173913044,1,-19.22748271906988,-0.281873509911787,38.6,35.3,39.17,14.04,8.77,17.54,39.47,77.19,50.0,56.14,12.5,37.25,47.37,57.89,12.24,28.07,1.75,12.28
Andrei Florin Ratiu,Romania,Right Back,FB,360,86.29032258064517,2,-11.997871611008572,-0.2630054713133977,16.84,11.31,72.97,20.47,24.56,31.58,3.51,5.26,19.3,10.53,21.43,1.96,89.47,50.88,78.57,36.84,14.04,10.53
Elseid Hysaj,Albania,Right Back,FB,183,70.6896551724138,1,-7.229227101971749,0.4458003980999855,12.46,3.54,65.96,37.43,15.79,6.14,7.02,3.51,29.82,3.51,3.57,,57.89,61.4,78.57,52.63,40.35,19.3
Timothy Castagne,Belgium,Right Back,FB,365,87.67123287671232,0,-15.431846887462964,-1.7586955968709082,22.98,48.18,3.07,34.5,7.02,6.14,26.32,61.4,14.04,47.37,8.93,88.24,1.75,4.39,,14.04,15.79,73.68
Luka Lochoshvili,Georgia,Left Wing Back,FB,166,69.81132075471697,1,-3.215939940572163,1.302400533599619,3.33,1.75,40.23,54.97,3.51,6.14,1.75,1.75,3.51,1.75,,,19.3,22.81,78.57,89.47,19.3,56.14
Arthur Theate,Belgium,Left Back,FB,255,87.6923076923077,0,-10.94747849270387,-1.5825333595095294,25.96,14.16,8.77,46.2,22.81,19.3,35.09,47.37,5.26,14.04,14.29,,3.51,14.04,,10.53,63.16,64.91
Arda Güler,Turkey,Center Forward,FW,369,84.4559585492228,8,6.698932270084686,2.1035226084761742,84.38,94.79,63.54,32.29,96.88,81.25,90.62,100.0,53.12,100.0,100.0,84.38,3.12,96.88,90.62,3.12,90.62,3.12
Breel-Donald Embolo,Switzerland,Center Forward,FW,302,97.95918367346938,3,4.420124387540784,9.7334083204763,73.75,62.57,88.54,46.88,87.5,90.62,65.62,50.0,75.0,75.0,53.33,59.38,90.62,84.38,90.62,40.62,28.12,71.88
Wout Weghorst,Netherlands,Center Forward,FW,158,81.25,5,7.28161767726642,10.809504082486676,83.75,80.83,47.4,58.33,65.62,93.75,96.88,84.38,78.12,71.88,80.0,90.62,71.88,6.25,64.06,62.5,31.25,81.25
Denis Mihai Drăguş,Romania,Center Forward,FW,292,89.47368421052632,5,15.315692945843985,9.289923667111388,64.38,65.9,56.25,77.08,68.75,71.88,37.5,75.0,68.75,59.38,63.33,75.0,68.75,56.25,43.75,87.5,78.12,65.62
Che Adams,Scotland,Center Forward,FW,209,87.87878787878788,5,17.143428907045287,7.431623070134979,71.25,40.97,80.73,69.79,93.75,59.38,25.0,78.12,100.0,21.88,66.67,34.38,76.56,75.0,90.62,100.0,68.75,40.62
Memphis Depay,Netherlands,Center Forward,FW,463,79.51807228915662,15,9.249962250171532,6.1893032942051525,78.75,77.22,55.21,46.88,100.0,100.0,71.88,37.5,84.38,96.88,56.67,78.12,50.0,93.75,21.88,28.12,84.38,28.12
Kacper Urbanski,Poland,Left Center Forward,FW,154,94.0,3,15.926804107956151,5.411178132469366,45.31,80.07,76.04,48.96,40.62,68.75,100.0,10.94,6.25,78.12,93.33,68.75,37.5,100.0,90.62,31.25,96.88,18.75
Georges Mikautadze,Georgia,Right Center Forward,FW,350,87.5,6,11.839094906349416,11.10164711699113,81.25,33.06,54.69,73.96,71.88,84.38,84.38,68.75,96.88,53.12,36.67,9.38,31.25,62.5,70.31,75.0,56.25,90.62
Khvicha Kvaratskhelia,Georgia,Left Center Forward,FW,345,78.65168539325843,7,11.16121448425864,4.111926863797235,73.44,79.86,50.0,37.5,75.0,87.5,87.5,90.62,26.56,84.38,83.33,71.88,6.25,53.12,90.62,6.25,100.0,6.25
Michael Gregoritsch,Austria,Center Forward,FW,135,90.625,4,6.826631561667294,8.451545939723747,74.38,60.9,57.29,47.92,81.25,75.0,78.12,93.75,43.75,46.88,73.33,62.5,46.88,68.75,56.25,53.12,34.38,56.25
Aleksandar Mitrović,Serbia,Center Forward,FW,245,94.11764705882352,4,11.457430736732148,6.033750830257703,38.12,68.54,67.71,52.08,28.12,18.75,46.88,59.38,37.5,65.62,40.0,100.0,65.62,81.25,56.25,71.88,59.38,25.0
Romelu Lukaku Menama,Belgium,Center Forward,FW,352,92.85714285714286,9,8.990137655662037,9.963680254031893,45.94,46.25,69.79,59.38,59.38,46.88,40.62,10.94,71.88,62.5,20.0,56.25,93.75,37.5,78.12,93.75,9.38,75.0
Gianluca Scamacca,Italy,Center Forward,FW,248,82.6923076923077,5,5.104504398578939,11.001108588046048,41.88,56.39,60.42,51.04,25.0,18.75,75.0,31.25,59.38,81.25,6.67,81.25,96.88,40.62,43.75,43.75,25.0,84.38
Harry Kane,England,Center Forward,FW,601,88.46153846153845,13,7.877259428569854,5.692212707159581,70.62,69.24,29.17,39.58,90.62,96.88,50.0,21.88,93.75,87.5,23.33,96.88,25.0,43.75,18.75,25.0,71.88,21.88
Marko Arnautović,Austria,Center Forward,FW,283,82.14285714285714,2,6.362191006395216,8.037998861715225,54.38,69.51,41.67,41.67,56.25,53.12,53.12,28.12,81.25,93.75,86.67,28.12,43.75,50.0,31.25,56.25,21.88,46.88
David Strelec,Slovakia,Center Forward,FW,179,90.0,5,20.04779312390776,11.686473046302735,16.88,46.81,50.0,91.67,10.94,18.75,31.25,10.94,12.5,28.12,46.67,65.62,76.56,9.38,64.06,84.38,93.75,96.88
Marcus Thuram,France,Center Forward,FW,258,85.45454545454545,8,11.204786376605812,6.330270737728646,53.12,51.25,41.67,52.08,46.88,78.12,68.75,56.25,15.62,50.0,10.0,93.75,34.38,59.38,31.25,59.38,65.62,31.25
Mikel Oyarzabal Ugarte,Spain,Center Forward,FW,205,92.53731343283582,3,3.0604476282272395,5.10584229884265,61.25,48.47,62.5,23.96,78.12,62.5,59.38,96.88,9.38,43.75,76.67,25.0,9.38,87.5,90.62,9.38,50.0,12.5
Randal Kolo Muani,France,Center Forward,FW,207,85.0,4,8.191691407531872,8.374093593046402,61.88,57.08,28.12,48.96,84.38,18.75,28.12,87.5,90.62,68.75,90.0,12.5,28.12,25.0,31.25,50.0,46.88,50.0
Benjamin Šeško,Slovenia,Left Center Forward,FW,356,93.05555555555556,4,13.591891941208328,11.077971755278938,51.88,21.46,36.46,80.21,53.12,43.75,34.38,65.62,62.5,15.62,30.0,18.75,59.38,46.88,3.12,65.62,87.5,87.5
Niclas Füllkrug,Germany,Center Forward,FW,167,90.2439024390244,3,2.8532947937184847,8.657917539315168,51.88,28.68,70.83,38.54,34.38,18.75,93.75,46.88,65.62,6.25,26.67,53.12,84.38,78.12,50.0,46.88,6.25,62.5
Kai Havertz,Germany,Center Forward,FW,397,88.59649122807018,10,7.024529258323416,4.997634717319516,47.5,49.17,48.96,32.29,31.25,40.62,81.25,81.25,3.12,37.5,60.0,50.0,12.5,90.62,43.75,34.38,53.12,9.38
Rasmus Winther Højlund,Denmark,Center Forward,FW,284,83.33333333333334,8,2.613279163668217,7.06015638975962,22.81,63.96,63.54,26.04,10.94,18.75,18.75,25.0,40.62,34.38,70.0,87.5,81.25,34.38,75.0,21.88,18.75,37.5
Cristiano Ronaldo dos Santos Aveiro,Portugal,Center Forward,FW,489,88.11881188118812,6,7.789136106496617,5.253939660201392,58.75,26.74,52.6,36.46,62.5,65.62,56.25,62.5,46.88,25.0,33.33,21.88,15.62,71.88,70.31,12.5,81.25,15.62
Andraž Šporar,Slovenia,Right Center Forward,FW,343,85.29411764705883,4,0.7464160221653063,8.40793895065134,33.12,72.85,35.42,27.08,21.88,50.0,15.62,43.75,34.38,90.62,96.67,31.25,18.75,31.25,56.25,15.62,12.5,53.12
Adam Buksa,Poland,Left Center Forward,FW,153,80.0,2,12.973654349288928,9.530181791631865,27.19,32.81,38.54,69.79,10.94,18.75,7.81,10.94,87.5,18.75,,46.88,21.88,3.12,90.62,78.12,62.5,68.75
Róbert Boženík,Slovakia,Center Forward,FW,208,86.48648648648648,5,11.396865025172536,10.003210728790055,20.0,36.81,41.67,69.79,10.94,18.75,7.81,40.62,21.88,56.25,16.67,37.5,87.5,21.88,15.62,90.62,40.62,78.12
Álvaro Borja Morata Martín,Spain,Center Forward,FW,449,92.85714285714286,8,7.855819847104641,6.719103019435431,39.38,35.42,39.58,42.71,43.75,37.5,43.75,53.12,18.75,40.62,50.0,15.62,40.62,65.62,12.5,18.75,75.0,34.38
Barnabás Varga,Hungary,Center Forward,FW,255,94.11764705882352,4,8.758051788898724,8.633451643146083,35.94,26.11,33.33,52.08,10.94,18.75,21.88,71.88,56.25,31.25,3.33,43.75,53.12,15.62,31.25,81.25,15.62,59.38
Mateo Retegui,Italy,Center Forward,FW,162,94.11764705882352,3,13.083604875096466,14.509631497745383,20.31,4.69,40.1,80.21,37.5,18.75,7.81,10.94,26.56,3.12,,6.25,100.0,12.5,7.81,96.88,43.75,100.0
Rey Manaj,Albania,Center Forward,FW,159,80.76923076923077,3,9.607086580452869,11.330646287930334,15.94,22.15,32.81,66.67,10.94,18.75,7.81,10.94,31.25,12.5,13.33,40.62,62.5,28.12,7.81,68.75,37.5,93.75
Artem Dovbyk,Ukraine,Center Forward,FW,247,68.57142857142857,4,-3.302032451227059,7.801159416089636,50.62,18.61,35.42,28.12,50.0,56.25,62.5,34.38,50.0,9.38,43.33,3.12,56.25,18.75,31.25,37.5,3.12,43.75
Mateo Kovačić,Croatia,Left Center Midfield,MID,229,90.47619047619048,4,10.341116066277086,1.3168664668336698,92.46,80.51,54.68,58.46,95.38,86.15,92.31,98.46,90.0,63.08,93.85,84.62,21.54,60.0,82.5,56.92,90.77,27.69
Vitor Machado Ferreira,Portugal,Right Defensive Midfield,MID,353,90.1840490797546,14,9.182520207472946,1.596515812369863,80.92,86.67,49.42,61.03,78.46,73.85,72.31,95.38,84.62,90.77,70.77,98.46,13.85,76.92,57.5,67.69,80.0,35.38
Fabián Ruiz Peña,Spain,Left Defensive Midfield,MID,559,89.22018348623854,12,7.431495983464876,1.719515777026703,69.85,88.72,61.3,55.38,72.31,58.46,84.62,86.15,47.69,76.92,92.31,96.92,58.46,84.62,40.83,49.23,76.92,40.0
Bryan Cristante,Italy,Left Center Midfield,MID,140,93.91304347826087,1,6.542459598963621,2.3457889089143453,66.15,70.26,78.27,52.82,80.0,66.15,58.46,80.0,46.15,92.31,43.08,75.38,60.0,92.31,82.5,53.85,43.08,61.54
Youri Tielemans,Belgium,Right Defensive Midfield,MID,154,93.16239316239316,3,4.394757256297584,1.3116632501149348,82.46,81.03,66.94,32.82,93.85,96.92,93.85,41.54,86.15,95.38,96.92,50.77,69.23,90.77,40.83,50.77,21.54,26.15
Granit Xhaka,Switzerland,Left Defensive Midfield,MID,489,92.5925925925926,6,5.990159902939944,2.408931226785638,82.15,46.15,79.81,54.87,90.77,89.23,86.15,73.85,70.77,33.85,38.46,66.15,63.08,93.85,82.5,27.69,73.85,63.08
Bruno Miguel Borges Fernandes,Portugal,Center Attacking Midfield,MID,379,89.86486486486487,7,7.081083130503511,2.8738849734602234,89.54,80.0,35.09,56.92,100.0,98.46,89.23,61.54,98.46,98.46,100.0,41.54,23.08,53.85,28.33,60.0,40.0,70.77
Morten Hjulmand,Denmark,Right Defensive Midfield,MID,244,93.95348837209302,6,9.32992948378021,3.161849460422119,45.23,65.13,78.23,68.72,69.23,56.92,32.31,44.62,23.08,58.46,56.92,80.0,93.85,100.0,40.83,78.46,52.31,75.38
Giorgi Kochorashvili,Georgia,Left Center Midfield,MID,373,89.20454545454545,9,16.844283391924083,4.66393851526669,57.85,24.1,76.71,93.33,54.62,47.69,26.15,70.77,90.0,16.92,33.85,21.54,88.46,80.0,61.67,95.38,92.31,92.31
Tomáš Souček,Czech Republic,Center Defensive Midfield,MID,282,89.77272727272727,6,8.491625589088382,4.282928104373124,63.08,73.85,48.06,63.59,70.77,83.85,42.31,21.54,96.92,83.08,66.15,72.31,90.77,29.23,24.17,89.23,12.31,89.23
Robert Andrich,Germany,Right Defensive Midfield,MID,324,93.16239316239316,3,1.6439083274199002,1.2795391438198946,78.15,62.05,82.88,24.1,84.62,78.46,80.0,81.54,66.15,72.31,67.69,46.15,76.92,89.23,82.5,43.08,4.62,24.62
Kobbie Mainoo,England,Right Defensive Midfield,MID,376,91.13300492610836,10,9.037502821225832,2.783185045491261,45.08,62.05,73.42,66.15,44.62,63.08,42.31,33.85,41.54,56.92,61.54,67.69,81.54,75.38,63.33,75.38,53.85,69.23
Florian Grillitsch,Austria,Left Defensive Midfield,MID,196,89.57055214723927,1,2.0186410795955765,0.7935728790179744,81.54,84.62,62.88,16.41,87.69,92.31,90.77,69.23,67.69,78.46,89.23,86.15,32.31,73.85,82.5,24.62,13.85,10.77
Jorge Luiz Frello Filho,Italy,Center Defensive Midfield,MID,219,91.25,4,7.227177074465869,1.856901695335983,68.31,43.59,82.37,50.77,89.23,93.85,83.08,35.38,40.0,29.23,23.08,78.46,66.15,98.46,82.5,55.38,50.77,46.15
Pierre-Emile Højbjerg,Denmark,Left Defensive Midfield,MID,362,93.28859060402684,2,4.69062962298732,1.5710988588821155,74.77,74.87,54.68,38.97,75.38,72.31,76.92,92.31,56.92,73.85,86.15,64.62,24.62,56.92,82.5,21.54,61.54,33.85
Rodrigo Hernández Cascante,Spain,Right Defensive Midfield,MID,532,91.05504587155964,17,8.991454562300333,1.9356225314489328,60.92,47.18,75.68,59.49,66.15,60.0,70.77,58.46,49.23,35.38,52.31,53.85,80.0,95.38,51.67,76.92,49.23,52.31
Mikel Merino Zazón,Spain,Center Attacking Midfield,MID,195,93.38235294117648,4,9.233910640507528,3.733042236797279,37.69,65.64,72.67,64.1,11.54,21.54,63.08,32.31,60.0,75.38,21.54,100.0,96.92,96.92,24.17,90.77,16.92,84.62
N'Golo Kanté,France,Right Center Midfield,MID,519,91.95046439628484,12,8.613847181499159,2.71485084756746,48.62,64.1,57.69,67.69,50.77,43.08,75.38,43.08,30.77,44.62,53.85,93.85,64.62,78.46,30.0,69.23,66.15,67.69
Adrien Rabiot,France,Left Center Midfield,MID,373,90.2127659574468,3,6.978136558033808,1.8693107379279408,64.15,63.59,54.17,49.74,54.62,64.62,81.54,90.77,29.23,67.69,83.08,40.0,30.77,49.23,82.5,63.08,36.92,49.23
Martín Zubimendi Ibáñez,Spain,Right Defensive Midfield,MID,143,92.3076923076923,1,6.381346796350606,1.9171353195769285,73.85,53.33,48.85,50.26,58.46,80.0,87.69,89.23,53.85,64.62,32.31,63.08,55.38,86.15,5.0,44.62,55.38,50.77
Luka Modrić,Croatia,Right Center Midfield,MID,240,91.55555555555556,3,5.163442737189095,-0.4885526571533228,93.85,84.62,11.86,35.38,92.31,90.77,95.38,96.92,93.85,96.92,98.46,58.46,3.08,20.0,12.5,9.23,89.23,7.69
Ondrej Duda,Slovakia,Left Center Midfield,MID,323,93.14285714285714,7,12.323077602106157,4.613293277671719,25.85,46.67,66.67,84.1,33.85,12.31,29.23,15.38,38.46,53.85,76.92,9.23,92.31,87.69,20.0,92.31,69.23,90.77
Toni Kroos,Germany,Left Defensive Midfield,MID,485,87.1559633027523,3,-2.478809476302908,-1.225728854462774,92.92,75.9,33.1,18.97,96.92,95.38,100.0,100.0,72.31,89.23,81.54,56.92,6.15,52.31,40.83,3.08,33.85,20.0
Qazim Laçi,Albania,Center Attacking Midfield,MID,164,92.3076923076923,3,14.890731716050189,6.796051788910513,35.08,57.44,54.64,73.33,32.31,29.23,9.23,4.62,100.0,84.62,84.62,3.08,100.0,23.08,40.83,100.0,20.0,100.0
Lukáš Provod,Czech Republic,Left Center Midfield,MID,231,87.5,7,15.700756969680322,4.923289773237682,23.69,42.05,56.88,92.31,3.08,4.62,16.92,20.0,73.85,13.85,41.54,70.77,88.46,33.85,48.33,96.92,84.62,95.38
Joey Veerman,Netherlands,Left Defensive Midfield,MID,204,84.02366863905326,4,2.1751110702343666,1.125214843859388,68.0,77.44,49.49,19.49,86.15,44.62,61.54,64.62,83.08,81.54,95.38,55.38,27.69,70.77,50.0,16.92,23.08,18.46
Trent Alexander-Arnold,England,Right Defensive Midfield,MID,135,90.19607843137256,0,3.0215921782614537,-0.2036838963372501,95.08,69.23,23.08,25.64,98.46,100.0,96.92,87.69,92.31,100.0,87.69,20.0,9.23,36.92,,12.31,60.0,4.62
Jakub Moder,Poland,Left Center Midfield,MID,191,93.16239316239316,3,4.723244293471682,1.682094135537319,33.23,82.56,56.69,38.97,26.15,23.08,7.69,66.15,43.08,93.85,63.08,90.77,78.46,50.77,40.83,47.69,30.77,38.46
Anzor Mekvabishvili,Georgia,Center Defensive Midfield,MID,188,86.36363636363636,2,6.475692288760028,3.094115661727733,47.85,45.13,58.78,57.44,60.0,83.85,21.54,40.0,33.85,41.54,16.92,76.92,67.69,26.15,82.5,70.77,27.69,73.85
Juraj Kucka,Slovakia,Right Center Midfield,MID,343,92.8,5,13.009411570547416,6.128791616714835,40.31,35.9,60.85,71.79,40.0,41.54,20.0,12.31,87.69,36.92,1.54,69.23,98.46,30.77,53.33,98.46,18.46,98.46
Davide Frattesi,Italy,Right Center Midfield,MID,185,75.0,3,9.911056688545155,3.61863205157691,17.54,76.92,50.02,62.56,3.08,4.62,1.54,3.08,75.38,80.0,58.46,92.31,95.38,13.85,40.83,93.85,10.77,83.08
Declan Rice,England,Left Defensive Midfield,MID,691,89.73880597014924,11,6.543484976914047,1.4094117343290864,62.15,64.1,31.67,47.18,63.08,67.69,73.85,78.46,27.69,49.23,47.69,95.38,7.69,32.31,55.0,32.31,78.46,30.77
Konrad Laimer,Austria,Left Defensive Midfield,MID,277,92.96875,10,6.174934374187755,2.625378356566469,55.08,63.59,33.01,52.31,52.31,35.38,46.15,72.31,69.23,43.08,60.0,87.69,56.92,24.62,17.5,81.54,9.23,66.15
Amadou Onana,Belgium,Left Defensive Midfield,MID,368,89.7872340425532,1,13.861204509931731,2.270355541236631,29.85,29.74,63.14,78.97,36.92,24.62,36.92,26.15,24.62,30.77,40.0,18.46,38.46,68.46,82.5,87.69,93.85,55.38
Saša Lukić,Serbia,Left Defensive Midfield,MID,205,94.0,5,7.036537025309146,1.7905822601205612,27.69,63.59,60.83,49.23,3.08,4.62,33.85,76.92,20.0,38.46,78.46,73.85,18.46,81.54,82.5,58.46,46.15,43.08
Nicolò Barella,Italy,Left Center Midfield,MID,345,88.01498127340824,5,7.72858617513972,1.1247874445414692,64.31,51.28,39.55,46.15,67.69,69.23,55.38,84.62,44.62,87.69,50.77,15.38,20.0,66.15,32.5,38.46,83.08,16.92
Jerdy Schouten,Netherlands,Right Defensive Midfield,MID,515,87.8048780487805,7,6.122377997737158,1.8450534407732968,54.15,46.67,50.96,48.72,61.54,55.38,64.62,63.08,26.15,23.08,27.69,89.23,33.85,61.54,57.5,30.77,70.77,44.62
Eduardo Camavinga,France,Left Center Midfield,MID,177,96.5909090909091,2,3.903571588041417,0.9610321410784896,60.0,72.31,40.36,26.15,49.23,53.85,78.46,55.38,63.08,70.77,64.62,81.54,50.77,46.15,24.17,33.85,29.23,15.38
Piotr Zieliński,Poland,Left Center Midfield,MID,256,86.48648648648648,5,7.854370162089948,3.4550276291716107,53.23,47.18,26.86,68.72,41.54,15.38,44.62,83.08,81.54,60.0,29.23,52.31,41.54,21.54,17.5,46.15,81.54,78.46
Tijjani Reijnders,Netherlands,Left Defensive Midfield,MID,501,91.07806691449817,8,8.49560988032033,2.3248748397769474,57.54,19.49,53.33,62.56,83.08,87.69,66.15,13.85,36.92,26.15,24.62,7.69,36.92,63.08,60.0,40.0,87.69,60.0
Hakan Çalhanoğlu,Turkey,Right Defensive Midfield,MID,361,89.14728682170544,3,4.348322191592816,1.8688405160545067,38.46,42.56,72.88,37.44,56.92,26.15,40.0,36.92,32.31,46.15,44.62,36.92,53.08,83.08,82.5,26.15,38.46,47.69
Billy Gilmour,Scotland,Right Defensive Midfield,MID,184,97.24770642201835,1,4.070651451308281,1.6810624600903674,60.31,33.85,57.76,37.95,73.85,70.77,50.77,53.85,52.31,9.23,49.23,43.08,46.15,44.62,82.5,73.85,3.08,36.92
Răzvan Gabriel Marin,Romania,Right Center Midfield,MID,359,89.90825688073394,4,4.452585877187506,3.751647513444771,35.38,42.56,56.73,54.87,23.08,40.0,18.46,18.46,76.92,69.23,35.38,23.08,75.38,12.31,82.5,20.0,58.46,86.15
Aurélien Djani Tchouaméni,France,Center Defensive Midfield,MID,476,87.4015748031496,2,-4.083511363760823,-0.9232752338378653,73.23,65.64,28.53,20.0,81.54,81.54,98.46,93.85,10.77,86.15,80.0,30.77,1.54,1.54,82.5,1.54,44.62,13.85
Kristjan Asllani,Albania,Left Defensive Midfield,MID,285,90.15544041450777,3,3.573852015051696,1.3301638624512688,64.62,45.13,40.83,29.74,76.92,75.38,52.31,56.92,61.54,55.38,20.0,60.0,12.31,27.69,82.5,18.46,41.54,29.23
Salih Özcan,Turkey,Right Defensive Midfield,MID,151,91.66666666666666,1,14.556412204915958,5.828626691715491,18.15,5.13,64.94,91.79,18.46,32.31,13.85,16.92,9.23,3.08,10.77,1.54,70.77,41.54,82.5,80.0,98.46,96.92
Nicolae Claudiu Stanciu,Romania,Left Center Midfield,MID,355,90.43478260869566,1,8.151812547177196,3.4934250363950228,46.15,42.05,28.33,62.56,30.77,52.31,24.62,27.69,95.38,47.69,73.85,4.62,73.85,6.15,5.0,6.15,100.0,81.54
Giorgi Chakvetadze,Georgia,Right Center Midfield,MID,244,89.36170212765957,5,8.033320444416061,4.843071663560435,37.23,25.13,42.63,71.28,46.15,16.92,15.38,52.31,55.38,10.77,15.38,49.23,86.15,9.23,32.5,72.31,47.69,93.85
Mykola Shaparenko,Ukraine,Right Defensive Midfield,MID,222,90.0,3,5.674623921883878,1.7457118916868533,62.77,37.95,31.86,43.59,64.62,76.92,60.0,47.69,64.62,52.31,55.38,6.15,35.38,47.69,12.5,83.08,6.15,41.54
Stanislav Lobotka,Slovakia,Center Defensive Midfield,MID,402,93.4156378600823,5,5.473913208957853,1.2595106896800603,42.15,28.21,63.91,36.41,35.38,46.15,47.69,67.69,13.85,15.38,30.77,38.46,44.62,64.62,82.5,29.23,56.92,23.08
João Maria Lobo Alves Palhinha Gonçalves,Portugal,Left Defensive Midfield,MID,300,90.27027027027027,1,8.399693387008966,1.2381127686972642,38.15,47.18,29.87,50.26,47.69,33.85,53.85,49.23,6.15,21.54,36.92,83.08,26.15,58.46,5.0,64.62,64.62,21.54
Timi Elšnik,Slovenia,Left Defensive Midfield,MID,358,93.22033898305084,4,0.9793016071057206,3.4907838450707565,46.15,38.46,38.31,41.03,38.46,50.77,38.46,23.08,80.0,40.0,13.85,61.54,83.08,7.69,24.17,41.54,1.54,80.0
Ylber Ramadani,Albania,Right Defensive Midfield,MID,271,89.81481481481481,1,8.725181124844694,4.118609758908922,15.69,7.18,63.4,74.87,27.69,36.92,3.08,6.15,4.62,6.15,3.08,12.31,72.31,35.38,82.5,61.54,75.38,87.69
Volodymyr Brazhko,Ukraine,Center Defensive Midfield,MID,178,96.47058823529412,0,7.111808284196591,3.1821407167936084,9.54,12.82,78.46,58.97,13.85,4.62,6.15,10.77,12.31,1.54,7.69,29.23,84.62,72.31,,84.62,15.38,76.92
Nicolas Seiwald,Austria,Right Defensive Midfield,MID,379,86.52173913043478,3,7.841975946105133,0.231510814385994,36.31,55.9,26.73,38.97,43.08,61.54,30.77,29.23,16.92,50.77,72.31,44.62,29.23,38.46,12.5,15.38,95.38,6.15
Ádám Nagy,Hungary,Right Defensive Midfield,MID,165,94.28571428571428,0,7.469396882612663,2.5028234673381125,30.46,40.51,23.08,63.08,15.38,27.69,27.69,30.77,50.77,61.54,26.15,33.85,43.08,3.08,,52.31,72.31,64.62
Remo Freuler,Switzerland,Right Defensive Midfield,MID,448,91.06382978723404,3,4.940353857132671,3.067847959682008,19.38,43.08,39.04,48.21,6.15,9.23,35.38,38.46,7.69,24.62,69.23,35.38,61.54,43.08,12.5,36.92,35.38,72.31
Marius Mihai Marin,Romania,Center Defensive Midfield,MID,303,88.23529411764706,0,12.806996107377527,2.26513072086644,29.54,16.92,26.92,72.31,24.62,30.77,12.31,1.54,78.46,18.46,6.15,26.15,49.23,4.62,,66.15,96.92,53.85
Marcelo Brozović,Croatia,Center Defensive Midfield,MID,233,87.7659574468085,6,-1.1189768940434834,-0.1208228517508291,30.46,63.08,35.66,11.28,7.69,18.46,56.92,50.77,18.46,66.15,90.77,32.31,10.77,55.38,40.83,4.62,26.15,3.08
Kaan Ayhan,Turkey,Left Defensive Midfield,MID,360,86.70212765957447,1,-0.8299849022743939,0.6325691798276217,48.62,40.51,38.78,8.21,29.23,49.23,69.23,60.0,35.38,27.69,46.15,47.69,15.38,18.46,82.5,7.69,7.69,9.23
Ivan Ilić,Serbia,Right Defensive Midfield,MID,208,88.1578947368421,1,3.213060329412743,0.1018864495484934,31.38,41.54,34.68,26.67,9.23,20.0,49.23,75.38,3.08,32.31,75.38,16.92,4.62,16.92,82.5,10.77,67.69,1.54
İsmail Yüksek,Turkey,Right Defensive Midfield,MID,152,83.83838383838383,1,2.6429394074939885,2.2925270665726467,31.38,22.05,40.38,35.38,16.92,4.62,67.69,46.15,21.54,20.0,18.46,27.69,47.69,68.46,5.0,23.08,24.62,58.46
András Schäfer,Hungary,Left Defensive Midfield,MID,287,91.6030534351145,1,6.091609930700097,0.8643430876434517,19.38,10.26,58.53,36.92,20.0,13.85,23.08,24.62,15.38,7.69,12.31,10.77,53.08,40.0,82.5,35.38,63.08,12.31
Adam Gnezda Čerin,Slovenia,Right Defensive Midfield,MID,390,87.87878787878788,1,5.306171072693398,2.274534257365229,18.92,13.85,18.59,52.31,11.54,10.77,4.62,9.23,58.46,12.31,4.62,24.62,40.0,10.77,5.0,13.85,86.15,56.92
Callum McGregor,Scotland,Left Defensive Midfield,MID,254,98.24561403508773,0,8.814638109168975,1.53630033038196,16.0,9.23,16.15,50.26,21.54,38.46,10.77,7.69,1.54,4.62,9.23,13.85,16.92,15.38,,86.15,32.31,32.31
Florian Wirtz,Germany,Left Wing,WIDE,287,93.12169312169311,8,8.825203244543934,2.58068069616142,72.97,56.76,90.45,58.56,86.49,86.49,83.78,91.89,16.22,54.05,67.57,48.65,81.08,100.0,90.28,83.78,35.14,56.76
Romano Schmid,Austria,Right Wing,WIDE,151,90.2777777777778,3,8.765475295469418,3.5521953256956347,55.14,75.68,77.57,69.37,45.95,75.68,51.35,64.86,37.84,72.97,56.76,97.3,94.59,78.38,59.72,64.86,56.76,86.49
Jeremy Doku,Belgium,Left Wing,WIDE,321,92.3728813559322,13,10.819340135946725,2.4032679361394376,83.24,90.09,27.45,63.06,83.78,91.89,81.08,70.27,89.19,89.19,94.59,86.49,21.62,13.51,47.22,89.19,54.05,45.95
Nicholas Williams Arthuer,Spain,Left Wing,WIDE,492,79.63800904977376,5,4.323028091147669,1.7522770884095509,72.43,69.37,67.93,40.54,78.38,89.19,72.97,72.97,48.65,75.68,86.49,45.95,43.24,70.27,90.28,13.51,72.97,35.14
Cole Palmer,England,Right Wing,WIDE,152,85.8974358974359,5,6.438078262961969,1.4993869954399266,81.08,61.26,64.33,40.54,91.89,94.59,100.0,62.16,56.76,81.08,81.08,21.62,27.03,75.68,90.28,21.62,78.38,21.62
Ousmane Dembélé,France,Right Wing,WIDE,356,87.07865168539325,10,9.14441429864898,1.5478886242389758,64.86,83.78,42.1,50.45,62.16,70.27,54.05,45.95,91.89,97.3,89.19,64.86,48.65,54.05,23.61,56.76,70.27,24.32
Leandro Trossard,Belgium,Right Wing,WIDE,167,90.41095890410958,3,9.746346574601896,1.7016431262806018,71.89,52.25,57.75,57.66,100.0,67.57,70.27,81.08,40.54,67.57,35.14,54.05,45.95,67.57,59.72,48.65,91.89,32.43
Luka Sučić,Croatia,Center Attacking Midfield,WIDE,148,85.71428571428571,2,7.7934342990192995,0.9953323418545618,64.32,70.27,61.02,43.24,75.68,78.38,91.89,43.24,32.43,48.65,78.38,83.78,62.16,97.3,23.61,35.14,83.78,10.81
Francisco Fernandes Conceição,Portugal,Center Attacking Midfield,WIDE,180,84.25196850393701,3,3.073458909762285,1.6065551719752649,85.41,96.4,21.71,29.73,97.3,100.0,86.49,97.3,45.95,100.0,97.3,91.89,2.7,2.7,59.72,18.92,43.24,27.03
Jamal Musiala,Germany,Right Wing,WIDE,423,93.02325581395348,21,10.866124046915552,2.595412558321582,24.86,59.46,85.39,61.26,16.22,18.92,40.54,29.73,18.92,43.24,45.95,89.19,91.89,86.49,77.78,94.59,29.73,59.46
Lamine Yamal Nasraoui Ebana,Spain,Right Wing,WIDE,507,82.92682926829268,14,7.761130603443136,0.4863911231360973,84.32,75.68,27.35,41.44,89.19,72.97,89.19,94.59,75.68,78.38,75.68,72.97,18.92,27.03,36.11,29.73,89.19,5.41
Bukayo Saka,England,Right Wing,WIDE,626,84.81481481481481,11,5.047907090772056,1.8712230586124527,85.95,68.47,36.51,36.94,72.97,83.78,94.59,100.0,78.38,70.27,72.97,62.16,24.32,32.43,52.78,40.54,32.43,37.84
Federico Chiesa,Italy,Right Wing,WIDE,264,81.13207547169812,5,7.2503354149255,2.642539817042344,68.65,57.66,44.52,53.15,70.27,97.3,59.46,32.43,83.78,51.35,54.05,67.57,51.35,40.54,41.67,72.97,21.62,64.86
Barış Alper Yılmaz,Turkey,Right Wing,WIDE,468,74.52830188679245,3,6.996452337355042,6.211805421274563,38.92,36.04,78.74,68.47,29.73,37.84,35.14,24.32,67.57,45.95,43.24,18.92,97.3,48.65,90.28,91.89,13.51,100.0
Lorenzo Pellegrini,Italy,Left Wing,WIDE,213,83.01886792452831,4,9.010335241272822,4.260806530800337,43.24,23.42,84.15,70.27,24.32,35.14,78.38,48.65,29.73,16.22,18.92,35.14,72.97,89.19,90.28,78.38,40.54,91.89
Kylian Mbappé Lottin,France,Center Forward,WIDE,469,88.64864864864866,18,9.006743224244206,1.1967677624042987,64.86,40.54,71.8,43.24,94.59,64.86,64.86,35.14,64.86,21.62,48.65,51.35,64.86,81.08,69.44,67.57,48.65,13.51
Mykhailo Mudryk,Ukraine,Left Midfield,WIDE,176,90.3846153846154,2,-1.3168932663616122,2.580259857487728,48.65,78.38,61.02,28.83,64.86,21.62,43.24,18.92,94.59,94.59,100.0,40.54,86.49,72.97,23.61,27.03,5.41,54.05
Lovro Majer,Croatia,Right Wing,WIDE,152,79.20792079207921,4,8.48606143320554,2.5475296598923327,43.24,45.95,68.23,57.66,43.24,45.95,97.3,27.03,2.7,35.14,8.11,94.59,89.19,91.89,23.61,62.16,59.46,51.35
Jan Mlakar,Slovenia,Left Midfield,WIDE,288,86.15384615384616,1,17.179902984837046,6.130654050165041,25.41,26.13,67.03,94.59,8.11,27.03,8.11,13.51,70.27,32.43,37.84,8.11,75.68,35.14,90.28,100.0,86.49,97.3
Marcel Sabitzer,Austria,Left Wing,WIDE,379,86.70520231213872,5,7.238072603547656,2.615627714438635,11.89,74.77,69.12,56.76,10.81,8.11,21.62,5.41,13.51,64.86,83.78,75.68,70.27,64.86,72.22,43.24,64.86,62.16
Andrej Kramarić,Croatia,Left Wing,WIDE,241,87.77777777777777,7,7.942512641582608,2.669352169686734,45.95,51.35,59.56,54.95,81.08,43.24,16.22,2.7,86.49,40.54,13.51,100.0,83.78,83.78,11.11,70.27,27.03,67.57
Donyell Malen,Netherlands,Right Wing,WIDE,196,85.71428571428571,2,8.794701377360385,3.377547947217829,56.22,35.14,44.81,65.77,56.76,81.08,75.68,40.54,27.03,29.73,59.46,16.22,54.05,56.76,23.61,75.68,37.84,83.78
Lukáš Haraslín,Slovakia,Left Wing,WIDE,259,83.82352941176471,4,2.757557909531747,3.291310054187215,37.84,47.75,56.46,51.35,32.43,40.54,37.84,16.22,62.16,56.76,5.41,81.08,78.38,24.32,66.67,8.11,67.57,78.38
Ianis Hagi,Romania,Left Midfield,WIDE,187,93.65079365079364,2,8.556662856447923,3.314836014874937,22.97,66.67,26.79,69.37,5.41,4.05,10.81,59.46,35.14,59.46,70.27,70.27,37.84,18.92,23.61,45.95,81.08,81.08
Phil Foden,England,Left Wing,WIDE,620,90.32258064516128,10,7.84330436613034,2.996698757600518,36.76,21.62,67.94,58.56,35.14,32.43,29.73,75.68,10.81,10.81,21.62,32.43,67.57,94.59,41.67,59.46,45.95,70.27
Jasir Asani,Albania,Right Wing,WIDE,209,94.87179487179486,1,17.83714874583524,2.4749938844729567,48.65,16.22,33.7,81.98,40.54,59.46,32.43,37.84,72.97,24.32,10.81,13.51,5.41,5.41,90.28,97.3,100.0,48.65
Kenan Yildiz,Turkey,Left Wing,WIDE,340,84.54545454545455,8,11.86920437324125,3.7206648154361215,28.65,18.92,49.1,83.78,27.03,10.81,5.41,78.38,21.62,2.7,27.03,27.03,59.46,37.84,50.0,86.49,75.68,89.19
Nedim Bajrami,Albania,Center Attacking Midfield,WIDE,247,88.60759493670885,3,10.504749088686577,4.398109772408725,16.76,30.63,46.03,81.98,13.51,16.22,2.7,8.11,43.24,37.84,51.35,2.7,32.43,45.95,59.72,54.05,97.3,94.59
Petar Stojanović,Slovenia,Right Midfield,WIDE,315,88.18181818181819,8,6.881399374928905,3.076346277813963,25.41,29.73,58.33,58.56,37.84,24.32,18.92,21.62,24.32,18.92,32.43,37.84,56.76,43.24,75.0,37.84,62.16,75.68
Cody Mathès Gakpo,Netherlands,Left Wing,WIDE,539,78.67647058823529,15,-1.4870556402253567,2.119129866767285,67.57,55.86,22.9,25.23,51.35,62.16,67.57,56.76,100.0,62.16,62.16,43.24,16.22,10.81,41.67,24.32,8.11,43.24
Patrick Wimmer,Austria,Right Wing,WIDE,149,87.5,4,-0.1305431577459344,1.905034131565644,31.62,26.13,84.15,27.93,2.7,4.05,24.32,67.57,59.46,5.41,16.22,56.76,100.0,62.16,90.28,32.43,10.81,40.54
Leroy Sané,Germany,Right Wing,WIDE,211,91.17647058823528,4,7.217627999119271,1.607002455360014,45.41,38.74,38.5,44.14,67.57,52.7,47.3,51.35,8.11,8.11,29.73,78.38,40.54,51.35,23.61,51.35,51.35,29.73
Rafael Alexandre Conceição Leão,Portugal,Left Wing,WIDE,281,80.53097345132744,5,-0.0849843857981705,0.9411966856959418,67.57,69.37,10.89,13.51,54.05,56.76,62.16,83.78,81.08,91.89,91.89,24.32,8.11,16.22,8.33,16.22,16.22,8.11
Dennis Man,Romania,Right Midfield,WIDE,271,87.5,4,0.3371585335272926,1.264979856973609,59.46,59.46,7.7,15.32,59.46,29.73,56.76,54.05,97.3,83.78,64.86,29.73,10.81,8.11,4.17,5.41,24.32,16.22
Ferrán Torres García,Spain,Right Wing,WIDE,148,86.66666666666667,0,0.705505058506872,1.4783834609348,32.16,31.53,32.43,38.74,21.62,48.65,27.03,10.81,52.7,86.49,2.7,5.41,35.14,29.73,,2.7,94.59,18.92
Ivan Schranz,Slovakia,Right Wing,WIDE,325,86.66666666666667,2,2.351550900440811,3.020340395040188,37.03,16.22,24.99,52.25,18.92,13.51,13.51,86.49,52.7,13.51,24.32,10.81,29.73,21.62,23.61,81.08,2.7,72.97
Bernardo Mota Veiga de Carvalho e Silva,Portugal,Right Wing,WIDE,422,84.90566037735849,1,-0.2767525554343359,0.4729506438010826,48.65,42.34,25.71,10.81,48.65,52.7,47.3,89.19,5.41,27.03,40.54,59.46,13.51,59.46,4.17,10.81,18.92,2.7
