player,team,primary_role,macro_role,minutes_played,n_decisions,DQ_index,score,score_sd,value_impact,avg_miss_cost,elite_per90,poor_per90,accuracy_pct,worst_choice_pct
Roland Sallai,Hungary,Left Attacking Midfield,CAM,283,50,100.0,0.6276190476190476,0.26936950223326717,0.002614425405606631,0.011001399443345938,2.2261484098939928,0.9540636042402828,14.000000000000002,2.0
Qazim Laçi,Albania,Center Attacking Midfield,MID,164,31,100.0,0.6816820276497696,0.29731614386191957,0.006740558072079171,0.013579942506135236,5.48780487804878,1.0975609756097562,32.25806451612903,3.225806451612903
Wout Weghorst,Netherlands,Center Forward,FW,158,21,100.0,0.8301020408163265,0.25617380866551076,0.009610386941156533,0.012648746361744307,5.69620253164557,0.569620253164557,47.61904761904761,4.761904761904762
Patrick Wimmer,Austria,Right Wing,WIDE,149,27,100.0,0.7740299823633157,0.2539312476218257,0.007858523254061237,0.006970924978493848,6.644295302013424,0.6040268456375839,40.74074074074074,0.0
Anthony Ralston,Scotland,Right Wing Back,FB,262,44,100.0,0.7344065656565657,0.2695403015556985,0.004953976816486105,0.01055506454508969,4.122137404580153,1.0305343511450382,27.27272727272727,2.272727272727273
Marin Pongracic,Croatia,Left Center Back,CB,188,73,100.0,0.6708088714938031,0.2661986507974664,0.0024830566478544923,0.00572978038846861,5.744680851063829,3.351063829787234,16.43835616438356,1.36986301369863
Răzvan Gabriel Marin,Romania,Right Center Midfield,MID,359,68,98.5,0.6476365546218487,0.3148264078824605,0.0014756845334601507,0.010338690223659764,4.763231197771588,1.5041782729805016,27.941176470588236,7.352941176470589
José Ignacio Fernández Iglesias,Spain,Right Center Back,CB,268,86,98.4,0.6700535252860834,0.27672193424416563,0.003634726002581986,0.0056373088736555044,7.052238805970149,2.014925373134328,24.418604651162788,3.488372093023256
Mario Mitaj,Albania,Left Back,FB,283,92,98.2,0.7133842305037956,0.27127798989443014,0.004129384366281714,0.007074101302364358,7.632508833922262,1.9081272084805656,26.08695652173913,3.260869565217391
Mykhailo Mudryk,Ukraine,Left Midfield,WIDE,176,31,97.3,0.6741167434715822,0.3182848866362169,0.005201398810855185,0.02054512281220673,5.113636363636363,1.534090909090909,32.25806451612903,9.67741935483871
Piotr Zieliński,Poland,Left Center Midfield,MID,256,97,96.9,0.6467844869906726,0.2738025773871091,0.0015562779334034682,0.009520392912128597,5.625,2.109375,16.49484536082474,6.185567010309279
Michael Gregoritsch,Austria,Center Forward,FW,135,23,96.9,0.7318322981366459,0.32758773819409626,0.00543644683633359,0.010149565448014404,6.666666666666666,1.3333333333333335,43.47826086956522,8.695652173913043
Jack Hendry,Scotland,Right Center Back,CB,280,68,96.7,0.6266339869281046,0.29371760550357173,0.0021533601042339414,0.005808631148452012,4.821428571428571,1.2857142857142856,22.058823529411764,4.411764705882353
Bendegúz Bolla,Hungary,Right Wing Back,FB,205,36,96.5,0.7003968253968255,0.30740957675095115,0.006292744394407062,0.011737410557376144,6.585365853658536,0.8780487804878049,41.66666666666667,2.7777777777777777
Joey Veerman,Netherlands,Left Defensive Midfield,MID,204,104,95.4,0.6388087606837606,0.2905757554490309,0.001749214407862379,0.013396236598270812,7.9411764705882355,4.852941176470589,17.307692307692307,3.8461538461538463
Jakub Piotr Kiwior,Poland,Left Center Back,CB,279,75,95.1,0.6190952380952381,0.3054428801037394,0.002948219681161413,0.009088885872200149,5.161290322580645,1.6129032258064515,21.333333333333336,4.0
Pedro González López,Spain,Center Attacking Midfield,CAM,185,73,95.0,0.6153783431180692,0.2760330519573528,0.003826512264361462,0.01625434830218584,5.837837837837839,2.9189189189189193,16.43835616438356,5.47945205479452
Otar Kakabadze,Georgia,Right Wing Back,FB,354,80,94.7,0.6804761904761905,0.3083252193260515,0.005158135729838751,0.006343707646607422,6.101694915254237,2.0338983050847457,30.0,5.0
Cody Mathès Gakpo,Netherlands,Left Wing,WIDE,539,83,94.6,0.6467871485943775,0.31006300389867264,0.009557965689111174,0.019068959179269842,4.174397031539888,1.0018552875695732,30.120481927710845,6.024096385542169
Rey Manaj,Albania,Center Forward,FW,159,12,93.8,0.7159722222222222,0.2804770992410132,0.004906475511085304,0.009271863497682368,2.2641509433962264,0.5660377358490566,33.33333333333333,0.0
Giorgi Kochorashvili,Georgia,Left Center Midfield,MID,373,131,93.8,0.6358657457894099,0.31396970790857043,0.00240746437691152,0.007158547847549701,6.997319034852547,3.1367292225201076,22.137404580152673,7.633587786259542
Jan Bednarek,Poland,Right Center Back,CB,279,59,93.4,0.6053672316384181,0.3145011866545734,0.0015463115844842545,0.0031938034585359855,3.225806451612903,2.5806451612903225,16.94915254237288,6.779661016949152
Andrei Florin Ratiu,Romania,Right Back,FB,360,48,93.0,0.6699652777777777,0.2951384199065972,0.004205000942710699,0.01307096490857805,3.5,1.25,29.166666666666668,4.166666666666666
Giorgi Chakvetadze,Georgia,Right Center Midfield,MID,244,64,92.3,0.6327380952380952,0.2935653216024792,0.0023326331337351507,0.008162604227557418,5.163934426229508,1.8442622950819672,21.875,6.25
Lukáš Haraslín,Slovakia,Left Wing,WIDE,259,38,91.9,0.6442982456140351,0.27750074162518246,0.0056041767828768066,0.015561831396032282,3.1274131274131274,0.3474903474903475,23.684210526315788,0.0
Guram Kashia,Georgia,Center Back,CB,369,69,91.8,0.6053025074764204,0.29554398750509747,0.0017702536418428433,0.005907182575277512,3.4146341463414633,1.4634146341463417,20.28985507246377,2.898550724637681
Elseid Hysaj,Albania,Right Back,FB,183,22,91.2,0.6648629148629148,0.2643352412422066,0.0041221170411941,0.004838316507815046,1.9672131147540983,0.4918032786885246,18.181818181818183,0.0
Tomáš Souček,Czech Republic,Center Defensive Midfield,MID,282,56,90.8,0.6221797052154195,0.301066523463653,0.002203204738611903,0.015040299660408592,2.8723404255319145,1.9148936170212765,16.071428571428573,1.7857142857142856
Rasmus Winther Højlund,Denmark,Center Forward,FW,284,37,90.6,0.7021450021450021,0.31946533199672994,0.006507687947435122,0.010489378410137614,3.8028169014084505,1.267605633802817,32.432432432432435,8.108108108108109
Lasha Dvali,Georgia,Left Center Back,CB,368,87,90.2,0.6017104542966611,0.31413047703063146,0.0011673639379161924,0.007004611510731523,3.179347826086956,2.690217391304348,14.942528735632186,6.896551724137931
Christoph Baumgartner,Austria,Center Attacking Midfield,CAM,301,72,90.0,0.612202380952381,0.3239645685297614,0.0054571410803468355,0.007769135371758688,4.78405315614618,2.691029900332226,22.22222222222222,11.11111111111111
Kieran Trippier,England,Left Back,FB,498,210,89.5,0.6640343915343916,0.24789432696720304,0.0032501343408684845,0.012524203246904116,6.506024096385542,1.4457831325301203,17.142857142857142,0.9523809523809524
Nicholas Williams Arthuer,Spain,Left Wing,WIDE,492,134,89.2,0.6417466240227434,0.3148652014562513,0.004752053969378157,0.017294477070519086,6.585365853658536,2.74390243902439,26.865671641791046,5.970149253731343
Martín Zubimendi Ibáñez,Spain,Right Defensive Midfield,MID,143,82,89.2,0.618568524970964,0.28999746476116767,0.0018347888053175006,0.008502510678395738,8.811188811188812,5.034965034965035,17.073170731707318,2.4390243902439024
Paweł Dawidowicz,Poland,Center Back,CB,183,55,88.5,0.5876334776334776,0.25883594552875816,0.0011935741726447644,0.0063643784705807935,2.9508196721311477,1.9672131147540983,10.909090909090908,1.8181818181818181
Toni Kroos,Germany,Left Defensive Midfield,MID,485,379,87.7,0.6137957029777611,0.27094889740890626,0.0015607134905424704,0.010204337655463138,10.577319587628866,4.082474226804123,15.03957783641161,3.95778364116095
Luka Lochoshvili,Georgia,Left Wing Back,FB,166,20,87.7,0.6621428571428571,0.24325566839289706,0.0034433419452753458,0.00844021337579288,1.6265060240963856,0.5421686746987953,15.0,0.0
Georges Mikautadze,Georgia,Right Center Forward,FW,350,40,87.5,0.6985714285714286,0.3118330081787767,0.004545298788891199,0.007712434358296518,3.6,0.7714285714285715,35.0,7.5
Jannik Vestergaard,Denmark,Center Back,CB,365,188,86.9,0.5872973657548126,0.29467939037799135,0.0006960487115586357,0.007410065096835025,8.383561643835616,3.452054794520548,18.085106382978726,6.382978723404255
Romano Schmid,Austria,Right Wing,WIDE,151,45,86.5,0.6381746031746032,0.32573952935012507,0.002238452789794011,0.018059368388189216,6.556291390728477,2.980132450331126,24.444444444444443,8.88888888888889
Eduardo Camavinga,France,Left Center Midfield,MID,177,67,86.2,0.6120824449182658,0.28560485621844794,0.0006249645722018444,0.015754491438964898,3.0508474576271185,3.5593220338983054,8.955223880597014,5.970149253731343
Heorhii Tsitaishvili,Georgia,Left Wing Back,FB,188,31,86.0,0.6612263184843831,0.34468250608149276,0.004858365798611429,0.014260661604000052,5.26595744680851,1.9148936170212765,35.483870967741936,9.67741935483871
Giorgi Gvelesiani,Georgia,Right Center Back,CB,164,27,85.2,0.5858759553203997,0.33396696599626047,0.0030557985898870105,0.007005554023340309,3.292682926829268,1.646341463414634,22.22222222222222,7.4074074074074066
Kevin De Bruyne,Belgium,Center Attacking Midfield,CAM,375,136,85.0,0.6112103174603175,0.3000998458605281,0.0014814584558730704,0.014358794838650225,5.76,3.6,17.647058823529413,5.88235294117647
Adrien Rabiot,France,Left Center Midfield,MID,373,174,84.6,0.6090699689837621,0.2806897188722612,0.0023916826111155948,0.014208826449491568,6.756032171581769,3.3780160857908843,16.091954022988507,4.022988505747127
Romelu Lukaku Menama,Belgium,Center Forward,FW,352,40,84.4,0.6949107142857143,0.30862518509793885,0.007476748697501132,0.009169914020653218,3.068181818181818,0.7670454545454545,30.0,7.5
Nicușor Silviu Bancu,Romania,Left Back,FB,267,65,84.2,0.655952380952381,0.2937889713377703,0.002620117002644685,0.013867322568141636,4.719101123595506,1.6853932584269664,21.53846153846154,6.153846153846154
Cole Palmer,England,Right Wing,WIDE,152,53,83.8,0.6381551362683439,0.29663804946086086,0.003586381888844829,0.015234246208189351,7.697368421052632,2.9605263157894735,24.528301886792452,3.7735849056603774
Stefan de Vrij,Netherlands,Right Center Back,CB,553,261,83.6,0.5787447546068236,0.2929213171913419,0.001009158490084698,0.006987450995198638,6.672694394213382,3.580470162748644,15.708812260536398,4.597701149425287
Anzor Mekvabishvili,Georgia,Center Defensive Midfield,MID,188,62,83.1,0.6047747055811572,0.2788863604955641,0.0024979440883560943,0.005812366369517906,4.787234042553192,1.9148936170212765,16.129032258064516,1.6129032258064515
Vladimír Coufal,Czech Republic,Right Wing Back,FB,279,57,82.5,0.6513088276246171,0.2915324128066395,0.005375457527315623,0.014304308763130947,3.870967741935484,1.935483870967742,21.052631578947366,5.263157894736842
Virgil van Dijk,Netherlands,Left Center Back,CB,553,222,82.0,0.5772379522379523,0.2821314875851657,0.0011960652626577613,0.006703534017732071,5.045207956600361,3.580470162748644,13.963963963963963,4.054054054054054
Mateo Kovačić,Croatia,Left Center Midfield,MID,229,140,81.5,0.6033418367346939,0.280032720322512,0.0012482010230284743,0.013323636117957477,7.074235807860262,4.716157205240174,12.857142857142856,3.571428571428571
Denis Mihai Drăguş,Romania,Center Forward,FW,292,38,81.2,0.6917919799498747,0.32903935744257407,0.0061097798209467525,0.00985517735063751,4.623287671232877,1.2328767123287672,39.473684210526315,5.263157894736842
Rafael Alexandre Conceição Leão,Portugal,Left Wing,WIDE,281,77,81.1,0.6366883116883116,0.30885336387783163,0.0035757857559411935,0.014678181907535599,6.725978647686833,2.562277580071174,27.27272727272727,6.493506493506493
Oleksandr Zinchenko,Ukraine,Left Back,FB,215,99,80.7,0.6474025974025974,0.2566024111575197,0.0024049850592723393,0.012463478624381852,8.372093023255815,2.0930232558139537,20.2020202020202,1.0101010101010102
Riccardo Calafiori,Italy,Left Center Back,CB,277,167,80.3,0.5727449862180402,0.29971828374965337,0.0003278170690797562,0.012021276303196337,8.12274368231047,7.79783393501805,14.97005988023952,3.592814371257485
Kristjan Asllani,Albania,Left Defensive Midfield,MID,285,128,80.0,0.602969990079365,0.2964219853495699,0.0016319882950963048,0.006778533250355009,6.947368421052632,3.1578947368421053,17.1875,7.03125
Orkun Kökçü,Turkey,Center Attacking Midfield,CAM,231,83,80.0,0.6075062153375406,0.29889142910971267,0.0008555202668721378,0.012505798798191548,5.454545454545455,3.5064935064935066,16.867469879518072,6.024096385542169
Dávid Hancko,Slovakia,Left Back,FB,375,80,78.9,0.6438690476190476,0.3010633190950668,0.005223542425705978,0.009523606893775944,4.32,1.6800000000000002,22.5,2.5
Joško Gvardiol,Croatia,Left Back,CB,284,113,78.7,0.5712600084281501,0.28052755931220963,0.0015251700057703043,0.010833523936247084,4.119718309859155,3.485915492957746,11.504424778761061,1.7699115044247788
İsmail Yüksek,Turkey,Right Defensive Midfield,MID,152,59,78.5,0.6022598870056497,0.30088882774562137,0.0010755999274131428,0.008811503613138373,4.7368421052631575,4.144736842105263,13.559322033898304,6.779661016949152
Jeremy Doku,Belgium,Left Wing,WIDE,321,89,78.4,0.6335874799357946,0.3171735393410413,0.005256734144805506,0.015981807170368158,6.728971962616822,2.5233644859813085,26.96629213483146,6.741573033707865
Niclas Füllkrug,Germany,Center Forward,FW,167,26,78.1,0.6732142857142858,0.36189806541423636,0.008104887484690872,0.011490975510669712,6.4670658682634725,1.6167664670658681,46.15384615384615,11.538461538461538
Theo Bernard François Hernández,France,Left Back,FB,587,251,77.2,0.6407465376588883,0.2839236553011241,0.00234499075100277,0.014851122808539171,7.972742759795571,2.7597955706984667,20.717131474103585,3.9840637450199203
Márton Dárdai,Hungary,Left Center Back,CB,180,41,77.0,0.5703252032520325,0.3525330863522822,0.0010688104536224466,0.005692975725410043,4.5,4.0,21.951219512195124,12.195121951219512
Saša Lukić,Serbia,Left Defensive Midfield,MID,205,114,76.9,0.5974519632414369,0.3164595340582907,0.00046777030125845113,0.009122762365006136,11.414634146341463,3.951219512195122,22.807017543859647,6.140350877192982
Bukayo Saka,England,Right Wing,WIDE,626,187,75.7,0.6297534165181223,0.3040007582821132,0.00342772991987027,0.01445668030359512,6.182108626198083,2.731629392971246,22.994652406417114,4.81283422459893
David Raum,Germany,Left Back,FB,167,58,75.4,0.6365763546798029,0.28232119094844366,0.003039444350681712,0.009966827635112276,8.083832335329342,1.6167664670658681,25.862068965517242,1.7241379310344827
Manuel Obafemi Akanji,Switzerland,Center Back,CB,477,218,75.4,0.5667449395660406,0.2836492878676048,0.0009512208621103274,0.006899408949214804,4.528301886792453,4.150943396226415,11.009174311926607,5.963302752293578
Vitor Machado Ferreira,Portugal,Right Defensive Midfield,MID,353,249,75.4,0.5862449799196787,0.2816358529135819,-0.00028952203420495534,0.014856904021499822,8.6685552407932,4.3342776203966,13.654618473895583,4.016064257028113
Fabian Rieder,Switzerland,Right Attacking Midfield,CAM,225,53,75.0,0.6033018867924528,0.2866508841236394,0.002429376205283804,0.013511952611992756,3.6,2.0,16.9811320754717,5.660377358490567
Aleksandar Mitrović,Serbia,Center Forward,FW,245,32,75.0,0.6707217261904762,0.2932790878656793,0.002396015200544515,0.010787574392780287,3.306122448979592,1.1020408163265305,28.125,6.25
Mikel Merino Zazón,Spain,Center Attacking Midfield,MID,195,103,73.8,0.5830829095392203,0.28735377035911286,0.0008333129485275449,0.012879574081659127,6.923076923076923,3.2307692307692304,14.563106796116504,4.854368932038835
Ricardo Iván Rodríguez Araya,Switzerland,Left Center Back,CB,488,168,73.8,0.5592545351473923,0.307607403900545,-1.660849124779391e-05,0.014537681273519273,3.872950819672131,4.057377049180328,12.5,7.738095238095238
Andrija Živković,Serbia,Right Wing Back,FB,245,79,73.7,0.634418324291742,0.31863909603189566,0.0035616012863977325,0.0127444277463712,8.448979591836736,3.306122448979592,29.11392405063291,7.59493670886076
Ivan Schranz,Slovakia,Right Wing,WIDE,325,51,73.0,0.6182773109243698,0.30577221149868505,0.0019867917507708456,0.012019809222455493,2.769230769230769,1.1076923076923078,19.607843137254903,5.88235294117647
Jerdy Schouten,Netherlands,Right Defensive Midfield,MID,515,232,72.3,0.579972290640394,0.2970049113721261,0.00014705813022307537,0.012260017945543884,6.29126213592233,4.893203883495145,15.517241379310345,6.896551724137931
Milan Škriniar,Slovakia,Left Center Back,CB,393,178,72.1,0.5574393615123953,0.28730770557071633,0.0009192525775063036,0.00601325505482731,5.038167938931298,4.809160305343512,12.359550561797752,3.932584269662921
Adam Buksa,Poland,Left Center Forward,FW,153,4,71.9,0.6666666666666667,0.45133546692422,0.003603066602042077,0.010334662102448204,0.5882352941176471,0.5882352941176471,25.0,25.0
João Pedro Cavaco Cancelo,Portugal,Right Back,FB,341,150,71.9,0.6329603174603174,0.2795225047740316,0.0026592857351555414,0.009604882085686378,6.334310850439883,2.903225806451613,16.0,4.0
Amadou Onana,Belgium,Left Defensive Midfield,MID,368,150,70.8,0.5747962962962964,0.3022320205041105,-0.0002204217692904801,0.011972242366136747,5.869565217391304,3.423913043478261,16.0,8.666666666666668
Marc Guehi,England,Left Center Back,CB,579,302,70.5,0.5548144644171135,0.27264285347632894,0.0007440687843219967,0.0061985751976923326,4.818652849740933,5.284974093264249,10.264900662251655,3.3112582781456954
Jamal Musiala,Germany,Right Wing,WIDE,423,141,70.3,0.6161741528762805,0.3150062491228425,0.002949697964241136,0.014508197238362415,6.382978723404256,3.829787234042553,21.27659574468085,7.092198581560284
Dan Ndoye,Switzerland,Right Wing Back,FB,406,68,70.2,0.6232901493930906,0.32733734181006674,0.0030367858587953406,0.019819762401110847,4.433497536945813,1.5517241379310345,29.411764705882355,10.294117647058822
İlkay Gündoğan,Germany,Center Attacking Midfield,CAM,382,134,70.0,0.5963041933191187,0.27740018928731547,0.001372854973834318,0.01395740494818159,4.947643979057592,2.5916230366492146,15.671641791044777,2.9850746268656714
Youri Tielemans,Belgium,Right Defensive Midfield,MID,154,74,69.2,0.5739060489060489,0.2988637219617784,0.00014149588853453599,0.014089241594262943,7.597402597402597,4.090909090909091,17.56756756756757,6.756756756756757
John Stones,England,Right Center Back,CB,686,409,68.9,0.5541749136492413,0.2707333091008191,0.0007000934705229671,0.006441279946038849,5.247813411078717,5.247813411078717,9.7799511002445,4.156479217603912
Cristiano Ronaldo dos Santos Aveiro,Portugal,Center Forward,FW,489,71,68.8,0.6598591549295775,0.2879929108696102,0.0036032182004445182,0.012905430195130208,2.94478527607362,0.9202453987730062,22.535211267605636,2.8169014084507045
Yannick Ferreira Carrasco,Belgium,Left Wing,FB,217,54,68.4,0.6220238095238095,0.34250847597067274,0.003623371534610235,0.011782819995292142,6.2211981566820285,3.3179723502304146,27.77777777777778,9.25925925925926
Aurélien Djani Tchouaméni,France,Center Defensive Midfield,MID,476,272,67.7,0.572452731092437,0.279909296286366,4.612902654272576e-05,0.013416261495978767,5.8613445378151265,5.294117647058823,11.397058823529411,4.411764705882353
Phil Foden,England,Left Wing,WIDE,620,283,67.6,0.6161282180716809,0.28077879766173897,0.0008822182008028915,0.01442417081044704,7.258064516129032,3.3387096774193545,17.6678445229682,4.946996466431095
Arlind Afrim Ajeti,Albania,Right Center Back,CB,271,67,67.2,0.5540452499407723,0.28149684492623855,0.0010250850349690852,0.004860140212500589,2.6568265682656826,2.6568265682656826,11.940298507462686,4.477611940298507
Joakim Mæhle,Denmark,Left Wing Back,FB,292,86,66.7,0.6167220376522702,0.31272509070881244,0.003374170088114676,0.011240081789312042,6.164383561643835,3.3904109589041096,23.25581395348837,8.13953488372093
Timi Elšnik,Slovenia,Left Defensive Midfield,MID,358,64,66.2,0.5703000992063492,0.32117217905487,0.001536568941258441,0.011957672404057807,2.513966480446927,2.2625698324022347,15.625,10.9375
Khvicha Kvaratskhelia,Georgia,Left Center Forward,FW,345,46,65.6,0.6587732919254659,0.26487259765620175,0.005096030845569299,0.0077367653781526624,2.869565217391304,0.5217391304347826,23.91304347826087,2.1739130434782608
Grant Campbell Hanley,Scotland,Center Back,CB,238,86,65.6,0.552062569213732,0.30514383370959214,0.0011652700817767242,0.007253816429520495,4.915966386554622,3.0252100840336134,15.11627906976744,5.813953488372093
Daniel Olmo Carvajal,Spain,Center Attacking Midfield,CAM,432,126,65.0,0.5923437893675989,0.30335021535447565,0.0029805691959095396,0.014498069391914198,5.208333333333333,2.2916666666666665,19.841269841269842,4.761904761904762
Maximilian Mittelstädt,Germany,Left Back,FB,311,142,64.9,0.6152833668678739,0.30002849868805226,0.0014703813498821397,0.01592904605460924,8.392282958199356,3.4726688102893895,20.422535211267608,4.929577464788732
Lovro Majer,Croatia,Right Wing,WIDE,152,68,64.9,0.6144957983193278,0.31478881016795685,0.003572323776732769,0.010798524506332171,7.105263157894736,6.5131578947368425,17.647058823529413,7.352941176470589
Rodrigo Hernández Cascante,Spain,Right Defensive Midfield,MID,532,315,64.6,0.5686797682035778,0.2932569774604235,2.4255598547576385e-05,0.01227838608303994,6.7669172932330826,5.75187969924812,12.698412698412698,5.079365079365079
Solomon Kverkvelia,Georgia,Right Center Back,CB,180,35,63.9,0.5509183673469388,0.3206403196137617,1.1333263704174992e-05,0.008607100215775758,3.0,2.0,17.142857142857142,11.428571428571429
Arthur Theate,Belgium,Left Back,FB,255,107,63.2,0.6130396083667112,0.29783744831054654,0.0017466831152837456,0.007904287903041578,7.411764705882353,3.8823529411764706,19.626168224299064,6.5420560747663545
Billy Gilmour,Scotland,Right Defensive Midfield,MID,184,79,63.1,0.5615883062085594,0.2785027850304616,0.00022561481321423227,0.01018962769158832,4.4021739130434785,2.934782608695652,11.39240506329114,3.79746835443038
Marcus Thuram,France,Center Forward,FW,258,38,62.5,0.6577485380116959,0.27864931512948776,0.003726666601312802,0.012149884586223831,2.7906976744186047,0.6976744186046512,21.052631578947366,5.263157894736842
Berat Djimsiti,Albania,Left Center Back,CB,278,94,62.3,0.5497973657548126,0.2859495979223101,0.0009439626397786826,0.005508525043491752,3.237410071942446,3.237410071942446,10.638297872340425,7.446808510638298
Leandro Trossard,Belgium,Right Wing,WIDE,167,51,62.2,0.613235294117647,0.331282778471391,0.0014708516839008555,0.014938087142866503,6.4670658682634725,5.389221556886228,23.52941176470588,7.8431372549019605
N'Golo Kanté,France,Right Center Midfield,MID,519,244,61.5,0.5580422196200885,0.31173484107890886,0.0002427443766933154,0.015180476846918813,7.109826589595375,3.9884393063583814,16.80327868852459,8.60655737704918
Ferdi Erenay Kadıoğlu,Turkey,Left Back,FB,464,172,61.4,0.6108227205610927,0.28410260714065866,0.003100928265686802,0.01182036325206062,5.237068965517241,3.103448275862069,15.69767441860465,4.651162790697675
Attila Fiola,Hungary,Right Center Back,CB,178,44,60.7,0.5490800865800866,0.341417634483317,0.0010741627339710676,0.007725324534453757,5.561797752808989,3.033707865168539,25.0,13.636363636363635
Pierre-Emile Højbjerg,Denmark,Left Defensive Midfield,MID,362,218,60.0,0.5564438619484491,0.28675969556028236,0.00014769958864690753,0.01177187784369731,5.966850828729282,5.220994475138121,11.009174311926607,8.715596330275229
Xavi Simons,Netherlands,Center Attacking Midfield,CAM,461,126,60.0,0.5863095238095238,0.2874249877494413,0.0017669499269373373,0.01731734172553763,4.295010845986985,2.7331887201735356,17.46031746031746,3.968253968253968
Timothy Castagne,Belgium,Right Back,FB,365,117,59.6,0.6105006105006106,0.29556990032677016,0.0017142625492477632,0.011891690102202484,6.164383561643835,2.219178082191781,21.367521367521366,4.273504273504273
Jasir Asani,Albania,Right Wing,WIDE,209,30,59.5,0.6130026455026455,0.28035189515522985,0.006115747901166131,0.00784822503390376,2.15311004784689,0.8612440191387559,16.666666666666664,6.666666666666667
David Strelec,Slovakia,Center Forward,FW,179,24,59.4,0.6571924603174603,0.30954440908651576,0.005197194979966071,0.006086288242486013,3.016759776536313,1.005586592178771,25.0,4.166666666666666
Rúben Santos Gato Alves Dias,Portugal,Right Center Back,CB,422,280,59.0,0.5488775510204081,0.27065057581705104,0.0004002008347022345,0.007233866350738595,4.478672985781991,5.118483412322274,7.5,4.285714285714286
Remo Freuler,Switzerland,Right Defensive Midfield,MID,448,168,58.5,0.5553051776266061,0.2894436707271682,3.2023876578971764e-05,0.013885025281869376,3.415178571428571,3.214285714285714,10.119047619047619,7.142857142857142
Oleksandr Tymchyk,Ukraine,Right Back,FB,200,30,57.9,0.6055158730158731,0.31738431886564333,0.006071047562195516,0.01595652210080044,3.1500000000000004,0.9,23.333333333333332,6.666666666666667
Fabian Lukas Schär,Switzerland,Right Center Back,CB,478,138,57.4,0.5476305498044629,0.2852163917598161,0.0018114046067062948,0.007847884685075513,2.4476987447698746,2.6359832635983262,9.420289855072465,6.521739130434782
Stanislav Lobotka,Slovakia,Center Defensive Midfield,MID,402,174,56.9,0.5546455938697318,0.30612089237120094,0.0003702973576454131,0.01058037486670934,6.044776119402985,4.253731343283582,15.517241379310345,6.321839080459771
Florian Wirtz,Germany,Left Wing,WIDE,287,145,56.8,0.6065353037766831,0.291985205512137,0.001850840839207907,0.012317178716227445,7.526132404181185,4.390243902439025,16.551724137931036,4.137931034482759
Che Adams,Scotland,Center Forward,FW,209,23,56.2,0.6540890269151138,0.2927435782005893,0.006423716721152775,0.010187996102196178,2.15311004784689,0.8612440191387559,21.73913043478261,4.3478260869565215
Przemysław Frankowski,Poland,Right Wing Back,FB,271,76,56.1,0.6047619047619047,0.3174430154015219,0.0018319317015154982,0.01310963294421303,6.309963099630996,3.9852398523985237,25.0,6.578947368421052
Josip Šutalo,Croatia,Right Center Back,CB,287,137,55.7,0.5455161626694474,0.29265496114366896,0.000450020914084569,0.007262373498354174,3.7630662020905925,6.585365853658536,8.75912408759124,5.109489051094891
Declan Rice,England,Left Defensive Midfield,MID,691,390,55.4,0.5543050468050469,0.26423733248785547,-0.00014130108685155357,0.011886869147519352,4.688856729377713,4.167872648335745,9.230769230769232,3.3333333333333335
Dušan Tadić,Serbia,Center Attacking Midfield,CAM,160,57,55.0,0.5830409356725146,0.28136358346967894,0.0023071232673323996,0.013361382786869167,3.9374999999999996,2.25,12.280701754385964,7.017543859649122
Mert Müldür,Turkey,Right Back,FB,351,95,54.4,0.602297410192147,0.3249157276950001,0.0015429555723075314,0.01212439425417019,5.128205128205129,4.102564102564103,21.052631578947366,8.421052631578947
Lamine Yamal Nasraoui Ebana,Spain,Right Wing,WIDE,507,142,54.1,0.6052956628660854,0.31509486158807287,0.0030886647614564223,0.02224114814227909,5.14792899408284,3.0177514792899407,20.422535211267608,6.338028169014084
Philipp Lienhart,Austria,Left Center Back,CB,214,71,54.1,0.5428459646769506,0.27187638739043807,0.0007464547674052267,0.008043112406067237,3.364485981308411,2.5233644859813085,11.267605633802818,2.8169014084507045
Bruno Miguel Borges Fernandes,Portugal,Center Attacking Midfield,MID,379,175,53.8,0.5539931972789116,0.31290295825512665,0.0010108341412374783,0.01554248996333219,6.174142480211081,5.936675461741425,14.857142857142858,10.285714285714285
Marko Arnautović,Austria,Center Forward,FW,283,34,53.1,0.6503501400560223,0.32484126139035524,0.002991646895733414,0.012984093706212481,2.862190812720848,0.6360424028268551,26.47058823529412,5.88235294117647
Daniel Carvajal Ramos,Spain,Right Back,FB,475,183,52.6,0.5987379651314078,0.29847561638331277,7.941278985213116e-05,0.016991938896557698,5.3052631578947365,3.789473684210526,15.300546448087433,6.0109289617486334
Strahinja Pavlović,Serbia,Left Center Back,CB,280,94,52.5,0.5406408308004053,0.3242663884701634,0.0008998654554827294,0.009725209425532422,5.142857142857142,3.857142857142857,17.02127659574468,11.702127659574469
Marcelo Brozović,Croatia,Center Defensive Midfield,MID,233,142,52.3,0.5534652358596021,0.2746753581024839,-0.00040812381297287894,0.010102171760580377,5.021459227467812,5.793991416309012,9.15492957746479,3.5211267605633805
Kylian Mbappé Lottin,France,Center Forward,WIDE,469,135,51.4,0.6014285714285714,0.3029464838409827,0.0011438962072836123,0.022689554761469253,4.605543710021322,3.070362473347548,17.77777777777778,7.4074074074074066
Nathan Aké,Netherlands,Left Back,FB,475,166,50.9,0.598701950659782,0.29260021761403937,0.0017864186971356054,0.011038572979819439,5.3052631578947365,3.410526315789474,16.867469879518072,5.421686746987952
Wout Faes,Belgium,Right Center Back,CB,360,185,50.8,0.5367932217932218,0.2974942822562418,0.000348060410766277,0.005923937289452615,6.0,5.25,12.972972972972974,9.18918918918919
Kaan Ayhan,Turkey,Left Defensive Midfield,MID,360,126,50.8,0.5531903502141597,0.2857494396397938,0.0010971680425974355,0.011366410220322573,3.75,3.0,11.904761904761903,3.968253968253968
Jude Bellingham,England,Center Attacking Midfield,CAM,668,283,50.0,0.5813940770654552,0.2842479528405785,0.0011109808774910578,0.01330034486339792,5.254491017964072,4.041916167664671,13.780918727915195,4.593639575971731
Gianluca Scamacca,Italy,Center Forward,FW,248,30,50.0,0.6421825396825397,0.2818061398527852,0.005628166694740048,0.008183850568140165,2.540322580645161,0.7258064516129032,23.333333333333332,0.0
Ladislav Krejčí,Czech Republic,Left Center Back,CB,273,76,49.2,0.5364087301587301,0.2822525079199356,-0.00046290153359309516,0.016430168444664238,3.296703296703297,3.296703296703297,13.157894736842104,3.9473684210526314
Tijjani Reijnders,Netherlands,Left Defensive Midfield,MID,501,206,49.2,0.5510575589459085,0.29328481642161414,0.00012390468447721532,0.01439425672037603,5.748502994011975,3.413173652694611,15.53398058252427,5.825242718446602
Andrew Robertson,Scotland,Left Wing Back,FB,267,51,49.1,0.5906551509492687,0.31267759693956415,0.002852503281621279,0.008956050126433792,3.033707865168539,2.359550561797753,17.647058823529413,5.88235294117647
Bernardo Mota Veiga de Carvalho e Silva,Portugal,Right Wing,WIDE,422,174,48.6,0.5967980295566503,0.2805015703700508,0.0010360378803302111,0.015315638429222317,5.545023696682464,4.052132701421801,14.942528735632186,4.597701149425287
Fabián Ruiz Peña,Spain,Left Defensive Midfield,MID,559,309,47.7,0.5459508398828787,0.2934074005760865,1.0789933079565266e-05,0.014653113430820968,4.991055456171735,5.796064400715564,10.032362459546926,8.090614886731391
William Saliba,France,Left Center Back,CB,583,250,47.5,0.5357206349206349,0.27510811984205386,-0.0003202872612135949,0.009708175293100293,3.704974271012007,3.8593481989708405,9.6,5.6000000000000005
Silvan Widmer,Switzerland,Right Wing Back,FB,292,59,47.4,0.5905367231638419,0.28020660729035807,0.0008475799732094056,0.012824034597054806,2.1575342465753424,1.8493150684931505,11.864406779661017,8.47457627118644
Breel-Donald Embolo,Switzerland,Center Forward,FW,302,38,46.9,0.6349937343358395,0.33813483593065013,0.0035900788943226338,0.011267865072023557,3.2781456953642385,1.7880794701986755,28.947368421052634,10.526315789473683
Juraj Kucka,Slovakia,Right Center Midfield,MID,343,86,46.2,0.545671834625323,0.2998357327203205,0.0014487169959800236,0.014669336694917823,3.4110787172011663,2.361516034985423,15.11627906976744,8.13953488372093
Milos Veljkovic,Serbia,Right Center Back,CB,280,135,45.9,0.5352204585537919,0.306331412469294,0.00026184583595296557,0.008023663774041158,5.464285714285714,5.464285714285714,12.592592592592592,10.37037037037037
Petar Stojanović,Slovenia,Right Midfield,WIDE,315,61,45.9,0.5914584959666928,0.3270988892857209,0.0008953681710292863,0.015389029805809713,4.0,2.571428571428571,22.950819672131146,9.836065573770492
Federico Dimarco,Italy,Left Back,FB,230,53,45.6,0.584366576819407,0.30921697225573697,0.0012710875752446826,0.014633217774922469,3.5217391304347827,2.739130434782609,16.9811320754717,9.433962264150944
Ruben Vargas,Switzerland,Left Attacking Midfield,CAM,304,77,45.0,0.572634508348794,0.3048032205461763,0.0020325163416441833,0.019945142419492568,3.848684210526316,3.552631578947368,16.883116883116884,3.896103896103896
Luka Modrić,Croatia,Right Center Midfield,MID,240,169,44.6,0.5448788391096083,0.30659386978916436,-0.000283201402775096,0.016160059320492838,10.125,8.625,15.976331360946746,7.6923076923076925
Willi Orban,Hungary,Center Back,CB,281,74,44.3,0.5343629343629344,0.31102752830318653,0.0015805139865218447,0.004776277101518788,3.5231316725978647,2.8825622775800714,14.864864864864865,9.45945945945946
Milos Kerkez,Hungary,Left Wing Back,FB,233,49,43.9,0.5829446064139941,0.32925280057173256,0.000991563706200184,0.0184011263247601,3.8626609442060085,2.703862660944206,20.408163265306122,10.204081632653061
Randal Kolo Muani,France,Center Forward,FW,207,26,43.8,0.6342948717948718,0.3188186846065993,0.0018844560891279685,0.013436882159744309,2.1739130434782608,1.7391304347826086,19.230769230769234,11.538461538461538
Kenan Yildiz,Turkey,Left Wing,WIDE,340,81,43.2,0.5840828924162257,0.2853599889380466,0.0005349100404730511,0.016557822643723068,4.235294117647059,1.8529411764705883,19.753086419753085,6.172839506172839
Bryan Cristante,Italy,Left Center Midfield,MID,140,93,43.1,0.5440988223246288,0.3045600510873931,0.00036240757939677706,0.013756004284116533,5.142857142857142,9.642857142857142,8.60215053763441,8.60215053763441
Andreas Christensen,Denmark,Left Center Back,CB,349,168,42.6,0.5311649659863945,0.30457799046360484,-0.0003224350135147774,0.008277138505215624,6.189111747851003,4.899713467048711,14.285714285714285,5.952380952380952
Nuno Mendes,Portugal,Left Back,FB,421,221,42.1,0.5807369101486749,0.29577633828860517,0.0011771750973449421,0.011748585653543682,5.985748218527316,6.627078384798099,12.669683257918551,5.429864253393665
Hakan Çalhanoğlu,Turkey,Right Defensive Midfield,MID,361,179,41.5,0.542072359670125,0.2887811399212304,-3.725713793773233e-05,0.012205666320703436,4.487534626038782,4.986149584487534,10.05586592178771,6.70391061452514
Mykola Matvienko,Ukraine,Left Center Back,CB,278,155,41.0,0.5296236559139785,0.3000022379580117,0.000329035480536201,0.008001753354358855,6.151079136690648,5.827338129496403,12.258064516129032,8.38709677419355
Memphis Depay,Netherlands,Center Forward,FW,463,92,40.6,0.6276268115942029,0.3489367073118842,0.003333174548580869,0.012896469576433115,5.442764578833693,3.304535637149028,30.434782608695656,11.956521739130435
Ferrán Torres García,Spain,Right Wing,WIDE,148,24,40.5,0.5839285714285715,0.3402377583824634,-0.0003422717564514107,0.019954865734615034,3.040540540540541,1.8243243243243243,20.833333333333336,8.333333333333332
Victor Bernth Kristansen,Denmark,Left Wing Back,FB,160,52,40.4,0.5787774725274726,0.3157245134718255,0.0030535481742936595,0.013737063778320536,3.9374999999999996,5.0625,13.461538461538462,11.538461538461538
Granit Xhaka,Switzerland,Left Defensive Midfield,MID,489,296,40.0,0.5404855748605749,0.29407902813887155,-0.0005987479741047453,0.014794147216105301,5.337423312883436,6.993865030674847,9.797297297297296,7.094594594594595
Christian Dannemann Eriksen,Denmark,Left Attacking Midfield,CAM,353,133,40.0,0.5641514500537057,0.3160105895436479,0.0008163174131243122,0.015213571179116916,6.883852691218131,4.8441926345609065,20.30075187969925,7.518796992481203
Aymeric Laporte,Spain,Left Center Back,CB,533,328,39.3,0.528577477739063,0.2934561726441639,2.5360916589067196e-05,0.010925974532324429,5.4033771106941835,8.442776735459661,9.75609756097561,7.317073170731707
Marc Cucurella Saseta,Spain,Left Back,FB,555,194,38.6,0.5787452953690067,0.3083186820301293,0.0005212106591967117,0.016936918213233655,5.675675675675675,4.54054054054054,18.04123711340206,6.185567010309279
Nicolae Claudiu Stanciu,Romania,Left Center Midfield,MID,355,66,38.5,0.5389369889369889,0.33523877970304317,0.0025046410264927856,0.014494133614291324,2.535211267605634,3.04225352112676,15.151515151515152,13.636363636363635
Luka Sučić,Croatia,Center Attacking Midfield,WIDE,148,60,37.8,0.5780555555555555,0.25924194498268954,0.0008192632348308219,0.014614016074351656,4.256756756756757,3.6486486486486487,11.666666666666666,1.6666666666666667
Maximilian Wöber,Austria,Left Center Back,CB,182,72,37.7,0.5283454585537919,0.3092959331477659,0.0006227067960273317,0.01023635300054624,3.956043956043956,6.923076923076923,11.11111111111111,4.166666666666666
Kai Havertz,Germany,Center Forward,FW,397,81,37.5,0.612610229276896,0.26998931658874664,0.00344180032824788,0.012296590989794257,3.1738035264483626,1.5869017632241813,17.28395061728395,2.4691358024691357
András Schäfer,Hungary,Left Defensive Midfield,MID,287,89,36.9,0.5345505617977528,0.31022128259379983,-0.0012427504283911755,0.01380939213591859,3.449477351916376,3.449477351916376,12.359550561797752,7.865168539325842
David Jurásek,Czech Republic,Left Wing Back,FB,158,38,36.8,0.5781015037593985,0.3124025299330858,0.00227667254835108,0.016058395811434027,3.9873417721518987,1.7088607594936709,18.421052631578945,5.263157894736842
Alessandro Bastoni,Italy,Right Center Back,CB,373,214,36.1,0.5231104435543688,0.2960731628944839,0.0006718184543711879,0.009269032954741708,5.79088471849866,8.203753351206435,11.214953271028037,7.009345794392523
Morten Hjulmand,Denmark,Right Defensive Midfield,MID,244,168,35.4,0.5342757936507937,0.27948655537539563,-0.0008591696225646925,0.012971761306716942,6.270491803278688,6.639344262295082,10.119047619047619,7.738095238095238
Marcel Sabitzer,Austria,Left Wing,WIDE,379,108,35.1,0.5775977366255144,0.283377316279679,0.001673355618635379,0.01740278654481379,3.562005277044855,2.37467018469657,13.88888888888889,0.9259259259259258
Alexander Prass,Austria,Left Back,FB,177,40,35.1,0.5761904761904761,0.321453442713429,0.002125318204845012,0.013649809864869019,3.0508474576271185,3.5593220338983054,15.0,7.5
Georgiy Sudakov,Ukraine,Center Attacking Midfield,CAM,262,84,35.0,0.5641156462585034,0.3182338496549058,0.0017576071583966242,0.014001576562603509,3.435114503816794,4.465648854961832,11.904761904761903,11.904761904761903
Mikel Oyarzabal Ugarte,Spain,Center Forward,FW,205,43,34.4,0.6090531561461794,0.329969782658656,0.0029192587637506366,0.011728051695720183,4.390243902439025,2.6341463414634148,23.25581395348837,9.30232558139535
Dayotchanculle Upamecano,France,Right Center Back,CB,585,229,34.4,0.5207752824565052,0.2865667305579771,-0.0001727899361976578,0.0090817299357938,2.9230769230769234,5.692307692307692,8.296943231441048,6.550218340611353
Kobbie Mainoo,England,Right Defensive Midfield,MID,376,158,33.8,0.5308921036769138,0.2851020193092411,-0.0013211041960474647,0.017826657083437406,4.308510638297872,3.1117021276595747,11.39240506329114,6.962025316455696
Peter Pekarík,Slovakia,Right Back,FB,379,59,33.3,0.5725786924939468,0.2841738858330246,0.0021339600089993077,0.01081713190900695,2.1372031662269126,1.662269129287599,15.254237288135593,6.779661016949152
Nikola Milenković,Serbia,Center Back,CB,279,148,32.8,0.5123230373230374,0.3076702137337606,-0.0003335657396921737,0.006566904492829108,7.419354838709678,6.774193548387097,15.54054054054054,10.135135135135135
Nedim Bajrami,Albania,Center Attacking Midfield,WIDE,247,50,32.4,0.5731428571428572,0.32318439916088754,0.0033123595043818544,0.0073990973965666566,2.91497975708502,2.1862348178137654,16.0,6.0
Ylber Ramadani,Albania,Right Defensive Midfield,MID,271,78,32.3,0.5279456654456655,0.2861709608144433,0.0009423457172073454,0.007215268162023845,2.6568265682656826,2.988929889298893,10.256410256410255,5.128205128205128
Kyle Walker,England,Right Back,FB,690,326,31.6,0.5699569091440257,0.29907551907895624,0.0009034012445268178,0.01157630980009345,6.782608695652175,5.478260869565218,15.950920245398773,5.828220858895705
Benjamin Šeško,Slovenia,Left Center Forward,FW,356,48,31.2,0.6043568121693121,0.3344722555032905,0.0019635162547248512,0.008795282967544253,2.528089887640449,2.0224719101123596,20.833333333333336,10.416666666666668
Abdülkerim Bardakcı,Turkey,Left Center Back,CB,369,134,31.1,0.5117063492063492,0.2740168554442163,0.0004133816788768996,0.009081222581297382,1.951219512195122,4.146341463414634,5.970149253731343,5.970149253731343
Jakub Moder,Poland,Left Center Midfield,MID,191,88,30.8,0.5237554112554113,0.3058970242639365,0.0005404054764799052,0.008769392969996428,5.654450261780104,5.654450261780104,13.636363636363635,12.5
Antoine Griezmann,France,Center Attacking Midfield,CAM,405,131,30.0,0.5616200169635284,0.3229495671747701,0.0021153893487955338,0.017181027037407166,5.777777777777779,4.888888888888889,19.84732824427481,10.687022900763358
Michel Aebischer,Switzerland,Left Wing Back,FB,487,164,29.8,0.5697299651567944,0.30633932481230197,-1.771844301554475e-05,0.017696799994559562,5.174537987679671,4.435318275154004,17.073170731707318,6.707317073170732
Jan Mlakar,Slovenia,Left Midfield,WIDE,288,32,29.7,0.5636904761904762,0.3730346788518057,0.0033602235184463764,0.01233360433113749,2.1875,2.5,21.875,21.875
Robin Aime Robert Le Normand,Spain,Right Center Back,CB,451,239,29.5,0.5097130902570233,0.29214433027144465,-0.0006038733591761746,0.011425884927107444,3.9911308203991136,7.583148558758315,8.368200836820083,8.786610878661087
João Maria Lobo Alves Palhinha Gonçalves,Portugal,Left Defensive Midfield,MID,300,128,29.2,0.523037574404762,0.27757174634883935,0.0002957991654665949,0.009754116676364324,1.8,5.7,4.6875,6.25
Róbert Boženík,Slovakia,Center Forward,FW,208,24,28.1,0.598561507936508,0.27892400825632413,0.001089957457369984,0.008957627328910861,0.4326923076923077,0.8653846153846154,4.166666666666666,8.333333333333332
Stefan Posch,Austria,Right Back,FB,381,97,28.1,0.5674889543446244,0.31239611655897903,0.002082083639399798,0.015570415317123587,4.015748031496063,3.3070866141732282,17.525773195876287,8.24742268041237
Denis Vavro,Slovakia,Right Center Back,CB,389,140,27.9,0.5077494331065759,0.29042016994429304,0.00023264816781994591,0.007619389985876472,2.776349614395887,4.627249357326479,8.571428571428571,10.0
Konrad Laimer,Austria,Left Defensive Midfield,MID,277,97,27.7,0.5155621011291114,0.30427227336356083,-0.0008503734805983305,0.01564907724365304,3.898916967509025,4.223826714801444,12.371134020618557,7.216494845360824
Dennis Man,Romania,Right Midfield,WIDE,271,51,27.0,0.5631652661064426,0.33297126694733237,0.001216365433811407,0.029009669718008918,3.9852398523985237,2.3247232472324724,23.52941176470588,7.8431372549019605
Jules Koundé,France,Right Back,FB,583,210,26.3,0.5663926681783824,0.3302756165934129,0.0013315874959859454,0.014560514375261447,6.792452830188679,5.09433962264151,20.952380952380953,11.428571428571429
Merih Demiral,Turkey,Center Back,CB,216,51,26.2,0.507469654528478,0.2970633087146485,-0.0004944255064347011,0.008945761387218296,1.25,1.6666666666666665,5.88235294117647,7.8431372549019605
Mykola Shaparenko,Ukraine,Right Defensive Midfield,MID,222,86,26.2,0.5152962347729789,0.29829897221656476,-0.0009919528263018567,0.012736525822684669,4.0540540540540535,4.0540540540540535,11.627906976744185,9.30232558139535
Scott McTominay,Scotland,Center Attacking Midfield,CAM,275,35,25.0,0.5435034013605442,0.2889645516488238,-0.0007489699240359124,0.013729476993682333,0.9818181818181819,1.6363636363636362,8.571428571428571,8.571428571428571
Arda Güler,Turkey,Center Forward,FW,369,129,25.0,0.5935123661867848,0.2694096444157542,0.003148123959171567,0.011187482720270243,4.146341463414634,2.4390243902439024,13.178294573643413,5.426356589147287
Samet Akaydin,Turkey,Right Center Back,CB,342,125,24.6,0.5060444444444444,0.29251853687795126,0.0003384526011573788,0.007359757107762511,2.894736842105263,4.7368421052631575,8.799999999999999,7.199999999999999
Ivan Ilić,Serbia,Right Defensive Midfield,MID,208,102,24.6,0.514670868347339,0.3067471090625103,-0.0013226730205785414,0.012146696983817972,4.759615384615384,6.923076923076923,10.784313725490197,11.76470588235294
Jesús Navas González,Spain,Right Back,FB,159,37,24.6,0.5663449163449163,0.3452560714906542,0.0032524896266942992,0.013308668722037786,5.660377358490566,3.962264150943396,27.027027027027028,8.108108108108109
Ousmane Dembélé,France,Right Wing,WIDE,356,102,24.3,0.5563608776844071,0.3448107589119753,0.0009162674356677566,0.01838158698292486,4.803370786516854,4.803370786516854,18.627450980392158,14.705882352941178
Salih Özcan,Turkey,Right Defensive Midfield,MID,151,46,23.1,0.5139579020013803,0.2568006097703766,0.0005028186282348196,0.008329734544696899,1.7880794701986755,1.7880794701986755,6.521739130434782,2.1739130434782608
Vanja Drkušić,Slovenia,Right Center Back,CB,378,54,23.0,0.5048353909465021,0.3396170641273058,0.0008975250775053908,0.005898553102384822,2.142857142857143,2.380952380952381,16.666666666666664,14.814814814814813
Ivan Perišić,Croatia,Left Back,FB,142,27,22.8,0.5634920634920635,0.31080847799692846,0.00024744362211019807,0.020683001923925397,2.535211267605634,2.535211267605634,14.814814814814813,7.4074074074074066
Álvaro Borja Morata Martín,Spain,Center Forward,FW,449,76,21.9,0.5915883458646616,0.32222237873518267,0.0015999734570251182,0.010196363343173717,3.2071269487750556,2.2048997772828507,21.052631578947366,9.210526315789473
Barış Alper Yılmaz,Turkey,Right Wing,WIDE,468,59,21.6,0.5548426150121065,0.3221047337081924,0.0014551509895331857,0.013149572756656668,1.5384615384615385,1.7307692307692308,13.559322033898304,11.864406779661017
Marius Mihai Marin,Romania,Center Defensive Midfield,MID,303,51,21.5,0.5133520074696545,0.3432024809860206,-0.00012197784036933978,0.008161975953251532,2.673267326732673,2.97029702970297,17.647058823529413,13.725490196078432
Joachim Andersen,Denmark,Right Center Back,CB,369,193,21.3,0.5022020725388601,0.3145552061195767,0.00046483538342177353,0.008479138518612138,5.121951219512195,7.073170731707317,10.880829015544041,12.435233160621761
Nicola Zalewski,Poland,Left Wing Back,FB,250,60,21.1,0.5551388888888888,0.2949239955208661,0.0016972710609507004,0.013098307497845978,2.88,3.6,13.333333333333334,6.666666666666667
Jonas Older Wind,Denmark,Center Attacking Midfield,CAM,197,59,20.0,0.5376311541565779,0.33473126532398384,0.00148142827813346,0.011127123357822151,5.4822335025380715,4.111675126903553,20.33898305084746,11.864406779661017
Trent Alexander-Arnold,England,Right Defensive Midfield,MID,135,60,20.0,0.5121031746031746,0.3185904478949198,-0.0008578886250777292,0.012476690510157972,4.666666666666667,5.333333333333334,11.666666666666666,6.666666666666667
Jonathan Tah,Germany,Left Center Back,CB,324,224,19.7,0.5008875425170067,0.299088795612677,-6.3463105807411635e-06,0.009188519296610183,6.944444444444444,9.166666666666666,11.160714285714286,8.928571428571429
Luke Shaw,England,Left Back,FB,174,41,19.3,0.5540360046457607,0.2605301967561995,-0.00026989031582596077,0.015593998654313844,1.5517241379310345,1.5517241379310345,7.317073170731707,2.4390243902439024
Leroy Sané,Germany,Right Wing,WIDE,211,52,18.9,0.5513583638583639,0.2732118443138096,0.00011266640155377158,0.0166355745330294,2.132701421800948,1.2796208530805686,9.615384615384617,5.769230769230769
Mateo Retegui,Italy,Center Forward,FW,162,14,18.8,0.5808673469387754,0.3398667873871643,0.0026221941796629837,0.012799984791562507,2.2222222222222223,0.5555555555555556,28.57142857142857,7.142857142857142
Ádám Nagy,Hungary,Right Defensive Midfield,MID,165,47,18.5,0.5101317122593718,0.2959110276958512,-0.0006078191917729152,0.008502863116155536,2.7272727272727275,4.909090909090909,10.638297872340425,8.51063829787234
Andrei Burcă Andonie,Romania,Left Center Back,CB,345,83,18.0,0.5002486135016255,0.2815231413945209,0.001167935072758227,0.005611970092485776,1.826086956521739,3.130434782608696,8.433734939759036,8.433734939759036
José Diogo Dalot Teixeira,Portugal,Right Center Back,FB,152,61,17.5,0.5533957845433256,0.28993507985788525,0.0010312556232988054,0.014634179676521461,4.144736842105263,5.921052631578947,11.475409836065573,8.19672131147541
Robert Andrich,Germany,Right Defensive Midfield,MID,324,168,16.9,0.5023384353741497,0.30357798102192096,0.00038370227682365437,0.010411364817630445,5.0,7.222222222222221,10.714285714285714,7.142857142857142
Antonio Rüdiger,Germany,Right Center Back,CB,488,269,16.4,0.5000531067445565,0.31041512249593967,0.0006382592674540689,0.009726890941585185,6.270491803278688,8.48360655737705,12.639405204460965,10.780669144981413
Donyell Malen,Netherlands,Right Wing,WIDE,196,38,16.2,0.5483395989974937,0.32261062257465817,0.0030664549074799997,0.014656533455540943,3.6734693877551017,1.8367346938775508,21.052631578947366,7.894736842105263
Josip Stanišić,Croatia,Right Back,FB,187,67,15.8,0.5522921108742004,0.2822812868917458,0.0007824747625179617,0.00927621260571993,3.368983957219251,4.331550802139037,10.44776119402985,4.477611940298507
Barnabás Varga,Hungary,Center Forward,FW,255,25,15.6,0.5685714285714286,0.3171436913092609,0.004464815337180192,0.008312935275936411,1.4117647058823528,1.0588235294117647,16.0,8.0
Florian Grillitsch,Austria,Left Defensive Midfield,MID,196,107,15.4,0.5007380210651239,0.2808235843629712,-0.001642037484150109,0.01709497252767092,4.591836734693878,5.969387755102042,9.345794392523365,8.411214953271028
Dominik Szoboszlai,Hungary,Right Attacking Midfield,CAM,285,78,15.0,0.5353276353276353,0.3287785394052445,0.0018643797335929863,0.011808803810650014,3.789473684210526,5.368421052631579,15.384615384615385,10.256410256410255
Kléper Laveran Lima Ferreira,Portugal,Left Center Back,CB,397,303,14.8,0.4964010686782964,0.2743733554707959,-1.255317317746816e-05,0.008525900126920434,4.307304785894207,10.428211586901764,6.270627062706271,5.2805280528052805
Denzel Dumfries,Netherlands,Right Back,FB,462,129,14.0,0.5500830564784054,0.33217993031487003,0.0015640727568742136,0.011333439239666534,4.48051948051948,5.0649350649350655,17.829457364341085,10.077519379844961
Callum McGregor,Scotland,Left Defensive Midfield,MID,254,92,13.8,0.4998835403726708,0.2921621161594493,-0.0019457130837635783,0.01352816215580996,3.8976377952755903,3.188976377952756,11.956521739130435,7.608695652173914
Lorenzo Pellegrini,Italy,Left Wing,WIDE,213,64,13.5,0.5421502976190476,0.30782082232351127,0.0014264744890946468,0.014492222024016716,4.647887323943662,3.8028169014084505,17.1875,9.375
Scott McKenna,Scotland,Left Center Back,CB,145,45,13.1,0.4948941798941799,0.30764546428210304,0.00016915077170994136,0.00760206840190103,3.7241379310344827,3.103448275862069,13.333333333333334,8.88888888888889
Andraž Šporar,Slovenia,Right Center Forward,FW,343,36,12.5,0.545326278659612,0.315882247143325,-0.0008239496941813201,0.014500684350672437,1.5743440233236152,1.5743440233236152,16.666666666666664,5.555555555555555
Alexander Hartmann Bah,Denmark,Right Wing Back,FB,281,92,12.3,0.5487232574189096,0.32966171016889545,0.00021863691009906775,0.01412286453122957,6.405693950177937,4.483985765124555,21.73913043478261,10.869565217391305
Nicolò Barella,Italy,Left Center Midfield,MID,345,193,12.3,0.4967390410395591,0.2764491723978097,-0.00048603556216916084,0.013324099205137132,3.652173913043478,6.260869565217392,7.253886010362693,5.181347150259067
Tomáš Holeš,Czech Republic,Right Center Back,CB,271,65,11.5,0.4937545787545788,0.30159928016464355,-0.0011026544062502522,0.014435188702049651,1.9926199261992619,3.321033210332103,9.230769230769232,10.76923076923077
Ondrej Duda,Slovakia,Left Center Midfield,MID,323,121,10.8,0.4964384100747737,0.30972503745305596,-0.000875778371534545,0.011169702176932892,4.179566563467493,4.7368421052631575,12.396694214876034,11.570247933884298
Ianis Hagi,Romania,Left Midfield,WIDE,187,42,10.8,0.5326247165532879,0.3252541581207771,0.0010323019927038588,0.01576282219655399,3.368983957219251,2.8877005347593587,16.666666666666664,7.142857142857142
Joshua Kimmich,Germany,Right Back,FB,486,256,10.5,0.5472470238095238,0.2897357912503953,0.0016645787356743334,0.013423300687260484,6.111111111111111,5.185185185185185,12.890625,7.421875
John McGinn,Scotland,Left Center Forward,CAM,228,27,10.0,0.5241181657848324,0.3562535620149594,0.001910357639412998,0.008552595847107105,1.5789473684210527,3.552631578947368,14.814814814814813,14.814814814814813
Kevin Danso,Austria,Right Center Back,CB,222,103,9.8,0.4845045461550316,0.27558928124488724,-0.0013417237691644393,0.01389081738704927,2.4324324324324325,6.891891891891891,5.825242718446602,9.70873786407767
Artem Dovbyk,Ukraine,Center Forward,FW,247,16,9.4,0.5346230158730159,0.3529220159716886,0.007069223975832364,0.02090483257261241,1.0931174089068827,1.0931174089068827,18.75,12.5
Nicolas Seiwald,Austria,Right Defensive Midfield,MID,379,161,9.2,0.4954796411318151,0.3259460744338315,-0.00035614102667114156,0.014877006407223406,5.699208443271768,7.361477572559367,14.906832298136646,8.695652173913043
Giovanni Di Lorenzo,Italy,Right Back,FB,369,204,8.8,0.534938141923436,0.31220587612081746,0.00027081283169147605,0.011952389286027139,6.829268292682927,10.0,13.725490196078432,6.862745098039216
Jaka Bijol,Slovenia,Left Center Back,CB,395,60,8.2,0.4832539682539682,0.3504176368415129,0.0008026093614453474,0.006606917757944122,2.050632911392405,3.189873417721519,15.0,20.0
Andrej Kramarić,Croatia,Left Wing,WIDE,241,63,8.1,0.5266691861929957,0.2709688512772678,-0.0007805124972590253,0.01741808546256018,1.120331950207469,2.987551867219917,4.761904761904762,7.936507936507936
Adam Gnezda Čerin,Slovenia,Right Defensive Midfield,MID,390,88,7.7,0.49505772005772003,0.3002133653463944,-0.0014033436558076615,0.013219708348467136,2.076923076923077,3.0,10.227272727272728,12.5
Matteo Darmian,Italy,Left Back,FB,159,62,7.0,0.5291282642089095,0.29089737621793815,0.0015109835133469002,0.010543517725871802,4.528301886792453,4.528301886792453,12.903225806451612,3.225806451612903
Radu Drăgușin,Romania,Right Center Back,CB,362,55,6.6,0.48207792207792205,0.29195297992066865,0.0003962526645850174,0.00495182737738429,1.740331491712707,1.9889502762430937,12.727272727272727,10.909090909090908
Davide Frattesi,Italy,Right Center Midfield,MID,185,43,6.2,0.4924141749723145,0.3138860604924672,0.0003701312495178046,0.013136802819352953,2.9189189189189193,3.4054054054054057,13.953488372093023,6.976744186046512
Harry Kane,England,Center Forward,FW,601,64,6.2,0.5318452380952381,0.3565569926629751,2.2598041846586122e-05,0.012659661014247753,1.9467554076539102,2.0965058236272878,20.3125,17.1875
Federico Chiesa,Italy,Right Wing,WIDE,264,66,5.4,0.5165584415584416,0.3240301531865693,0.0024573729902511387,0.014303939749945706,3.409090909090909,4.090909090909091,15.151515151515152,10.606060606060606
Žan Karničnik,Slovenia,Right Back,FB,391,88,5.3,0.5145698051948052,0.32426081927874756,0.0002737402483301024,0.015134396577244183,2.9923273657289005,3.452685421994885,14.772727272727273,10.227272727272728
Dušan Vlahović,Serbia,Left Attacking Midfield,CAM,179,15,5.0,0.5098412698412698,0.2820199316972607,0.00011914549551563456,0.00967517519561604,0.5027932960893855,1.5083798882681565,6.666666666666667,13.333333333333334
Robin Hranáč,Czech Republic,Center Back,CB,278,48,4.9,0.46319444444444446,0.2679078341467005,-0.0015321449005244413,0.011994430506611153,1.2949640287769786,1.9424460431654678,8.333333333333332,4.166666666666666
Jorge Luiz Frello Filho,Italy,Center Defensive Midfield,MID,219,185,4.6,0.4894851994851995,0.27698791849063736,-0.0019676843533810526,0.015190777873428886,6.164383561643835,10.684931506849315,8.108108108108109,6.486486486486487
Erik Janža,Slovenia,Left Back,FB,269,47,3.5,0.4963779128672746,0.38702092199943383,-0.0015647552669395173,0.018464604109594506,3.680297397769517,5.018587360594795,23.404255319148938,23.404255319148938
Illia Zabarnyi,Ukraine,Right Center Back,CB,277,131,3.3,0.4628589603780443,0.2958613819829192,-4.0148506762921823e-05,0.006393636482724575,3.5740072202166067,6.8231046931407935,8.396946564885496,10.687022900763358
Volodymyr Brazhko,Ukraine,Center Defensive Midfield,MID,178,63,3.1,0.4720899470899471,0.3105557636137799,-0.0009776064327560096,0.01041741239695547,3.033707865168539,5.056179775280898,9.523809523809524,12.698412698412698
Kacper Urbanski,Poland,Left Center Forward,FW,154,40,3.1,0.5093353174603175,0.28973980661055365,0.0001878881560492393,0.0107985002257461,1.7532467532467533,4.090909090909091,7.5,10.0
Francisco Fernandes Conceição,Portugal,Center Attacking Midfield,WIDE,180,83,2.7,0.4597676419965577,0.3294890294695197,-0.00017670119924742775,0.020481219251154256,6.499999999999999,10.0,15.66265060240964,14.457831325301203
Philipp Mwene,Austria,Left Back,FB,194,55,1.8,0.4793290043290043,0.2956340651630288,-0.001095883206658626,0.021859343446155064,2.319587628865979,5.56701030927835,9.090909090909092,10.909090909090908
Jan Vertonghen,Belgium,Left Center Back,CB,267,146,1.6,0.4159300934985866,0.28919697474996026,-0.0007255676329310463,0.005617915688855391,2.696629213483146,9.438202247191011,5.47945205479452,15.753424657534246
Lukáš Provod,Czech Republic,Left Center Midfield,MID,231,49,1.5,0.4513686426951733,0.3085323527659579,-0.0011586408351102087,0.012900032850382968,1.168831168831169,4.285714285714286,6.122448979591836,16.3265306122449
