player,team,urs_sum,obso_mean,n_confident_candidates,n_received,receiver_conf_rate,primary_role,minutes_played,macro_role,urs_per90,urs_pct_within_role
Pedri,Spain,0.4111324816561441,0.029679300860298574,203,36,0.17733990147783252,Center Attacking Midfield,185.0,MID,0.2000103964813674,100.0
Michael Gregoritsch,Austria,0.08788955821925189,0.02681366252090633,49,12,0.24489795918367346,Center Forward,135.0,FW,0.05859303881283459,100.0
Christoph Baumgartner,Austria,0.1284190817367401,0.022719837023813236,109,35,0.3211009174311927,Center Attacking Midfield,301.0,MID,0.03839773208075285,99.30555555555556
Niclas Füllkrug,Germany,0.06738135964020131,0.03204997130966839,40,13,0.325,Center Forward,167.0,FW,0.03631330759052766,97.05882352941177
Andrej Kramarić,Croatia,0.09698912365296908,0.020180105493554024,147,38,0.2585034013605442,Left Wing,241.0,WIDE,0.036220004683681396,100.0
Antoine Griezmann,France,0.1574377717015289,0.018687575526676548,266,89,0.33458646616541354,Center Attacking Midfield,405.0,MID,0.03498617148922864,98.61111111111111
Jorginho,Italy,0.08368938196515051,0.014481202941819685,355,107,0.30140845070422534,Center Defensive Midfield,219.0,MID,0.034392896698007054,97.91666666666666
Florian Wirtz,Germany,0.1072329438804089,0.01751395345743807,282,70,0.24822695035460993,Left Wing,287.0,WIDE,0.03362705557225366,96.55172413793103
İlkay Gündoğan,Germany,0.13375788864230717,0.01815043917739875,304,84,0.27631578947368424,Center Attacking Midfield,382.0,MID,0.03151363868536033,97.22222222222221
Adrien Rabiot,France,0.12464691325389456,0.015578548213433586,299,74,0.24749163879598662,Left Center Midfield,373.0,MID,0.030075662715416916,96.52777777777779
Kylian Mbappé,France,0.15275305239090342,0.021486374574042563,240,77,0.32083333333333336,Center Forward,469.0,FW,0.02931295248439511,94.11764705882352
Joshua Kimmich,Germany,0.15158622923515006,0.01538293826678933,484,141,0.29132231404958675,Right Back,486.0,FB,0.028071523932435196,100.0
Nico Williams,Spain,0.1531699897250403,0.02076358424918441,295,74,0.25084745762711863,Left Wing,492.0,WIDE,0.028018900559458593,93.10344827586206
Jude Bellingham,England,0.2028499481676141,0.015905096118262074,571,177,0.30998248686514884,Center Attacking Midfield,668.0,MID,0.027330082836953994,95.83333333333334
Morten Hjulmand,Denmark,0.07299802733612568,0.013978408243891011,322,108,0.33540372670807456,Right Defensive Midfield,244.0,MID,0.026925501886275863,95.13888888888889
Mateo Kovačić,Croatia,0.06557708020020048,0.014987451464996582,271,84,0.30996309963099633,Left Center Midfield,229.0,MID,0.02577265160706569,94.44444444444444
Lorenzo Pellegrini,Italy,0.060958241581335296,0.016701602314087714,130,38,0.2923076923076923,Left Wing,213.0,WIDE,0.025757003485071255,89.65517241379311
Francisco Conceição,Portugal,0.04885388369750605,0.018606543667622842,134,35,0.26119402985074625,Center Attacking Midfield,180.0,MID,0.024426941848753027,93.75
Phil Foden,England,0.16593275620871745,0.016141985916340803,559,173,0.3094812164579606,Left Wing,620.0,WIDE,0.024087012998039628,86.20689655172413
Jamal Musiala,Germany,0.11223254937006157,0.016842587323658818,296,70,0.23648648648648649,Right Wing,423.0,WIDE,0.023879265823417352,82.75862068965517
Ivan Perišić,Croatia,0.03714473045951533,0.01732739474195291,104,23,0.22115384615384615,Left Back,142.0,FB,0.023542434798284363,98.21428571428571
Scott McKenna,Scotland,0.037686773416324884,0.010737848249763166,88,30,0.3409090909090909,Left Center Back,145.0,MID,0.023391790396339582,93.05555555555556
Jonas Wind,Denmark,0.050246644565792094,0.015541708224554076,141,26,0.18439716312056736,Center Attacking Midfield,197.0,MID,0.02295531985239233,92.36111111111111
Luka Modrić,Croatia,0.0604072155989782,0.014330541885502828,286,94,0.32867132867132864,Right Center Midfield,240.0,MID,0.022652705849616827,91.66666666666666
Wout Weghorst,Netherlands,0.038774552116462954,0.02031844507956475,37,7,0.1891891891891892,Center Forward,158.0,FW,0.022086770192921934,91.17647058823529
N'Golo Kanté,France,0.12727639671222798,0.015109945763222542,434,129,0.29723502304147464,Right Center Midfield,519.0,MID,0.022071051452987513,90.97222222222221
Christian Eriksen,Denmark,0.08565217249809991,0.015964969593440268,235,66,0.28085106382978725,Left Attacking Midfield,353.0,MID,0.021837664376286096,90.27777777777779
Luka Sučić,Croatia,0.03560380745508451,0.016061263946971483,118,38,0.3220338983050847,Center Attacking Midfield,148.0,MID,0.0216509639929568,89.58333333333334
Fabián Ruiz,Spain,0.1316182676923182,0.015359213595680191,492,170,0.34552845528455284,Left Defensive Midfield,559.0,MID,0.021190776551536027,88.88888888888889
Rodri,Spain,0.123284430546427,0.013916284332840815,545,153,0.28073394495412846,Right Defensive Midfield,532.0,MID,0.020856388626275243,88.19444444444444
Diogo Dalot,Portugal,0.03500948555489534,0.017698690117729947,112,33,0.29464285714285715,Right Center Back,152.0,MID,0.020729300657503818,87.5
Kieran Trippier,England,0.11414994187190487,0.014392315682851023,487,151,0.31006160164271046,Left Back,498.0,FB,0.020629507567211724,96.42857142857143
Bernardo Silva,Portugal,0.09393484293961554,0.01466806302199211,329,102,0.3100303951367781,Right Wing,422.0,WIDE,0.02003349730939668,79.3103448275862
Maximilian Mittelstädt,Germany,0.06907296838771233,0.014960223625598216,261,63,0.2413793103448276,Left Back,311.0,FB,0.019988961912842797,94.64285714285714
Dušan Vlahović,Serbia,0.039657467185470544,0.027448808813069346,20,6,0.3,Left Attacking Midfield,179.0,MID,0.01993950864073938,86.80555555555556
Cole Palmer,England,0.033396401432042734,0.015456200160418213,106,25,0.2358490566037736,Right Wing,152.0,WIDE,0.019774185058446355,75.86206896551724
Dan Ndoye,Switzerland,0.08919681279182916,0.01959686440051313,144,34,0.2361111111111111,Right Wing Back,406.0,FB,0.01977269249079957,92.85714285714286
Rasmus Höjlund,Denmark,0.06231889124247479,0.018988575203137147,85,16,0.18823529411764706,Center Forward,284.0,FW,0.01974894440782652,88.23529411764706
Ruben Vargas,Switzerland,0.06652490832585412,0.01903367459502011,116,36,0.3103448275862069,Left Attacking Midfield,304.0,MID,0.019694874175417338,86.11111111111111
Kobbie Mainoo,England,0.08215643138765304,0.015261188183954784,285,80,0.2807017543859649,Right Defensive Midfield,376.0,MID,0.019665103257682906,85.41666666666666
Victor Kristiansen,Denmark,0.03479119454838778,0.015736407393208193,100,25,0.25,Left Wing Back,160.0,FB,0.019570046933468126,91.07142857142857
Orkun Kökçü,Turkey,0.049858348863218625,0.0166376690422053,136,43,0.3161764705882353,Center Attacking Midfield,231.0,MID,0.019425330725929335,84.72222222222221
Breel Embolo,Switzerland,0.06470392299980887,0.022039929206462226,87,18,0.20689655172413793,Center Forward,302.0,FW,0.019282626059545692,85.29411764705883
Toni Kroos,Germany,0.10290816100671565,0.01263867120188243,676,249,0.3683431952662722,Left Defensive Midfield,485.0,MID,0.01909635977444208,84.02777777777779
Robert Andrich,Germany,0.06838391137223408,0.012980294750074823,360,86,0.2388888888888889,Right Defensive Midfield,324.0,MID,0.01899553093673169,83.33333333333334
Hakan Çalhanoğlu,Turkey,0.07482874281503082,0.014388385455516123,296,105,0.3547297297297297,Right Defensive Midfield,361.0,MID,0.018655365244744527,82.63888888888889
Declan Rice,England,0.14166271021469232,0.013237417889621655,722,214,0.296398891966759,Left Defensive Midfield,691.0,MID,0.01845100422477903,81.94444444444444
Federico Chiesa,Italy,0.05391921873987291,0.016222854705178757,137,22,0.16058394160583941,Right Wing,264.0,WIDE,0.018381551843138492,72.41379310344827
Ferdi Kadioglu,Turkey,0.09474346195779139,0.015140123729651392,340,89,0.26176470588235295,Left Back,464.0,FB,0.01837696460388195,89.28571428571429
Romelu Lukaku,Belgium,0.07180348378384414,0.0307974533271011,55,17,0.3090909090909091,Center Forward,352.0,FW,0.01835884528564197,82.35294117647058
Mykhailo Mudryk,Ukraine,0.0354251320706597,0.020889716355210784,42,8,0.19047619047619047,Left Midfield,176.0,MID,0.01811512435431462,81.25
Marc Cucurella,Spain,0.11050424410378787,0.014985281320909313,461,137,0.29718004338394793,Left Back,555.0,FB,0.0179196071519656,87.5
Cody Gakpo,Netherlands,0.10694104241878585,0.021177128339789724,169,33,0.1952662721893491,Left Wing,539.0,WIDE,0.017856574800910442,68.96551724137932
Nicolò Barella,Italy,0.06829014653789665,0.013712230085823182,325,104,0.32,Left Center Midfield,345.0,MID,0.01781482083597304,80.55555555555556
Leroy Sané,Germany,0.04136718447841082,0.01997216575546322,88,26,0.29545454545454547,Right Wing,211.0,WIDE,0.01764477063060177,65.51724137931035
Theo Hernández,France,0.11490306468359088,0.015176929640994293,441,146,0.3310657596371882,Left Back,587.0,FB,0.01761716494296964,85.71428571428571
Bukayo Saka,England,0.1221867844077636,0.01666619277172448,355,88,0.24788732394366197,Right Wing,626.0,WIDE,0.01756679009057304,62.06896551724138
Kenan Yildiz,Turkey,0.0661469111429894,0.018665716566860276,172,54,0.313953488372093,Left Wing,340.0,WIDE,0.017509476479026606,58.620689655172406
Pierre-Emile Højbjerg,Denmark,0.06982545954563044,0.013050355116591958,379,113,0.29815303430079154,Left Defensive Midfield,362.0,MID,0.017359920881510327,79.86111111111111
Rafael Leão,Portugal,0.0535363732360904,0.01565152724335171,151,35,0.23178807947019867,Left Wing,281.0,WIDE,0.01714688110764461,55.172413793103445
Fabian Rieder,Switzerland,0.04275055679840791,0.018716215564898765,97,31,0.31958762886597936,Right Attacking Midfield,225.0,MID,0.017100222719363165,79.16666666666666
Lamine Yamal,Spain,0.09598689473886379,0.018516621230061456,238,60,0.25210084033613445,Right Wing,507.0,WIDE,0.017039093740626707,51.724137931034484
Arda Güler,Turkey,0.06869963574067749,0.014361534917328637,242,73,0.30165289256198347,Center Forward,369.0,FW,0.01675600871723841,79.41176470588235
Benjamin Šeško,Slovenia,0.06571822401937465,0.020672544692126676,42,12,0.2857142857142857,Left Center Forward,356.0,FW,0.01661415775770707,76.47058823529412
Federico Dimarco,Italy,0.04222340011455748,0.013733638595149448,171,40,0.23391812865497075,Left Back,230.0,FB,0.01652220004482684,83.92857142857143
Giovanni Di Lorenzo,Italy,0.06721038980732155,0.012969471721630365,386,130,0.33678756476683935,Right Back,369.0,FB,0.016392778001785745,82.14285714285714
Trent Alexander-Arnold,England,0.024216051802811354,0.0122730799780664,149,42,0.28187919463087246,Right Defensive Midfield,135.0,MID,0.016144034535207567,78.47222222222221
Lovro Majer,Croatia,0.027161393883621442,0.014781014104358326,104,33,0.3173076923076923,Right Wing,152.0,WIDE,0.016082404273196904,48.275862068965516
Marcel Sabitzer,Austria,0.06768795647385492,0.018318772409155953,180,55,0.3055555555555556,Left Wing,379.0,WIDE,0.016073657210150246,44.827586206896555
Cristiano Ronaldo,Portugal,0.08721257811499286,0.01775777026876322,169,37,0.21893491124260356,Center Forward,489.0,FW,0.016051394745090708,73.52941176470588
Vitinha,Portugal,0.06288672046628851,0.013145363837017553,389,143,0.3676092544987147,Right Defensive Midfield,353.0,MID,0.016033441478657127,77.77777777777779
Philipp Mwene,Austria,0.03453717643219331,0.016355727493689902,132,45,0.3409090909090909,Left Back,194.0,FB,0.016022401437615453,80.35714285714286
Michel Aebischer,Switzerland,0.08667135657363394,0.016070070523281438,304,105,0.34539473684210525,Left Wing Back,487.0,FB,0.016017293822642824,78.57142857142857
Xavi Simons,Netherlands,0.08076681405950982,0.017123742515221384,217,77,0.3548387096774194,Center Attacking Midfield,461.0,MID,0.0157679246537004,77.08333333333334
Kai Havertz,Germany,0.06951472664033714,0.018377379236617815,168,41,0.24404761904761904,Center Forward,397.0,FW,0.01575900603937114,70.58823529411765
Florian Grillitsch,Austria,0.03427395107905288,0.0147973768805833,170,61,0.3588235294117647,Left Defensive Midfield,196.0,MID,0.015738038760789587,76.38888888888889
Bryan Cristante,Italy,0.02417241172269296,0.013092798450253348,127,38,0.2992125984251969,Left Center Midfield,140.0,MID,0.015539407536016903,75.69444444444444
Jules Koundé,France,0.09995316250640553,0.013367053316713935,493,128,0.25963488843813387,Right Back,583.0,FB,0.015430162308021437,76.78571428571429
Davide Frattesi,Italy,0.03145837086212703,0.01615845296613881,98,23,0.23469387755102042,Right Center Midfield,185.0,MID,0.015304072311305041,75.0
Ousmane Dembélé,France,0.060532206621131596,0.016756444894277616,165,37,0.22424242424242424,Right Wing,356.0,WIDE,0.015303085943544506,41.37931034482759
Bruno Fernandes,Portugal,0.06431001091412453,0.014922120454039057,279,108,0.3870967741935484,Center Attacking Midfield,379.0,MID,0.015271506549528252,74.30555555555556
Gianluca Scamacca,Italy,0.04193639398350744,0.017298915174985927,76,17,0.2236842105263158,Center Forward,248.0,FW,0.015218852655305119,67.64705882352942
João Palhinha,Portugal,0.050413209965229806,0.012506156003516714,271,87,0.3210332103321033,Left Defensive Midfield,300.0,MID,0.015123962989568942,73.61111111111111
Nuno Mendes,Portugal,0.07015799429146963,0.011822740986348347,473,163,0.34460887949260044,Left Back,421.0,FB,0.014998146048057642,75.0
Tijjani Reijnders,Netherlands,0.08314667191649527,0.014749128416767277,325,101,0.31076923076923074,Left Defensive Midfield,501.0,MID,0.014936527889190768,72.91666666666666
Granit Xhaka,Switzerland,0.07816660105938898,0.013678261308435333,408,154,0.37745098039215685,Left Defensive Midfield,489.0,MID,0.014386490992525579,72.22222222222221
Joey Veerman,Netherlands,0.03227257614530242,0.013016939042130868,175,63,0.36,Left Defensive Midfield,204.0,MID,0.014237901240574596,71.52777777777779
Harry Kane,England,0.09489759777360589,0.020524294452998186,139,37,0.26618705035971224,Center Forward,601.0,FW,0.014210954741471762,64.70588235294117
Daniel Carvajal,Spain,0.07454812327290447,0.0134755183930536,390,118,0.30256410256410254,Right Back,475.0,FB,0.014124907567497689,73.21428571428571
João Cancelo,Portugal,0.053335947368627463,0.012513443828459434,293,81,0.2764505119453925,Right Back,341.0,FB,0.014076936255649477,71.42857142857143
Andreas Christensen,Denmark,0.0543777357502568,0.011302809786026007,317,106,0.334384858044164,Left Center Back,349.0,MID,0.014022911798060492,70.83333333333334
Aurélien Tchouaméni,France,0.07405208631939923,0.013201971227384991,474,180,0.379746835443038,Center Defensive Midfield,476.0,MID,0.014001444892323384,70.13888888888889
Youri Tielemans,Belgium,0.023713986111432994,0.013412780588578579,131,41,0.31297709923664124,Right Defensive Midfield,154.0,MID,0.013858823052136164,69.44444444444444
Kevin De Bruyne,Belgium,0.057639288603095626,0.015152279158221853,223,84,0.37668161434977576,Center Attacking Midfield,375.0,MID,0.013833429264742951,68.75
Remo Freuler,Switzerland,0.0686147583983574,0.014147933893912593,293,92,0.31399317406143346,Right Defensive Midfield,448.0,MID,0.013784214856812872,68.05555555555556
Álvaro Morata,Spain,0.06858436906492568,0.017352888003137622,156,38,0.24358974358974358,Center Forward,449.0,FW,0.01374742364330359,61.76470588235294
Kyle Walker,England,0.1052039981204718,0.012456066376303173,650,197,0.3030769230769231,Right Back,690.0,FB,0.013722260624409366,69.64285714285714
Jonathan Tah,Germany,0.04886869153690894,0.012063287093970332,362,114,0.3149171270718232,Left Center Back,324.0,MID,0.01357463653803026,67.36111111111111
Nicolas Seiwald,Austria,0.057131254918996524,0.01338750072562175,274,92,0.3357664233576642,Right Defensive Midfield,379.0,MID,0.01356678876704403,66.66666666666666
Alexander Prass,Austria,0.026496782699452368,0.014136583543731072,84,26,0.30952380952380953,Left Back,177.0,FB,0.013472940355653747,67.85714285714286
Martín Zubimendi,Spain,0.02127356016547944,0.01264552731220721,137,43,0.31386861313868614,Right Defensive Midfield,143.0,MID,0.013388953950301746,65.97222222222221
Dušan Tadić,Serbia,0.023106897874492112,0.01493899297415453,100,32,0.32,Center Attacking Midfield,160.0,MID,0.012997630054401813,65.27777777777779
Daniel Olmo,Spain,0.06223710360247645,0.015618355937088066,234,74,0.3162393162393162,Center Attacking Midfield,432.0,MID,0.012966063250515927,64.58333333333334
Riccardo Calafiori,Italy,0.03971372874597795,0.011309661632066457,273,68,0.2490842490842491,Left Center Back,277.0,MID,0.012903377570895361,63.888888888888886
Stefan Posch,Austria,0.054385811002647756,0.01522204963048373,196,61,0.3112244897959184,Right Back,381.0,FB,0.012847041969129391,66.07142857142857
Jerdy Schouten,Netherlands,0.07351137281715654,0.012953008018214442,388,112,0.28865979381443296,Right Defensive Midfield,515.0,MID,0.012846647676784638,63.19444444444444
Antonio Rüdiger,Germany,0.06925131122691462,0.011683051041652159,504,141,0.27976190476190477,Right Center Back,488.0,MID,0.012771758218078516,62.5
Josip Stanišić,Croatia,0.025234450570078993,0.011465639838075779,166,46,0.27710843373493976,Right Back,187.0,FB,0.012144922734262618,64.28571428571429
Mikel Oyarzabal,Spain,0.02766315262337317,0.016462604677452114,67,21,0.31343283582089554,Center Forward,205.0,FW,0.012144798712700416,58.82352941176471
Romano Schmid,Austria,0.020322519951180958,0.01601863938608173,70,21,0.3,Right Wing,151.0,WIDE,0.012112760235803221,37.93103448275862
Matteo Darmian,Italy,0.021376514801689582,0.013185483680884522,125,38,0.304,Left Back,159.0,FB,0.012099914038692216,62.5
Joško Gvardiol,Croatia,0.03810363607098619,0.012564026887706031,222,52,0.23423423423423423,Left Back,284.0,FB,0.012075095937988584,60.71428571428571
Eduardo Camavinga,France,0.023567122532054317,0.015658238763612716,104,40,0.38461538461538464,Left Center Midfield,177.0,MID,0.01198328264341745,61.80555555555556
Denzel Dumfries,Netherlands,0.06060115664996812,0.014244285857767035,262,79,0.3015267175572519,Right Back,462.0,FB,0.011805420126617165,58.92857142857143
Alessandro Bastoni,Italy,0.04869812787531206,0.011264731540237792,403,113,0.2803970223325062,Right Center Back,373.0,MID,0.011750218522193257,61.111111111111114
Artem Dovbyk,Ukraine,0.0316824173014007,0.03318025285017455,21,4,0.19047619047619047,Center Forward,247.0,FW,0.011544200636137907,55.88235294117647
Kaan Ayhan,Turkey,0.04535915520676172,0.013274760672856276,236,72,0.3050847457627119,Left Defensive Midfield,360.0,MID,0.01133978880169043,60.416666666666664
Dávid Hancko,Slovakia,0.04682287665659792,0.01275436454358737,164,54,0.32926829268292684,Left Back,375.0,FB,0.0112374903975835,57.14285714285714
Joakim Maehle,Denmark,0.03617285053777413,0.013185526559792443,189,58,0.30687830687830686,Left Wing Back,292.0,FB,0.01114916626164271,55.35714285714286
Andrija Živković,Serbia,0.029918575107093618,0.014704424512192909,132,48,0.36363636363636365,Right Wing Back,245.0,FB,0.010990496978116023,53.57142857142857
Andrew Robertson,Scotland,0.03240263716365167,0.012820321844697813,139,37,0.26618705035971224,Left Wing Back,267.0,FB,0.010922237246174719,51.78571428571429
Randal Kolo,France,0.02479134652772084,0.01962127028820664,44,13,0.29545454545454547,Center Forward,207.0,FW,0.010778846316400366,52.94117647058824
İsmail Yüksek,Turkey,0.017889771275028544,0.012003425532169962,121,40,0.3305785123966942,Right Defensive Midfield,152.0,MID,0.010592627728635323,59.72222222222222
Aymeric Laporte,Spain,0.060829390214451905,0.011871041405084957,445,139,0.31235955056179776,Left Center Back,533.0,MID,0.010271379210695444,59.02777777777778
Marcelo Brozović,Croatia,0.026553833012952242,0.012046265266084504,200,74,0.37,Center Defensive Midfield,233.0,MID,0.01025684536980988,58.333333333333336
Alexander Bah,Denmark,0.031893310482793674,0.013041549685786934,201,67,0.3333333333333333,Right Wing Back,281.0,FB,0.010214939300538899,50.0
Amadou Onana,Belgium,0.041515687670054334,0.012723888883653297,283,91,0.3215547703180212,Left Defensive Midfield,368.0,MID,0.010153293180176331,57.638888888888886
Mikel Merino,Spain,0.021855421428345467,0.014512136069938312,112,49,0.4375,Center Attacking Midfield,195.0,MID,0.010087117582313293,56.94444444444444
David Raum,Germany,0.018593384863258157,0.012480488504124492,101,29,0.2871287128712871,Left Back,167.0,FB,0.010020387052055294,48.214285714285715
Arthur Theate,Belgium,0.028197889060190037,0.010388922110668292,244,66,0.27049180327868855,Left Back,255.0,FB,0.009952196138890602,46.42857142857143
Rúben Dias,Portugal,0.046601809276884426,0.010704505040687744,424,139,0.3278301886792453,Right Center Back,422.0,MID,0.009938774490330801,56.25
Konrad Laimer,Austria,0.030335121301382478,0.015434400403772502,132,47,0.3560606060606061,Left Defensive Midfield,277.0,MID,0.009856176596117051,55.55555555555556
Barnabás Varga,Hungary,0.027776975906850215,0.017890018723810425,27,7,0.25925925925925924,Center Forward,255.0,FW,0.0098036385553589,50.0
Donyell Malen,Netherlands,0.021007636460399323,0.017560225201468365,55,18,0.32727272727272727,Right Wing,196.0,WIDE,0.009646363680795607,34.48275862068966
Memphis Depay,Netherlands,0.049457020785358644,0.016834375322629297,145,50,0.3448275862068966,Center Forward,463.0,FW,0.009613675746613991,47.05882352941176
Marc Guehi,England,0.05940215107094463,0.010655466855171759,511,135,0.26418786692759294,Left Center Back,579.0,MID,0.009233494985120928,54.861111111111114
Luke Shaw,England,0.01760639803421287,0.012267008273799958,111,25,0.22522522522522523,Left Back,174.0,FB,0.009106757603903209,44.642857142857146
Nathan Aké,Netherlands,0.04787923424805819,0.012122443007275467,304,86,0.28289473684210525,Left Back,475.0,FB,0.009071854910158394,42.857142857142854
Jérémy Doku,Belgium,0.03218562790032,0.015297650863380908,117,29,0.24786324786324787,Left Wing,321.0,WIDE,0.009024007822519626,31.03448275862069
Ricardo Rodríguez,Switzerland,0.04823758659712621,0.012715181383383968,269,75,0.2788104089219331,Left Center Back,488.0,MID,0.008896276216683112,54.166666666666664
Yannick Carrasco,Belgium,0.021377846899853704,0.011695103888350569,117,44,0.37606837606837606,Left Wing,217.0,WIDE,0.008866388115146699,27.586206896551722
Juraj Kucka,Slovakia,0.033725779617471745,0.013275102814349196,152,35,0.23026315789473684,Right Center Midfield,343.0,MID,0.008849329928782674,53.47222222222222
Silvan Widmer,Switzerland,0.028383795024263508,0.014652456112757268,93,31,0.3333333333333333,Right Wing Back,292.0,FB,0.008748429973231903,41.07142857142857
Strahinja Pavlović,Serbia,0.027083985598775392,0.01079654138994148,152,49,0.3223684210526316,Left Center Back,280.0,MID,0.008705566799606377,52.77777777777778
John Stones,England,0.06553920950841922,0.010521009374083597,622,187,0.30064308681672025,Right Center Back,686.0,MID,0.008598438565244504,52.083333333333336
Jesús Navas,Spain,0.014885926260928163,0.013250028444683072,77,21,0.2727272727272727,Right Back,159.0,FB,0.00842599599675179,39.285714285714285
Che Adams,Scotland,0.019505202440656004,0.017449169181409922,31,9,0.2903225806451613,Center Forward,209.0,FW,0.008399369472052824,44.11764705882353
Marcus Thuram,France,0.023918167291198243,0.019238002217684555,72,22,0.3055555555555556,Center Forward,258.0,FW,0.008343546729487759,41.17647058823529
Barış Alper Yılmaz,Turkey,0.04324189115208513,0.016301651443903477,111,24,0.21621621621621623,Right Wing,468.0,WIDE,0.008315748298477909,24.137931034482758
Jannik Vestergaard,Denmark,0.0334872112005667,0.010221296076659829,313,91,0.29073482428115016,Center Back,365.0,CB,0.008257120570002748,100.0
Dennis Man,Romania,0.024721307165559196,0.01775256190857683,51,17,0.3333333333333333,Right Midfield,271.0,MID,0.008210028209964308,51.388888888888886
Grant Campbell Hanley,Scotland,0.0216780064997123,0.010894168351264309,135,43,0.31851851851851853,Center Back,238.0,CB,0.008197565483084483,88.88888888888889
Joachim Andersen,Denmark,0.03355220907971803,0.010544729117253574,324,112,0.345679012345679,Right Center Back,369.0,MID,0.00818346562919952,50.69444444444444
Robin Le Normand,Spain,0.04076722657904813,0.011157746065392075,325,93,0.28615384615384615,Right Center Back,451.0,MID,0.008135366723091645,50.0
Piotr Zieliński,Poland,0.023088486509303143,0.011743506872824692,151,50,0.33112582781456956,Left Center Midfield,256.0,MID,0.008117046038426886,49.30555555555556
Ferrán Torres,Spain,0.013311444925725849,0.01721185046449588,40,12,0.3,Right Wing,148.0,WIDE,0.00809479758996842,20.689655172413794
Mateo Retegui,Italy,0.014342759033115928,0.019169790033617597,20,4,0.2,Center Forward,162.0,FW,0.007968199462842182,38.23529411764706
Mert Müldür,Turkey,0.030606216443076664,0.01251626559803009,167,42,0.25149700598802394,Right Back,351.0,FB,0.007847747805917094,37.5
David Strelec,Slovakia,0.01533447107430811,0.01879727436522543,31,11,0.3548387096774194,Center Forward,179.0,FW,0.007710069255238715,35.294117647058826
Dayotchanculle Upamecano,France,0.04951863612323851,0.010568417119243478,335,87,0.25970149253731345,Right Center Back,585.0,MID,0.007618251711267463,48.61111111111111
Saša Lukić,Serbia,0.017299457674912387,0.01155335976909774,143,50,0.34965034965034963,Left Defensive Midfield,205.0,MID,0.007594883857278609,47.91666666666667
Georgiy Sudakov,Ukraine,0.022074705249495983,0.013351870654400544,115,42,0.3652173913043478,Center Attacking Midfield,262.0,MID,0.007582914017002437,47.22222222222222
Callum McGregor,Scotland,0.021135788332397484,0.01256267430371428,126,44,0.3492063492063492,Left Defensive Midfield,254.0,MID,0.007489058857936116,46.52777777777778
Kacper Urbanski,Poland,0.012785616796921409,0.013177237158695945,55,20,0.36363636363636365,Left Center Forward,154.0,FW,0.0074721137124865375,32.35294117647059
Ivan Ilić,Serbia,0.017154504198591523,0.011725399095154984,129,38,0.29457364341085274,Right Defensive Midfield,208.0,MID,0.007422622009005948,45.83333333333333
Ondrej Duda,Slovakia,0.026577215927180323,0.010975052226175841,190,54,0.28421052631578947,Left Center Midfield,323.0,MID,0.007405416202619904,45.13888888888889
Kevin Danso,Austria,0.018227081385659233,0.011401980801698708,129,33,0.2558139534883721,Right Center Back,222.0,MID,0.007389357318510499,44.44444444444444
Jakub Moder,Poland,0.015627818864176315,0.010964550623841213,132,43,0.32575757575757575,Left Center Midfield,191.0,MID,0.0073638937056328185,43.75
Nicola Zalewski,Poland,0.019460274249962235,0.014269882877769268,88,30,0.3409090909090909,Left Wing Back,250.0,FB,0.007005698729986404,35.714285714285715
Lukáš Provod,Czech Republic,0.017627973244844636,0.0156263066815136,71,19,0.2676056338028169,Left Center Midfield,231.0,MID,0.006868041523965443,43.05555555555556
Pepe,Portugal,0.029994516401520118,0.009827158274176979,334,107,0.3203592814371258,Left Center Back,397.0,MID,0.0067997644235184155,42.36111111111111
Josip Šutalo,Croatia,0.021603049152143814,0.01025112849251955,203,62,0.3054187192118227,Right Center Back,287.0,MID,0.006774475343877852,41.66666666666667
Lukáš Haraslín,Slovakia,0.019463541104881046,0.01497119077848834,66,18,0.2727272727272727,Left Wing,259.0,WIDE,0.0067633926619277765,17.24137931034483
Salih Özcan,Turkey,0.011194358673755542,0.012259929335157639,80,28,0.35,Right Defensive Midfield,151.0,MID,0.006672134308860919,40.97222222222222
Dominik Szoboszlai,Hungary,0.020915036059079017,0.014033289573955571,99,40,0.40404040404040403,Right Attacking Midfield,285.0,MID,0.006604748229182847,40.27777777777778
Marko Arnautović,Austria,0.020676264517402,0.018581378297140516,51,12,0.23529411764705882,Center Forward,283.0,FW,0.006575490482566007,29.411764705882355
Mykola Shaparenko,Ukraine,0.016078892094467202,0.011823189818711406,119,43,0.36134453781512604,Right Defensive Midfield,222.0,MID,0.006518469768027244,39.58333333333333
David Jurásek,Czech Republic,0.011373194396221132,0.015463249405590244,51,18,0.35294117647058826,Left Wing Back,158.0,FB,0.006478401871265202,33.92857142857143
Patrick Wimmer,Austria,0.01071227325121523,0.013542979583413696,48,11,0.22916666666666666,Right Wing,149.0,WIDE,0.006470500621539401,13.793103448275861
Abdülkerim Bardakcı,Turkey,0.02630284604514192,0.01084100848868258,213,66,0.30985915492957744,Left Center Back,369.0,MID,0.006415328303693152,38.88888888888889
Ivan Schranz,Slovakia,0.02288411681662226,0.016237442280262852,80,26,0.325,Right Wing,325.0,WIDE,0.006337140041526164,10.344827586206897
Oleksandr Tymchyk,Ukraine,0.014048536980674785,0.011587165075282303,73,12,0.1643835616438356,Right Back,200.0,FB,0.0063218416413036525,32.142857142857146
Timothy Castagne,Belgium,0.025387600758861806,0.01176554244592482,183,66,0.36065573770491804,Right Back,365.0,FB,0.0062599563515001715,30.357142857142854
John McGinn,Scotland,0.0156711885667429,0.01512188760434052,52,12,0.23076923076923078,Left Center Forward,228.0,FW,0.0061859954868721985,26.47058823529412
Georgiy Tsitaishvili,Georgia,0.012916252523498248,0.011289633642006566,82,16,0.1951219512195122,Left Wing Back,188.0,FB,0.006183312378270438,28.57142857142857
Maximilian Wöber,Austria,0.012408876265998504,0.011320054584791758,84,28,0.3333333333333333,Left Center Back,182.0,MID,0.006136257494175084,38.19444444444444
Jakub Piotr Kiwior,Poland,0.018999252040467804,0.011031785446178714,133,57,0.42857142857142855,Left Center Back,279.0,MID,0.006128790980796065,37.5
Petar Stojanović,Slovenia,0.021125356637938016,0.015173146188380204,79,21,0.26582278481012656,Right Midfield,315.0,MID,0.006035816182268005,36.80555555555556
Leandro Trossard,Belgium,0.010949580608723065,0.014840375875241129,51,18,0.35294117647058826,Right Wing,167.0,WIDE,0.005900971585539377,6.896551724137931
Nedim Bajrami,Albania,0.016032211073248794,0.011769160319043594,104,28,0.2692307692307692,Center Attacking Midfield,247.0,MID,0.005841696342479317,36.11111111111111
Billy Gilmour,Scotland,0.011821429808549597,0.010540116167941465,124,46,0.3709677419354839,Right Defensive Midfield,184.0,MID,0.005782221102007955,35.41666666666667
Stefan de Vrij,Netherlands,0.03543855110355198,0.009921683429933869,384,124,0.3229166666666667,Right Center Back,553.0,MID,0.005767576128968676,34.72222222222222
Stanislav Lobotka,Slovakia,0.025714724305889756,0.011324896215047994,225,83,0.3688888888888889,Center Defensive Midfield,402.0,MID,0.00575702782967681,34.02777777777778
Nicusor Bancu,Romania,0.016931923237945998,0.013353531120576686,81,32,0.3950617283950617,Left Back,267.0,FB,0.0057073898554874155,26.785714285714285
Volodymyr Brazhko,Ukraine,0.01117206500438141,0.011152912899330097,98,34,0.3469387755102041,Center Defensive Midfield,178.0,MID,0.005648796912327679,33.33333333333333
Oleksandr Zinchenko,Ukraine,0.013445318357687887,0.010741872020302782,137,51,0.3722627737226277,Left Back,215.0,FB,0.005628272800892604,25.0
Tomáš Souček,Czech Republic,0.017572649840277645,0.014634350816399659,78,19,0.24358974358974358,Center Defensive Midfield,282.0,MID,0.00560829250221627,32.63888888888889
William Saliba,France,0.03619684966399692,0.010413710587536344,319,84,0.26332288401253917,Left Center Back,583.0,MID,0.005587849862366592,31.944444444444443
Ianis Hagi,Romania,0.01146450336037734,0.015167051110974397,40,15,0.375,Left Midfield,187.0,MID,0.005517675414085352,31.25
Milos Veljkovic,Serbia,0.017125863291179638,0.010379518094024012,198,77,0.3888888888888889,Right Center Back,280.0,MID,0.005504741772164884,30.555555555555557
András Schäfer,Hungary,0.017307342896893074,0.010983152734733628,105,29,0.2761904761904762,Left Defensive Midfield,287.0,MID,0.005427389758607584,29.86111111111111
Georges Mikautadze,Georgia,0.020843781659271508,0.014082260213734755,63,19,0.30158730158730157,Right Center Forward,350.0,FW,0.005359829569526959,23.52941176470588
Kvara,Georgia,0.020360168497387518,0.014368520440917786,72,22,0.3055555555555556,Left Center Forward,345.0,FW,0.005311348303666309,20.588235294117645
Anzor Mekvabishvili,Georgia,0.01103777835158265,0.011368516123458704,88,35,0.3977272727272727,Center Defensive Midfield,188.0,MID,0.005284042827885311,29.166666666666668
Samet Akaydin,Turkey,0.01989740522227244,0.010149807139011455,181,44,0.2430939226519337,Right Center Back,342.0,MID,0.005236159269019063,28.47222222222222
Timi Elšnik,Slovenia,0.020794370795617405,0.012854653435154637,97,32,0.32989690721649484,Left Defensive Midfield,358.0,MID,0.005227635116216666,27.77777777777778
Žan Karničnik,Slovenia,0.022602737768210347,0.011479086424240946,127,45,0.3543307086614173,Right Back,391.0,FB,0.005202676212631538,23.214285714285715
Wout Faes,Belgium,0.020566054494092514,0.009118049912490326,248,76,0.3064516129032258,Right Center Back,360.0,MID,0.005141513623523128,27.083333333333332
Manuel Akanji,Switzerland,0.026522519470288133,0.010066866263786762,269,82,0.3048327137546468,Center Back,477.0,CB,0.005004248956658138,77.77777777777779
Andraž Šporar,Slovenia,0.01902554335614339,0.019273646856464325,43,14,0.32558139534883723,Right Center Forward,343.0,FW,0.004992125078871444,17.647058823529413
Elseid Hysaj,Albania,0.010080326982286093,0.010390414920302155,80,20,0.25,Right Back,183.0,FB,0.004957537860140701,21.428571428571427
Kristjan Asllani,Albania,0.015696778476388104,0.010235805880233019,171,69,0.40350877192982454,Left Defensive Midfield,285.0,MID,0.004956877413596243,26.38888888888889
Marin Pongracic,Croatia,0.010302584427765413,0.009264581600854532,111,23,0.2072072072072072,Left Center Back,188.0,MID,0.004932088289887698,25.694444444444443
Vladimír Coufal,Czech Republic,0.01504711567356211,0.012820652537959004,80,24,0.3,Right Wing Back,279.0,FB,0.004853908281794229,19.642857142857142
Nicolae Stanciu,Romania,0.01877887226916643,0.013074902814154776,95,31,0.3263157894736842,Left Center Midfield,355.0,MID,0.004760840856971771,25.0
Mario Mitaj,Albania,0.014897593374121562,0.008975448649931774,176,53,0.30113636363636365,Left Back,283.0,FB,0.004737750543006857,17.857142857142858
Bendegúz Bolla,Hungary,0.010640115031966324,0.013685763425916552,53,15,0.2830188679245283,Right Wing Back,205.0,FB,0.004671270014033995,16.071428571428573
Jack Hendry,Scotland,0.01429705140881254,0.009338027249615688,137,31,0.22627737226277372,Right Center Back,280.0,MID,0.004595480809975459,24.305555555555554
Răzvan Marin,Romania,0.018245877407377466,0.012674437394922673,89,30,0.33707865168539325,Right Center Midfield,359.0,MID,0.004574175394607164,23.61111111111111
Giorgi Chakvetadze,Georgia,0.01235393848628098,0.011193708330829734,86,33,0.38372093023255816,Right Center Midfield,244.0,MID,0.004556780589202001,22.916666666666664
Przemysław Frankowski,Poland,0.013580884296661714,0.009915410989472252,126,47,0.373015873015873,Right Wing Back,271.0,FB,0.00451025677748913,14.285714285714285
Marius Marin,Romania,0.015051817743142834,0.01172595977256094,109,31,0.28440366972477066,Center Defensive Midfield,303.0,MID,0.004470836953408762,22.22222222222222
Scott McTominay,Scotland,0.013339201420356774,0.013828406557523125,49,13,0.2653061224489796,Center Attacking Midfield,275.0,MID,0.0043655568284803985,21.52777777777778
Merih Demiral,Turkey,0.010416258114647844,0.01072885769728624,89,24,0.2696629213483146,Center Back,216.0,CB,0.004340107547769935,66.66666666666666
Virgil van Dijk,Netherlands,0.026506113047003628,0.009560281824726064,291,71,0.24398625429553264,Left Center Back,553.0,MID,0.004313833949783592,20.833333333333336
Nikola Milenković,Serbia,0.013263798513007971,0.00933802373448873,160,52,0.325,Center Back,279.0,CB,0.004278644681615474,55.55555555555556
Fabian Schär,Switzerland,0.02254013679872023,0.010737119898386726,206,73,0.35436893203883496,Right Center Back,478.0,MID,0.00424395881147452,20.13888888888889
Denis Dragus,Romania,0.013719200362711695,0.015532286668047545,32,8,0.25,Center Forward,292.0,FW,0.004228520659739906,14.705882352941178
Mykola Matvienko,Ukraine,0.013053676600642617,0.009349486144102276,167,61,0.3652694610778443,Left Center Back,278.0,MID,0.004226010410279984,19.444444444444446
Giorgi Kochorashvili,Georgia,0.017271057661391233,0.009860777147470275,165,53,0.3212121212121212,Left Center Midfield,373.0,MID,0.0041672793284858204,18.75
Qazim Laçi,Albania,0.007556525383685563,0.012653214978898987,54,14,0.25925925925925924,Center Attacking Midfield,164.0,MID,0.004146873686168907,18.055555555555554
Roland Sallai,Hungary,0.013010507613269353,0.012591111272486672,65,19,0.2923076923076923,Left Attacking Midfield,283.0,MID,0.004137617262170466,17.36111111111111
Peter Pekarík,Slovakia,0.017389603832790725,0.012452554545226445,103,33,0.32038834951456313,Right Back,379.0,FB,0.004129457374541333,12.5
Nacho,Spain,0.012180900603810423,0.00975671623117122,122,33,0.27049180327868855,Right Center Back,268.0,MID,0.004090600949040814,16.666666666666664
Ylber Ramadani,Albania,0.012027400663813812,0.010297482511817413,112,33,0.29464285714285715,Right Defensive Midfield,271.0,MID,0.003994339703849606,15.972222222222221
Otar Kakabadze,Georgia,0.015528892240149788,0.010718530365970227,141,53,0.375886524822695,Right Wing Back,354.0,FB,0.003948023450885539,10.714285714285714
Adam Gnezda Čerin,Slovenia,0.016880329270445815,0.012410982317504319,110,43,0.39090909090909093,Right Defensive Midfield,390.0,MID,0.003895460600872111,15.277777777777779
Rey Manaj,Albania,0.006846743847818097,0.012896439080625866,16,2,0.125,Center Forward,159.0,FW,0.0038755153855574136,11.76470588235294
Milan Škriniar,Slovakia,0.0168269950666094,0.009892702839552108,202,79,0.3910891089108911,Left Center Back,393.0,MID,0.0038535103205975725,14.583333333333334
Philipp Lienhart,Austria,0.009133639364184066,0.009751762495156361,93,24,0.25806451612903225,Left Center Back,214.0,MID,0.003841250199890495,13.88888888888889
Aleksandar Mitrović,Serbia,0.01012137630352358,0.014634717534734238,45,9,0.2,Center Forward,245.0,FW,0.0037180566012943762,8.823529411764707
Ilya Zabarnyi,Ukraine,0.011306966944338168,0.009375998947267148,134,38,0.2835820895522388,Right Center Back,277.0,MID,0.0036737437725286467,13.194444444444445
Jan Vertonghen,Belgium,0.010774191676139053,0.008853542150220503,163,58,0.3558282208588957,Left Center Back,267.0,MID,0.0036317500031929394,12.5
Ádám Nagy,Hungary,0.00664997728078207,0.010389995205682708,70,28,0.4,Right Defensive Midfield,165.0,MID,0.0036272603349720386,11.805555555555555
Tomáš Holeš,Czech Republic,0.010559697032539167,0.012105788634008621,76,30,0.39473684210526316,Right Center Back,271.0,MID,0.0035069104536107937,11.11111111111111
Anthony Ralston,Scotland,0.00976212984934346,0.01231415588045843,70,26,0.37142857142857144,Right Wing Back,262.0,FB,0.0033534033833622573,8.928571428571429
Milos Kerkez,Hungary,0.00853640994993101,0.011304869143772808,51,20,0.39215686274509803,Left Wing Back,233.0,FB,0.0032973257317330086,7.142857142857142
Attila Fiola,Hungary,0.006383152864258804,0.00880263847818861,51,18,0.35294117647058826,Right Center Back,178.0,MID,0.0032274368414791704,10.416666666666668
Denis Vavro,Slovakia,0.01381568398842758,0.01020723895391756,170,69,0.40588235294117647,Right Center Back,389.0,MID,0.0031964307428238616,9.722222222222223
Luka Lochoshvili,Georgia,0.005822233507792459,0.009718608337136777,52,12,0.23076923076923078,Left Wing Back,166.0,FB,0.0031566326247067546,5.357142857142857
Paweł Dawidowicz,Poland,0.0062124261928717195,0.00831585958963985,79,17,0.21518987341772153,Center Back,183.0,CB,0.00305529157026478,44.44444444444444
Berat Djimsiti,Albania,0.009107724602931437,0.008620737286080572,130,37,0.2846153846153846,Left Center Back,278.0,MID,0.002948543936200825,9.027777777777777
Lasha Dvali,Georgia,0.011757456753681906,0.00812467439627059,153,28,0.1830065359477124,Left Center Back,368.0,MID,0.002875464966933075,8.333333333333332
Ladislav Krejčí,Czech Republic,0.008656151038569294,0.011344633105450199,88,29,0.32954545454545453,Left Center Back,273.0,MID,0.002853676166561306,7.638888888888889
Willi Orban,Hungary,0.00867991256615827,0.008881470250363616,93,25,0.26881720430107525,Center Back,281.0,CB,0.002780043170655674,33.33333333333333
Saba Kverkvelia,Georgia,0.005404604379632443,0.009335764911348722,77,24,0.3116883116883117,Right Center Back,180.0,MID,0.0027023021898162215,6.944444444444445
Arlind Afrim Ajeti,Albania,0.0077077406937894905,0.008689159205847693,97,20,0.20618556701030927,Right Center Back,271.0,MID,0.0025597662820703105,6.25
Guram Kashia,Georgia,0.009561255554383224,0.008582230427387639,122,30,0.2459016393442623,Center Back,369.0,CB,0.002332013549849567,22.22222222222222
Andrei Ratiu,Romania,0.00930102067734794,0.010402908648652707,64,15,0.234375,Right Back,360.0,FB,0.002325255169336985,3.571428571428571
Jasir Asani,Albania,0.005390642139422948,0.011998756664004483,32,7,0.21875,Right Wing,209.0,WIDE,0.002321329150947681,3.4482758620689653
Márton Dárdai,Hungary,0.00456270184508846,0.009197146420444974,46,22,0.4782608695652174,Left Center Back,180.0,MID,0.00228135092254423,5.555555555555555
Róbert Boženík,Slovakia,0.004842472880322339,0.014298282873817432,24,7,0.2916666666666667,Center Forward,208.0,FW,0.002095300765524089,5.88235294117647
Jan Bednarek,Poland,0.0064037460443780395,0.008063550524399644,89,22,0.24719101123595505,Right Center Back,279.0,MID,0.002065724530444529,4.861111111111112
Erik Janža,Slovenia,0.005890621274489695,0.011022457873635679,58,26,0.4482758620689655,Left Back,269.0,FB,0.0019708398316136523,1.7857142857142856
Jan Mlakar,Slovenia,0.005666416346758758,0.012184002578889741,38,14,0.3684210526315789,Left Midfield,288.0,MID,0.0017707551083621118,4.166666666666666
Adam Buksa,Poland,0.002998231584234783,0.013097325957048492,10,2,0.2,Left Center Forward,153.0,FW,0.0017636656377851662,2.941176470588235
Robin Hranáč,Czech Republic,0.005066396846129791,0.011017228379591557,43,11,0.2558139534883721,Center Back,278.0,CB,0.0016402004178118028,11.11111111111111
Radu Dragusin,Romania,0.006534058925578951,0.0092183431325422,64,19,0.296875,Right Center Back,362.0,MID,0.0016244897881273635,3.4722222222222223
Andrei Burcă Andonie,Romania,0.006075011082012424,0.008853056191714797,73,22,0.3013698630136986,Left Center Back,345.0,MID,0.001584785499655415,2.7777777777777777
Vanja Drkušić,Slovenia,0.0057853256251940805,0.009070871880279675,56,10,0.17857142857142858,Right Center Back,378.0,MID,0.0013774584821890667,2.083333333333333
Jaka Bijol,Slovenia,0.005330358589630468,0.008759448183714814,79,24,0.3037974683544304,Left Center Back,395.0,MID,0.0012145120837132712,1.3888888888888888
Giorgi Gvelesiani,Georgia,0.001952181126740609,0.007007992942562212,37,10,0.2702702702702703,Right Center Back,164.0,MID,0.001071318911016188,0.6944444444444444
Koen Casteels,Belgium,0.0010357434904599624,0.006618006998106847,20,1,0.05,Goalkeeper,367.0,GK,0.00025399704125721146,100.0
Anatoliy Trubin,Ukraine,0.00030530179526596003,0.006231224781279879,7,1,0.14285714285714285,Goalkeeper,187.0,GK,0.00014693669290875082,95.83333333333334
Diogo Costa,Portugal,0.0008116414137217849,0.007236626867068958,12,0,0.0,Goalkeeper,504.0,GK,0.00014493596673603303,91.66666666666666
Manuel Neuer,Germany,0.0007318516255156651,0.005762498792926137,20,4,0.2,Goalkeeper,479.0,GK,0.00013750865615116882,87.5
Jordan Pickford,England,0.0009101658974732787,0.006969466087790547,16,2,0.125,Goalkeeper,696.0,GK,0.00011769386605257915,83.33333333333334
Bart Verbruggen,Netherlands,0.0006897702681565251,0.0067122673062235344,12,0,0.0,Goalkeeper,549.0,GK,0.00011307709314041396,79.16666666666666
Péter Gulácsi,Hungary,0.0003306164176514926,0.006688709642874993,6,0,0.0,Goalkeeper,275.0,GK,0.00010820173668594303,75.0
Patrick Pentz,Austria,0.0003137515597943507,0.007141692581374486,6,1,0.16666666666666666,Goalkeeper,369.0,GK,7.652477068154895e-05,70.83333333333334
Angus Gunn,Scotland,0.00022579833068000558,0.006355454234155232,4,0,0.0,Goalkeeper,276.0,GK,7.362989043913226e-05,66.66666666666666
Yann Sommer,Switzerland,0.0003619846414538711,0.006785861855034805,7,1,0.14285714285714285,Goalkeeper,465.0,GK,7.006154350720087e-05,62.5
Giorgi Mamardashvili,Georgia,0.00027066276931948953,0.004872698081190234,7,0,0.0,Goalkeeper,369.0,GK,6.601530959011941e-05,58.333333333333336
Dominik Livaković,Croatia,0.00019888501062470982,0.0060869881779543784,4,0,0.0,Goalkeeper,284.0,GK,6.302693998670382e-05,54.166666666666664
Gianluigi Donnarumma,Italy,0.0002500767118871699,0.006061043329950967,5,0,0.0,Goalkeeper,365.0,GK,6.166275087628847e-05,50.0
Wojciech Szczęsny,Poland,0.00011941018520033025,0.005047932586634963,4,1,0.25,Goalkeeper,185.0,GK,5.8091441448809314e-05,45.83333333333333
Thomas Strakosha,Albania,0.0001557450564573071,0.006023742060742923,4,1,0.25,Goalkeeper,281.0,GK,4.9882758295934665e-05,41.66666666666667
Kasper Schmeichel,Denmark,0.00016674956272706996,0.008413106317243747,2,0,0.0,Goalkeeper,360.0,GK,4.168739068176749e-05,37.5
Mert Günok,Turkey,0.0001671301090020754,0.006886320724512253,4,1,0.25,Goalkeeper,370.0,GK,4.0653269757261584e-05,33.33333333333333
Jan Oblak,Slovenia,0.00014156739254047703,0.006422456198982991,3,0,0.0,Goalkeeper,392.0,GK,3.250271767510952e-05,29.166666666666668
Mike Maignan,France,0.00020337724939427235,0.007530064943098185,6,4,0.6666666666666666,Goalkeeper,573.0,GK,3.1944070585487804e-05,25.0
Jindřich Staněk,Czech Republic,7.364144081590451e-05,0.004667345142478704,2,0,0.0,Goalkeeper,232.0,GK,2.8567800316514682e-05,20.833333333333336
Martin Dúbravka,Slovakia,0.00010525909301658653,0.006154594164283047,2,0,0.0,Goalkeeper,391.0,GK,2.422843573271813e-05,16.666666666666664
Predrag Rajković,Serbia,6.154657065838036e-05,0.007693482516818054,1,0,0.0,Goalkeeper,263.0,GK,2.1061564103628257e-05,12.5
Unai Simón,Spain,0.00012030019107666336,0.007194733728397471,2,0,0.0,Goalkeeper,571.0,GK,1.8961501220489846e-05,8.333333333333332
Florin Nita,Romania,6.279321378589866e-05,0.007679120215091339,1,0,0.0,Goalkeeper,371.0,GK,1.5232855096309646e-05,4.166666666666666
Adam Hložek,Czech Republic,0.010971551927827628,0.021705653791381604,11,4,0.36363636363636365,Left Attacking Midfield,106.0,MID,,
Adam Obert,Slovakia,0.0045240133454046965,0.013548386449362553,20,6,0.3,,,MID,,
Adrián Rus,Romania,0.0001949648707763453,0.01386354342992806,1,0,0.0,,,MID,,
Álex Baena,Spain,0.001206875455116086,0.008067001454639578,11,2,0.18181818181818182,,,MID,,
Álex Grimaldo,Spain,0.02288606632713324,0.013825844220255151,117,35,0.29914529914529914,Left Back,119.0,FB,,
Alexandru Cicâldău,Romania,0.0001324151365901624,0.012558842999193416,4,3,0.75,,,MID,,
Altay Bayındır,Turkey,5.600417130707216e-05,0.006892692147426502,2,1,0.5,Goalkeeper,94.0,GK,,
Andrea Cambiaso,Italy,0.020925790296963395,0.01691529004691178,55,14,0.2545454545454545,,,MID,,
Andreas Skov Olsen,Denmark,0.005613711364701409,0.014251800742264408,20,7,0.35,Right Attacking Midfield,124.0,MID,,
Andriy Yarmolenko,Ukraine,0.012086653909484492,0.015398537868057453,41,8,0.1951219512195122,Right Midfield,110.0,MID,,
Ante Budimir,Croatia,0.02517757852439431,0.02696228400594691,16,3,0.1875,Center Forward,133.0,FW,,
Anthony Gordon,England,0.00032743339658357915,0.007790528786625241,3,0,0.0,,,MID,,
Antonín Barák,Czech Republic,0.005896677142488374,0.01864149156695244,14,5,0.35714285714285715,,,MID,,
António Silva,Portugal,0.007452958431814366,0.012636071677903432,47,13,0.2765957446808511,,,MID,,
Arbër Hoxha,Albania,0.009924424427518693,0.025293850074301093,10,2,0.2,,,MID,,
Armando Broja,Albania,0.006965909808920022,0.014012678727109866,17,2,0.11764705882352941,Center Forward,107.0,FW,,
Attila Szalai,Hungary,0.004540640576722247,0.009994824612029033,48,16,0.3333333333333333,Left Center Back,99.0,MID,,
Ayoze Pérez,Spain,0.0008321540280691049,0.014817579672499118,3,0,0.0,,,MID,,
Bartosz Salamon,Poland,0.0012469802472477476,0.00891528305028961,18,4,0.2222222222222222,,,MID,,
Bartosz Slisz,Poland,0.013438817335491869,0.015748216963198978,34,11,0.3235294117647059,Center Defensive Midfield,111.0,MID,,
Benjamin Henrichs,Germany,0.0005194200878026986,0.01270293518087718,4,1,0.25,,,MID,,
Benjamin Verbič,Slovenia,0.0012061644428760616,0.012542760845519686,7,1,0.14285714285714285,,,MID,,
Bogdan Racovițan,Romania,0.0006588807515260748,0.00862669551733345,11,4,0.36363636363636365,,,MID,,
Borna Sosa,Croatia,9.943723897034855e-05,0.015344728266565678,2,1,0.5,,,MID,,
Bradley Barcola,France,0.012176270069094067,0.017435782615273867,41,12,0.2926829268292683,Left Wing,104.0,WIDE,,
Brian Brobbey,Netherlands,0.000711028563374576,0.014052509377506817,2,0,0.0,,,MID,,
Bruno Petković,Croatia,0.03488242327702352,0.022014731092795708,42,5,0.11904761904761904,Center Forward,90.0,FW,,
Budu Zivzivadze,Georgia,0.0003204724147906601,0.008421969092756665,3,0,0.0,,,MID,,
Callum Styles,Hungary,0.0010278279067092659,0.009960132159136329,21,12,0.5714285714285714,,,MID,,
Cenk Tosun,Turkey,0.00011120293805178373,0.007023307184618483,1,0,0.0,,,MID,,
Charles De Ketelaere,Belgium,0.000343035904778698,0.015484371717741353,1,0,0.0,,,MID,,
Chris Führich,Germany,0.014595408171031426,0.019655909921866076,25,6,0.24,,,MID,,
Christian Nørgaard,Denmark,0.004567699357157415,0.01160109595416405,46,19,0.41304347826086957,,,MID,,
Conor Gallagher,England,0.010402310180657398,0.012787568152875562,65,21,0.3230769230769231,Right Defensive Midfield,119.0,MID,,
Dani Vivian,Spain,0.008112215405180744,0.009478575496008118,88,23,0.26136363636363635,Right Center Back,126.0,MID,,
Danilo Pereira,Portugal,0.009029823608860855,0.012735327853864845,48,8,0.16666666666666666,Center Back,93.0,CB,,
Darius Dumitru Olaru,Romania,0.0035776744202395505,0.016507027591659736,16,5,0.3125,,,MID,,
David Doudera,Czech Republic,0.0004982675486198968,0.008794442912608275,12,7,0.5833333333333334,,,MID,,
David Raya,Spain,0.00025697880901322863,0.006984064669463106,5,1,0.2,Goalkeeper,94.0,GK,,
Deian Cristian Sorescu,Romania,0.004001567372335162,0.019275285920988188,11,5,0.45454545454545453,,,MID,,
Denis Alibec,Romania,0.0004872561655386412,0.015961286407103266,2,1,0.5,,,MID,,
Denis Zakaria,Switzerland,0.0023464915627531883,0.014273003718891807,13,3,0.23076923076923078,,,MID,,
Deniz Undav,Germany,0.0005712073854214558,0.0122361453700567,5,2,0.4,,,MID,,
Diogo Jota,Portugal,0.023751031495447675,0.02024059360000121,49,12,0.24489795918367346,Left Center Forward,93.0,FW,,
Dodi Lukebakio,Belgium,0.011438496516651934,0.016525544312846346,41,14,0.34146341463414637,,,MID,,
Dávid Ďuriš,Slovakia,0.0002416221259007913,0.006955549553856123,3,1,0.3333333333333333,,,MID,,
Eberechi Eze,England,0.01447283034770702,0.01473817211939615,47,9,0.19148936170212766,Left Wing,101.0,WIDE,,
Emre Can,Germany,0.025252849397106265,0.015007256237685214,110,30,0.2727272727272727,Right Defensive Midfield,101.0,MID,,
Endre Botka,Hungary,0.0015873523943284178,0.008189211255151001,26,9,0.34615384615384615,Right Center Back,97.0,MID,,
Ernest Muçi,Albania,0.00024151905909514402,0.007219986663965359,3,0,0.0,,,MID,,
Ezri Konsa,England,0.004096571147118893,0.009742856875792162,55,20,0.36363636363636365,Left Center Back,91.0,MID,,
Fermín López,Spain,0.0008119566511462299,0.01043044207718541,13,4,0.3076923076923077,,,MID,,
Filip Kostić,Serbia,0.003527566195294747,0.01550394612523332,16,3,0.1875,,,MID,,
Filip Mladenović,Serbia,0.01414063139459435,0.015226649233781602,57,14,0.24561403508771928,Left Wing Back,113.0,FB,,
Florinel Coman,Romania,0.013084796090582659,0.0215265438453,18,8,0.4444444444444444,Left Midfield,118.0,MID,,
George Puscas,Romania,0.0002523315958181126,0.00881931993472735,2,0,0.0,,,MID,,
Georginio Wijnaldum,Netherlands,0.019074282406153577,0.03084063406591181,14,7,0.5,,,MID,,
Gernot Trauner,Austria,0.007103919696651632,0.010556709234501672,62,16,0.25806451612903225,Left Center Back,94.0,MID,,
Giacomo Raspadori,Italy,0.00843767059828944,0.01464220625207273,44,12,0.2727272727272727,,,MID,,
Gianluca Mancini,Italy,0.011818472578411314,0.011800211608757763,84,21,0.25,Right Center Back,90.0,MID,,
Giorgi Kvilitaia,Georgia,5.3334045473417086e-05,0.006157506644722608,1,0,0.0,,,MID,,
Gonçalo Inácio,Portugal,0.020455082317402225,0.01390345933742692,143,60,0.4195804195804196,Left Center Back,120.0,MID,,
Loïs Openda,Belgium,0.0004927521716874298,0.02395864458768238,3,1,0.3333333333333333,,,MID,,
Ivan Toney,England,0.0033091143397904485,0.020390083846160124,11,3,0.2727272727272727,,,MID,,
Iván Balliu,Albania,0.005876201014046107,0.011599995803125816,38,18,0.47368421052631576,,,MID,,
Jacob Bruun Larsen,Denmark,0.00028840497731266707,0.016093673949504783,2,1,0.5,,,MID,,
Jakub Piotrowski,Poland,0.0031420885017386826,0.013843566747547083,15,6,0.4,,,MID,,
Jan Kuchta,Czech Republic,0.0021122537183414615,0.01758508970029662,3,0,0.0,Left Center Forward,98.0,FW,,
Jarrod Bowen,England,0.000780723142578994,0.01079841695950295,9,3,0.3333333333333333,,,MID,,
Jeremie Frimpong,Netherlands,0.00696405827776779,0.013550456263817828,36,12,0.3333333333333333,Right Wing,90.0,WIDE,,
Johan Bakayoko,Belgium,0.005973388321424815,0.014155945914585539,20,6,0.3,,,MID,,
Jon Gorenc-Stankovic,Slovenia,0.0024129276099364113,0.010441499294893429,18,3,0.16666666666666666,Left Defensive Midfield,92.0,MID,,
Joshua Zirkzee,Netherlands,0.0,0.015631147392784935,1,1,1.0,,,MID,,
Josip Iličić,Slovenia,0.0019541817916280987,0.014197981827126144,11,4,0.36363636363636365,,,MID,,
Josip Juranović,Croatia,0.028532484365846603,0.01603055061767386,102,28,0.27450980392156865,Right Back,104.0,FB,,
Joselu,Spain,0.0033191421375323984,0.014040635013196079,15,4,0.26666666666666666,,,MID,,
João Félix,Portugal,0.03094286200442072,0.02067897260121993,87,39,0.4482758620689655,Left Attacking Midfield,108.0,MID,,
João Neves,Portugal,0.02252101569264993,0.01584651180218942,88,25,0.2840909090909091,,,MID,,
Jure Balkovec,Slovenia,0.00027210824885952524,0.00781550919695941,9,6,0.6666666666666666,Left Back,121.0,FB,,
Kamil Grosicki,Poland,0.0,0.010393451115145455,2,2,1.0,,,MID,,
Karol Świderski,Poland,0.009066056323709706,0.017408394148694148,18,2,0.1111111111111111,Right Center Forward,99.0,FW,,
Kasper Dolberg,Denmark,0.0038904134104446246,0.029748101893815947,6,2,0.3333333333333333,,,MID,,
Kenneth McLean,Scotland,0.004657215248788634,0.01479797088789323,16,6,0.375,,,MID,,
Kevin Csoboth,Hungary,0.0004637259141690281,0.012325522472653337,3,1,0.3333333333333333,,,MID,,
Kieran Tierney,Scotland,0.007133008258989078,0.009896029221866024,76,32,0.42105263157894735,Left Center Back,133.0,MID,,
Kingsley Coman,France,0.01485917524880447,0.018887913073812525,29,3,0.10344827586206896,,,MID,,
Klaus Gjasula,Albania,0.0003302730494175846,0.01213385580427978,6,3,0.5,,,MID,,
Krzysztof Piątek,Poland,0.000564746564726099,0.014230379535172524,8,3,0.375,,,MID,,
Kwadwo Duah,Switzerland,0.008208650847948947,0.016329910927606082,16,4,0.25,Center Forward,109.0,FW,,
Lawrence Shankland,Scotland,0.0,0.01743623531430736,1,1,1.0,,,MID,,
Lazar Samardžić,Serbia,0.003086401255325863,0.016171805770190936,13,5,0.38461538461538464,,,MID,,
Leo Sauer,Slovakia,0.0005748114265768886,0.020090478881517687,2,1,0.5,,,MID,,
Leonidas Stergiou,Switzerland,0.0005121423256002956,0.009067363949043856,5,1,0.2,,,MID,,
Leopold Querfeld,Austria,0.0002593327823940326,0.015361746509799564,1,0,0.0,,,MID,,
Luka Ivanušec,Croatia,0.002742571121412345,0.015466614367743704,5,0,0.0,,,MID,,
Luka Jović,Serbia,0.0025295792790489633,0.016992822293665808,13,5,0.38461538461538464,Left Center Forward,110.0,FW,,
Lutsharel Geertruida,Netherlands,0.009414861065410318,0.010139120602385563,91,36,0.3956043956043956,Right Back,116.0,FB,,
László Bénes,Slovakia,0.021674955162968895,0.017387272518209127,52,13,0.25,,,MID,,
László Kleinheisler,Hungary,0.004969375401785184,0.013285407481766267,23,8,0.34782608695652173,,,MID,,
Mario Pašalić,Croatia,0.023552366775006977,0.014248025135006302,75,19,0.25333333333333335,Right Wing,125.0,WIDE,,
Martin Baturina,Croatia,0.0011870679918165072,0.0298767111175203,1,0,0.0,,,MID,,
Martin Ádám,Hungary,0.0009554959869321995,0.016952115599702326,6,3,0.5,,,MID,,
Matheus Nunes,Portugal,0.010005972113231943,0.02278022979925343,24,9,0.375,,,MID,,
Mattia Zaccagni,Italy,0.023384337140141688,0.019952771488534478,41,2,0.04878048780487805,Left Midfield,90.0,MID,,
Matúš Bero,Slovakia,0.004363756182530532,0.015055073986978893,16,5,0.3125,,,MID,,
Matěj Jurásek,Czech Republic,0.0028665918943785416,0.018255414034531178,11,5,0.45454545454545453,,,MID,,
Maximilian Beier,Germany,0.0037690422216559967,0.01859644614452554,5,0,0.0,,,MID,,
Medon Berisha,Albania,0.0002894332240904602,0.007901406443377734,8,4,0.5,,,MID,,
Zeki Celik,Turkey,0.012209742621870918,0.014615211787175833,37,5,0.13513513513513514,Right Back,113.0,FB,,
Michael Folorunsho,Italy,0.0012109301930851905,0.016920830264665145,3,1,0.3333333333333333,,,MID,,
Michał Skóraś,Poland,0.0004300064539049946,0.007311719658623236,6,1,0.16666666666666666,,,MID,,
Micky van de Ven,Netherlands,0.005016159695483076,0.01247587196244592,25,7,0.28,,,MID,,
Mijat Gaćinović,Serbia,0.0014416286368709994,0.013532571790072716,9,5,0.5555555555555556,,,MID,,
Mikkel Damsgaard,Denmark,0.0025165220114037852,0.013354305435250784,17,4,0.23529411764705882,,,MID,,
Mirlind Daku,Albania,0.0036978517961119284,0.02755394385226303,1,0,0.0,,,MID,,
Mohamed Amdouni,Switzerland,0.003670892937816179,0.013881480294431595,13,3,0.23076923076923078,,,MID,,
Mojmír Chytil,Czech Republic,0.002028527536847554,0.015791785758263236,9,4,0.4444444444444444,Center Forward,113.0,FW,,
Kerem Aktürkoglu,Turkey,0.0031254609626555387,0.012409687079093826,16,7,0.4375,Left Wing,117.0,WIDE,,
Nemanja Gudelj,Serbia,0.00598868377435596,0.01012551706539986,71,26,0.36619718309859156,,,MID,,
Nico Schlotterbeck,Germany,0.012545813693480318,0.010307489942341017,105,23,0.21904761904761905,Left Center Back,119.0,MID,,
Nicolò Fagioli,Italy,0.019201583048838882,0.013435432161472926,124,48,0.3870967741935484,Center Defensive Midfield,97.0,MID,,
Nika Kvekveskiri,Georgia,0.00033348747300045894,0.008374493544542795,13,9,0.6923076923076923,,,MID,,
Norbert Gyömbér,Slovakia,0.004206286916728396,0.012742971713575137,25,7,0.28,,,MID,,
Nélson Semedo,Portugal,0.03206577130330877,0.01724225881897384,92,20,0.21739130434782608,Right Back,101.0,FB,,
Okay Yokuşlu,Turkey,0.00370314783223608,0.011852806306528116,21,5,0.23809523809523808,,,MID,,
Oleksandr Svatok,Ukraine,0.00139235572901868,0.008356716344351896,20,6,0.3,,,MID,,
Oleksandr Zubkov,Ukraine,0.00033790193053292864,0.014039780389004625,4,2,0.5,,,MID,,
Olivier Giroud,France,0.05578364536772395,0.027112145684315848,18,5,0.2777777777777778,,,MID,,
Ondřej Lingr,Czech Republic,0.012284285275360294,0.020245344012450334,28,6,0.21428571428571427,,,MID,,
Orel Mangala,Belgium,0.014709307558363666,0.01252160295422809,83,28,0.3373493975903614,Left Defensive Midfield,134.0,MID,,
Otar Kiteishvili,Georgia,0.004650139831968133,0.00856300841535428,60,16,0.26666666666666666,Center Defensive Midfield,131.0,MID,,
Pascal Groß,Germany,0.017374122057126695,0.01594948523547488,83,31,0.37349397590361444,,,MID,,
Patrik Schick,Czech Republic,0.0073962567493962746,0.013569669552987565,34,8,0.23529411764705882,Center Forward,127.0,FW,,
Pavel Šulc,Czech Republic,0.004186547776419754,0.02037866606854915,7,0,0.0,,,MID,,
Pedro Neto,Portugal,0.03132396620207445,0.016589139675945372,105,29,0.2761904761904762,Left Wing Back,128.0,FB,,
Petr Ševčík,Czech Republic,0.008774922262595294,0.015874730143493856,28,8,0.2857142857142857,,,MID,,
Renato Steffen,Switzerland,0.0005695473480788293,0.023110339436321098,1,0,0.0,,,MID,,
Robert Lewandowski,Poland,0.010746679126924792,0.013665148583279078,35,8,0.22857142857142856,Left Center Forward,127.0,FW,,
Roman Yaremchuk,Ukraine,0.0022270414208650563,0.01305499680810392,14,7,0.5,Left Center Forward,125.0,FW,,
Ruslan Malinovskiy,Ukraine,0.004131010401368386,0.014311541403062759,26,11,0.4230769230769231,,,MID,,
Ryan Christie,Scotland,0.0006324743900002301,0.012630057909759131,3,0,0.0,Center Forward,102.0,FW,,
Ryan Porteous,Scotland,0.00046616022661751037,0.006374247157928057,17,9,0.5294117647058824,,,MID,,
Rúben Neves,Portugal,0.025859822066524006,0.013584851441386952,134,49,0.3656716417910448,Left Defensive Midfield,126.0,MID,,
Sandro Altunashvili,Georgia,0.0013242922531715544,0.009330412745714622,14,2,0.14285714285714285,,,MID,,
Sebastian Szymański,Poland,0.00700387467540265,0.01332343376973067,35,13,0.37142857142857144,Right Center Midfield,111.0,MID,,
Sergej Milinković-Savić,Serbia,0.019318782843788893,0.015047188527186691,79,24,0.3037974683544304,Center Defensive Midfield,129.0,MID,,
Sergiy Sydorchuk,Ukraine,0.0,0.010905219060573828,1,1,1.0,,,MID,,
Srđan Mijailović,Serbia,0.0023291098561367533,0.01105613635787239,16,3,0.1875,,,MID,,
Stephan El Shaarawy,Italy,0.005598911084389647,0.01568022059494149,15,1,0.06666666666666667,,,MID,,
Steven Bergwijn,Netherlands,0.009872126693147226,0.0171166949975563,49,22,0.4489795918367347,,,MID,,
Steven Zuber,Switzerland,0.01721028979999188,0.015527714050740079,60,16,0.26666666666666666,,,MID,,
Stuart Armstrong,Scotland,6.85838283151991e-05,0.0068484445654964695,1,0,0.0,,,MID,,
Taras Stepanenko,Ukraine,0.013725133546466926,0.013674194048429381,73,24,0.3287671232876712,,,MID,,
Taras Wiktorowicz Romanczuk,Poland,0.0020011715676611953,0.010127094918105371,14,2,0.14285714285714285,,,MID,,
Taulant Seferi,Albania,0.002513275380982672,0.00962618423751709,21,4,0.19047619047619047,Left Midfield,100.0,MID,,
Thomas Delaney,Denmark,0.0019876835890046984,0.009858686294849855,23,8,0.34782608695652173,,,MID,,
Thomas Müller,Germany,0.012347973641373718,0.02315601178221761,22,7,0.3181818181818182,,,MID,,
Tomáš Chorý,Czech Republic,0.0029698861882177644,0.03247751557638938,3,2,0.6666666666666666,,,MID,,
Tomáš Suslov,Slovakia,0.005632021235997059,0.014559304143150244,27,11,0.4074074074074074,Left Wing,133.0,WIDE,,
Valentin Mihai Mihăilă,Romania,0.004578611094435685,0.0158162000115953,21,7,0.3333333333333333,Left Midfield,112.0,MID,,
Vasile Mogos,Romania,0.0015013076578495846,0.017315098996978737,4,0,0.0,,,MID,,
Veljko Birmančević,Serbia,0.0017305049410346,0.02058459307928886,7,3,0.42857142857142855,,,MID,,
Viktor Tsygankov,Ukraine,0.002568211669608245,0.017848226161813578,16,9,0.5625,,,MID,,
Vincent Sierro,Switzerland,0.002276251099333495,0.009936533028651329,23,6,0.2608695652173913,,,MID,,
Vitalii Mykolenko,Ukraine,0.004643004123928454,0.015818148913871764,15,5,0.3333333333333333,,,MID,,
Vladyslav Vanat,Ukraine,0.00026696744893427594,0.013807085418537503,1,0,0.0,,,MID,,
Václav Černý,Czech Republic,0.013127753353161837,0.01574097588020581,43,13,0.3023255813953488,,,MID,,
Waldemar Anton,Germany,0.00015271739544475327,0.006289893478888551,7,4,0.5714285714285714,,,MID,,
Xherdan Shaqiri,Switzerland,0.008678501496752242,0.016484225582010476,30,12,0.4,,,MID,,
Youssouf Fofana,France,0.00977589143180458,0.01591961213091341,37,15,0.40540540540540543,,,MID,,
Yukhym Konoplya,Ukraine,0.003522755592551166,0.010970131380468649,23,5,0.21739130434782608,,,MID,,
Yunus Akgün,Turkey,0.005502822816714947,0.01401535547722742,18,3,0.16666666666666666,,,MID,,
Yussuf Poulsen,Denmark,0.009869595048457119,0.01842155255007501,15,2,0.13333333333333333,,,MID,,
Yusuf Yazıcı,Turkey,0.0014434056160902101,0.010413798279202921,19,7,0.3684210526315789,,,MID,,
Zeno Debast,Belgium,0.0034107670903802505,0.010102405808829857,50,18,0.36,Left Center Back,113.0,MID,,
Zsolt Nagy,Hungary,0.0,0.009471332119408583,1,1,1.0,,,MID,,
Zurab Davitashvili,Georgia,0.00834105865749712,0.012054009040106851,46,11,0.2391304347826087,Left Center Forward,120.0,FW,,
Ádám Lang,Hungary,0.0004296787251746635,0.006460982698750566,13,6,0.46153846153846156,,,MID,,
İrfan Can Kahveci,Turkey,0.00010786676207014199,0.005261536430900533,2,0,0.0,,,MID,,
Ľubomír Tupta,Slovakia,0.0017186791750492237,0.017829987336664157,6,2,0.3333333333333333,,,MID,,
Łukasz Skorupski,Poland,0.00016225124039766548,0.00553309109723446,4,0,0.0,Goalkeeper,92.0,GK,,
Žan Celar,Slovenia,0.0017495684281615095,0.014447922526284641,7,4,0.5714285714285714,,,MID,,
