player,team,macro_role,idx__PROGRESSION,idx__DANGEROUSNESS,idx__RECEPTION,idx__GRAVITY,pct__accuracy,pct__worst_choice,pct__elite_per90,pct__poor_per90,potential_pct_within_role,xepv_mean_pct_within_role,latency_pct_within_role,display
Christoph Baumgartner,Austria,CAM,45.0,85.0,85.0,100.0,100.0,25.0,55.00000000000001,65.0,30.0,85.0,25.0,Christoph Baumgartner
Pedro González López,Spain,CAM,97.5,35.0,100.0,62.5,50.0,70.0,95.0,55.00000000000001,100.0,95.0,100.0,Pedri
Fabian Rieder,Switzerland,CAM,20.0,95.0,65.0,80.0,65.0,65.0,30.0,85.0,40.0,90.0,60.0,Fabian Rieder
Kevin De Bruyne,Belgium,CAM,97.5,70.0,45.0,55.00000000000001,75.0,60.0,85.0,35.0,75.0,30.0,35.0,Kevin De Bruyne
Daniel Olmo Carvajal,Spain,CAM,60.0,75.0,80.0,50.0,80.0,75.0,65.0,75.0,55.00000000000001,50.0,10.0,Daniel Carvajal
Roland Sallai,Hungary,CAM,55.00000000000001,90.0,25.0,90.0,30.0,100.0,20.0,100.0,20.0,10.0,90.0,Roland Sallai
Dušan Tadić,Serbia,CAM,90.0,100.0,10.0,32.5,20.0,50.0,45.0,80.0,60.0,35.0,30.0,Dušan Tadić
Georgiy Sudakov,Ukraine,CAM,75.0,40.0,50.0,72.5,15.0,15.0,25.0,20.0,35.0,20.0,50.0,Georgiy Sudakov
Christian Dannemann Eriksen,Denmark,CAM,50.0,55.00000000000001,95.0,25.0,90.0,45.0,100.0,15.0,90.0,60.0,75.0,Christian Eriksen
John McGinn,Scotland,CAM,35.0,50.0,75.0,62.5,35.0,5.0,15.0,42.5,15.0,25.0,55.00000000000001,John McGinn
Antoine Griezmann,France,CAM,85.0,60.0,40.0,10.0,85.0,30.0,90.0,10.0,80.0,75.0,20.0,Antoine Griezmann
Orkun Kökçü,Turkey,CAM,70.0,15.0,60.0,72.5,55.00000000000001,55.00000000000001,75.0,50.0,65.0,55.00000000000001,65.0,Orkun Kökçü
Jude Bellingham,England,CAM,80.0,45.0,35.0,42.5,25.0,80.0,70.0,30.0,85.0,40.0,40.0,Jude Bellingham
Dominik Szoboszlai,Hungary,CAM,65.0,80.0,15.0,20.0,40.0,35.0,35.0,5.0,25.0,15.0,15.0,Dominik Szoboszlai
Jonas Older Wind,Denmark,CAM,40.0,20.0,90.0,42.5,95.0,20.0,80.0,25.0,70.0,45.0,85.0,Jonas Wind
İlkay Gündoğan,Germany,CAM,27.500000000000004,30.0,55.00000000000001,32.5,45.0,95.0,60.0,70.0,95.0,65.0,45.0,İlkay Gündoğan
Scott McTominay,Scotland,CAM,5.0,5.0,70.0,85.0,10.0,40.0,10.0,90.0,5.0,5.0,80.0,Scott McTominay
Dušan Vlahović,Serbia,CAM,15.0,10.0,20.0,95.0,5.0,10.0,5.0,95.0,10.0,100.0,95.0,Dušan Vlahović
Ruben Vargas,Switzerland,CAM,27.500000000000004,65.0,5.0,5.0,60.0,90.0,40.0,42.5,50.0,80.0,70.0,Rubén Vargas
Xavi Simons,Netherlands,CAM,10.0,25.0,30.0,15.0,70.0,85.0,50.0,60.0,45.0,70.0,5.0,Xavi Simons
Ladislav Krejčí,Czech Republic,CB,80.32786885245902,93.44262295081968,98.36065573770492,72.95081967213115,62.295081967213115,85.24590163934425,36.0655737704918,62.295081967213115,39.34426229508197,96.72131147540983,63.934426229508205,Ladislav Krejčí
Illia Zabarnyi,Ukraine,CB,86.0655737704918,80.32786885245902,71.31147540983606,96.72131147540983,16.39344262295082,19.672131147540984,42.62295081967213,19.672131147540984,40.98360655737705,42.62295081967213,88.52459016393442,Ilya Zabarnyi
Alessandro Bastoni,Italy,CB,100.0,81.9672131147541,73.77049180327869,47.540983606557376,44.26229508196721,49.18032786885246,83.60655737704919,9.836065573770492,93.44262295081968,62.295081967213115,47.540983606557376,Alessandro Bastoni
Maximilian Wöber,Austria,CB,83.60655737704919,96.72131147540983,85.24590163934425,35.24590163934426,40.98360655737705,77.8688524590164,50.81967213114754,16.39344262295082,47.540983606557376,91.80327868852459,72.1311475409836,Maximilian Wöber
Mykola Matvienko,Ukraine,CB,90.1639344262295,73.77049180327869,100.0,16.39344262295082,50.81967213114754,37.704918032786885,86.88524590163934,24.59016393442623,75.40983606557377,37.704918032786885,11.475409836065573,Mykola Matvienko
Joachim Andersen,Denmark,CB,98.36065573770492,98.36065573770492,16.39344262295082,63.114754098360656,36.0655737704918,8.19672131147541,70.49180327868852,14.754098360655737,90.1639344262295,77.04918032786885,34.42622950819672,Joachim Andersen
Ricardo Iván Rodríguez Araya,Switzerland,CB,93.44262295081968,83.60655737704919,57.377049180327866,23.770491803278688,54.09836065573771,40.98360655737705,49.18032786885246,45.90163934426229,73.77049180327869,100.0,65.57377049180327,Ricardo Rodríguez
Aymeric Laporte,Spain,CB,91.80327868852459,85.24590163934425,24.59016393442623,94.26229508196722,29.508196721311474,45.90163934426229,77.04918032786885,8.19672131147541,86.88524590163934,90.1639344262295,55.73770491803278,Aymeric Laporte
Abdülkerim Bardakcı,Turkey,CB,59.01639344262295,78.68852459016394,78.68852459016394,59.01639344262295,6.557377049180328,59.01639344262295,8.19672131147541,44.26229508196721,54.09836065573771,57.377049180327866,37.704918032786885,Abdülkerim Bardakcı
Tomáš Holeš,Czech Republic,CB,81.9672131147541,90.1639344262295,34.42622950819672,78.68852459016394,24.59016393442623,18.0327868852459,9.836065573770492,60.65573770491803,36.0655737704918,88.52459016393442,27.86885245901639,Tomas Holes
Riccardo Calafiori,Italy,CB,78.68852459016394,60.65573770491803,92.62295081967213,13.114754098360656,72.1311475409836,88.52459016393442,98.36065573770492,11.475409836065573,95.08196721311475,83.60655737704919,93.44262295081968,Riccardo Calafiori
Kevin Danso,Austria,CB,69.67213114754098,91.80327868852459,26.229508196721312,90.1639344262295,3.278688524590164,26.229508196721312,14.754098360655737,18.0327868852459,49.18032786885246,75.40983606557377,39.34426229508197,Kevin Danso
Willi Orban,Hungary,CB,63.934426229508205,57.377049180327866,95.08196721311475,44.26229508196721,68.85245901639344,27.86885245901639,40.98360655737705,73.77049180327869,22.950819672131146,19.672131147540984,42.62295081967213,Willi Orbán
Fabian Lukas Schär,Switzerland,CB,96.72131147540983,88.52459016393442,39.34426229508197,10.655737704918032,26.229508196721312,55.73770491803278,16.39344262295082,78.68852459016394,34.42622950819672,50.81967213114754,13.114754098360656,Fabian Schär
Antonio Rüdiger,Germany,CB,95.08196721311475,100.0,9.836065573770492,56.557377049180324,57.377049180327866,16.39344262295082,90.1639344262295,6.557377049180328,98.36065573770492,93.44262295081968,70.49180327868852,Antonio Rüdiger
Milos Veljkovic,Serbia,CB,62.295081967213115,70.49180327868852,68.85245901639344,56.557377049180324,55.73770491803278,21.311475409836063,78.68852459016394,27.86885245901639,83.60655737704919,80.32786885245902,16.39344262295082,Milos Veljkovic
Joško Gvardiol,Croatia,CB,67.21311475409836,37.704918032786885,86.88524590163934,69.67213114754098,47.540983606557376,98.36065573770492,54.09836065573771,55.73770491803278,81.9672131147541,98.36065573770492,67.21311475409836,Josko Gvardiol
Milan Škriniar,Slovakia,CB,72.1311475409836,59.01639344262295,55.73770491803278,60.65573770491803,52.459016393442624,86.88524590163934,67.21311475409836,37.704918032786885,62.295081967213115,39.34426229508197,18.0327868852459,Milan Škriniar
Strahinja Pavlović,Serbia,CB,36.0655737704918,95.08196721311475,50.81967213114754,29.508196721311474,85.24590163934425,11.475409836065573,72.1311475409836,50.81967213114754,55.73770491803278,59.01639344262295,14.754098360655737,Strahinja Pavlović
Jannik Vestergaard,Denmark,CB,65.57377049180327,45.90163934426229,81.14754098360656,50.81967213114754,88.52459016393442,57.377049180327866,100.0,57.377049180327866,88.52459016393442,60.65573770491803,73.77049180327869,Jannik Vestergaard
Samet Akaydin,Turkey,CB,54.09836065573771,72.1311475409836,59.01639344262295,31.967213114754102,22.950819672131146,47.540983606557376,22.950819672131146,39.34426229508197,52.459016393442624,45.90163934426229,90.1639344262295,Samet Akaydin
Jonathan Tah,Germany,CB,77.04918032786885,55.73770491803278,42.62295081967213,66.39344262295081,42.62295081967213,31.147540983606557,93.44262295081968,4.918032786885246,100.0,95.08196721311475,50.81967213114754,Jonathan Tah
Jakub Piotr Kiwior,Poland,CB,75.40983606557377,47.540983606557376,77.04918032786885,10.655737704918032,91.80327868852459,83.60655737704919,73.77049180327869,96.72131147540983,59.01639344262295,78.68852459016394,36.0655737704918,Jakub Kiwior
Jack Hendry,Scotland,CB,69.67213114754098,67.21311475409836,19.672131147540984,94.26229508196722,95.08196721311475,73.77049180327869,63.934426229508205,100.0,26.229508196721312,14.754098360655737,31.147540983606557,Jack Hendry
Márton Dárdai,Hungary,CB,60.65573770491803,65.57377049180327,49.18032786885246,41.80327868852459,93.44262295081968,9.836065573770492,59.01639344262295,47.540983606557376,19.672131147540984,36.0655737704918,6.557377049180328,Márton Dárdai
Manuel Obafemi Akanji,Switzerland,CB,86.0655737704918,21.311475409836063,75.40983606557377,45.90163934426229,39.34426229508197,60.65573770491803,60.65573770491803,42.62295081967213,44.26229508196721,27.86885245901639,19.672131147540984,Manuel Akanji
José Ignacio Fernández Iglesias,Spain,CB,33.60655737704918,14.754098360655737,96.72131147540983,86.88524590163934,98.36065573770492,90.1639344262295,95.08196721311475,85.24590163934425,31.147540983606557,22.950819672131146,57.377049180327866,Nacho Fernández
Denis Vavro,Slovakia,CB,88.52459016393442,63.934426229508205,13.114754098360656,69.67213114754098,19.672131147540984,24.59016393442623,21.311475409836063,40.98360655737705,50.81967213114754,72.1311475409836,8.19672131147541,Denis Vavro
Philipp Lienhart,Austria,CB,55.73770491803278,1.639344262295082,90.1639344262295,81.14754098360656,45.90163934426229,95.08196721311475,37.704918032786885,81.9672131147541,32.78688524590164,63.934426229508205,52.459016393442624,Philipp Lienhart
Marc Guehi,England,CB,45.90163934426229,32.78688524590164,65.57377049180327,66.39344262295081,32.78688524590164,91.80327868852459,62.295081967213115,29.508196721311474,78.68852459016394,68.85245901639344,78.68852459016394,Marc Guéhi
Robin Hranáč,Czech Republic,CB,8.19672131147541,8.19672131147541,92.62295081967213,98.36065573770492,13.114754098360656,77.8688524590164,3.278688524590164,91.80327868852459,6.557377049180328,44.26229508196721,62.295081967213115,Robin Hranac
Stefan de Vrij,Netherlands,CB,44.26229508196721,54.09836065573771,44.26229508196721,52.459016393442624,78.68852459016394,70.49180327868852,91.80327868852459,53.278688524590166,67.21311475409836,47.540983606557376,54.09836065573771,Stefan de Vrij
Dayotchanculle Upamecano,France,CB,26.229508196721312,29.508196721311474,63.114754098360656,81.14754098360656,11.475409836065573,54.09836065573771,24.59016393442623,26.229508196721312,57.377049180327866,73.77049180327869,80.32786885245902,Dayot Upamecano
Scott McKenna,Scotland,CB,31.147540983606557,77.04918032786885,3.278688524590164,83.60655737704919,63.934426229508205,32.78688524590164,45.90163934426229,68.85245901639344,70.49180327868852,86.88524590163934,95.08196721311475,Scott McKenna
Grant Campbell Hanley,Scotland,CB,12.295081967213115,68.85245901639344,60.65573770491803,8.19672131147541,75.40983606557377,63.934426229508205,65.57377049180327,72.1311475409836,65.57377049180327,65.57377049180327,32.78688524590164,Grant Hanley
John Stones,England,CB,39.34426229508197,40.98360655737705,37.704918032786885,76.22950819672131,31.147540983606557,80.32786885245902,75.40983606557377,32.78688524590164,85.24590163934425,67.21311475409836,60.65573770491803,John Stones
Jan Bednarek,Poland,CB,16.39344262295082,18.0327868852459,71.31147540983606,90.1639344262295,83.60655737704919,52.459016393442624,31.147540983606557,80.32786885245902,11.475409836065573,4.918032786885246,21.311475409836063,Jan Bednarek
Jaka Bijol,Slovenia,CB,18.0327868852459,75.40983606557377,28.688524590163933,23.770491803278688,73.77049180327869,1.639344262295082,11.475409836065573,65.57377049180327,4.918032786885246,9.836065573770492,4.918032786885246,Jaka Bijol
Merih Demiral,Turkey,CB,22.950819672131146,86.88524590163934,1.639344262295082,38.52459016393443,4.918032786885246,39.34426229508197,1.639344262295082,93.44262295081968,29.508196721311474,29.508196721311474,9.836065573770492,Merih Demiral
Radu Drăgușin,Romania,CB,12.295081967213115,16.39344262295082,81.14754098360656,54.09836065573771,59.01639344262295,14.754098360655737,4.918032786885246,88.52459016393442,8.19672131147541,32.78688524590164,68.85245901639344,Radu Drăgușin
Wout Faes,Belgium,CB,57.377049180327866,52.459016393442624,18.0327868852459,38.52459016393443,60.65573770491803,29.508196721311474,85.24590163934425,31.147540983606557,72.1311475409836,31.147540983606557,81.9672131147541,Wout Faes
Robin Aime Robert Le Normand,Spain,CB,41.80327868852459,50.81967213114754,22.950819672131146,35.24590163934426,14.754098360655737,34.42622950819672,52.459016393442624,13.114754098360656,80.32786885245902,81.9672131147541,86.88524590163934,Robin Le Normand
William Saliba,France,CB,6.557377049180328,19.672131147540984,63.114754098360656,72.95081967213115,27.86885245901639,65.57377049180327,44.26229508196721,49.18032786885246,45.90163934426229,55.73770491803278,91.80327868852459,William Saliba
Josip Šutalo,Croatia,CB,19.672131147540984,9.836065573770492,88.52459016393442,41.80327868852459,21.311475409836063,68.85245901639344,47.540983606557376,22.950819672131146,63.934426229508205,52.459016393442624,44.26229508196721,Josip Sutalo
Rúben Santos Gato Alves Dias,Portugal,CB,41.80327868852459,49.18032786885246,6.557377049180328,76.22950819672131,9.836065573770492,75.40983606557377,57.377049180327866,34.42622950819672,96.72131147540983,85.24590163934425,77.04918032786885,Rúben Dias
Jan Vertonghen,Belgium,CB,33.60655737704918,34.42622950819672,8.19672131147541,100.0,1.639344262295082,3.278688524590164,19.672131147540984,3.278688524590164,60.65573770491803,26.229508196721312,45.90163934426229,Jan Vertonghen
Vanja Drkušić,Slovenia,CB,49.18032786885246,39.34426229508197,54.09836065573771,3.278688524590164,81.9672131147541,4.918032786885246,13.114754098360656,83.60655737704919,1.639344262295082,8.19672131147541,100.0,Vanja Drkusic
Virgil van Dijk,Netherlands,CB,47.540983606557376,44.26229508196721,32.78688524590164,6.557377049180328,65.57377049180327,81.9672131147541,68.85245901639344,53.278688524590166,42.62295081967213,34.42622950819672,83.60655737704919,Virgil van Dijk
Nikola Milenković,Serbia,CB,1.639344262295082,27.86885245901639,45.90163934426229,90.1639344262295,77.04918032786885,22.950819672131146,96.72131147540983,21.311475409836063,68.85245901639344,40.98360655737705,85.24590163934425,Nikola Milenković
Andreas Christensen,Denmark,CB,50.81967213114754,6.557377049180328,36.0655737704918,85.24590163934425,67.21311475409836,62.295081967213115,88.52459016393442,36.0655737704918,91.80327868852459,70.49180327868852,40.98360655737705,Andreas Christensen
Arlind Afrim Ajeti,Albania,CB,3.278688524590164,31.147540983606557,47.540983606557376,63.114754098360656,49.18032786885246,72.1311475409836,18.0327868852459,77.04918032786885,21.311475409836063,21.311475409836063,75.40983606557377,Arlind Ajeti
Attila Fiola,Hungary,CB,27.86885245901639,62.295081967213115,4.918032786885246,31.967213114754102,100.0,6.557377049180328,80.32786885245902,70.49180327868852,18.0327868852459,13.114754098360656,49.18032786885246,Attila Fiola
Lasha Dvali,Georgia,CB,73.77049180327869,24.59016393442623,31.147540983606557,4.918032786885246,70.49180327868852,50.81967213114754,29.508196721311474,75.40983606557377,16.39344262295082,11.475409836065573,98.36065573770492,Lasha Dvali
Solomon Kverkvelia,Georgia,CB,52.459016393442624,26.229508196721312,28.688524590163933,14.754098360655737,86.88524590163934,13.114754098360656,27.86885245901639,86.88524590163934,27.86885245901639,49.18032786885246,3.278688524590164,Solomon Kvirkvelia
Guram Kashia,Georgia,CB,24.59016393442623,13.114754098360656,83.60655737704919,1.639344262295082,90.1639344262295,93.44262295081968,39.34426229508197,98.36065573770492,13.114754098360656,6.557377049180328,24.59016393442623,Guram Kashia
Marin Pongracic,Croatia,CB,29.508196721311474,11.475409836065573,52.459016393442624,21.311475409836063,80.32786885245902,100.0,81.9672131147541,59.01639344262295,37.704918032786885,24.59016393442623,96.72131147540983,Marin Pongracic
Andrei Burcă Andonie,Romania,CB,37.704918032786885,42.62295081967213,14.754098360655737,27.049180327868854,18.0327868852459,36.0655737704918,6.557377049180328,67.21311475409836,9.836065573770492,18.0327868852459,29.508196721311474,Andrei Burcă
Paweł Dawidowicz,Poland,CB,14.754098360655737,22.950819672131146,40.98360655737705,27.049180327868854,37.704918032786885,96.72131147540983,26.229508196721312,90.1639344262295,14.754098360655737,3.278688524590164,22.950819672131146,Paweł Dawidowicz
Kléper Laveran Lima Ferreira,Portugal,CB,21.311475409836063,36.0655737704918,11.475409836065573,49.18032786885246,8.19672131147541,67.21311475409836,55.73770491803278,1.639344262295082,77.04918032786885,54.09836065573771,26.229508196721312,Pepe
Giorgi Gvelesiani,Georgia,CB,4.918032786885246,4.918032786885246,67.21311475409836,18.852459016393443,96.72131147540983,44.26229508196721,34.42622950819672,95.08196721311475,3.278688524590164,1.639344262295082,1.639344262295082,Giorgi Gvelesiani
Berat Djimsiti,Albania,CB,9.836065573770492,3.278688524590164,21.311475409836063,18.852459016393443,34.42622950819672,42.62295081967213,32.78688524590164,63.934426229508205,24.59016393442623,16.39344262295082,59.01639344262295,Berat Djimsiti
Joshua Kimmich,Germany,FB,91.22807017543859,96.49122807017544,84.21052631578947,64.91228070175438,12.280701754385964,36.84210526315789,68.42105263157895,10.526315789473683,100.0,89.47368421052632,68.42105263157895,Joshua Kimmich
Przemysław Frankowski,Poland,FB,85.96491228070175,71.9298245614035,91.22807017543859,100.0,80.7017543859649,49.122807017543856,75.43859649122807,29.82456140350877,17.543859649122805,5.263157894736842,10.526315789473683,Przemyslaw Frankowski
Maximilian Mittelstädt,Germany,FB,95.6140350877193,92.98245614035088,49.122807017543856,87.71929824561403,59.64912280701754,70.17543859649122,98.24561403508771,40.35087719298245,96.49122807017544,85.96491228070175,78.94736842105263,Maximilian Mittelstädt
João Pedro Cavaco Cancelo,Portugal,FB,98.24561403508771,89.47368421052632,89.47368421052632,50.877192982456144,35.08771929824561,78.94736842105263,77.19298245614034,54.385964912280706,73.68421052631578,40.35087719298245,57.89473684210527,João Cancelo
Oleksandr Zinchenko,Ukraine,FB,95.6140350877193,43.859649122807014,96.49122807017544,91.22807017543859,56.14035087719298,94.73684210526315,96.49122807017544,66.66666666666666,57.89473684210527,12.280701754385964,14.035087719298245,Oleksandr Zinchenko
Bendegúz Bolla,Hungary,FB,84.21052631578947,75.43859649122807,98.24561403508771,57.89473684210527,100.0,85.96491228070175,82.45614035087719,96.49122807017544,22.807017543859647,57.89473684210527,92.98245614035088,Bendegúz Bolla
Andrija Živković,Serbia,FB,100.0,87.71929824561403,63.1578947368421,24.561403508771928,91.22807017543859,33.33333333333333,100.0,50.877192982456144,63.1578947368421,70.17543859649122,28.07017543859649,Andrija Zivkovic
Alexander Prass,Austria,FB,87.71929824561403,49.122807017543856,84.21052631578947,82.45614035087719,25.438596491228072,35.08771929824561,19.298245614035086,38.59649122807017,45.614035087719294,61.40350877192983,56.14035087719298,Alexander Prass
Stefan Posch,Austria,FB,92.98245614035088,70.17543859649122,26.31578947368421,85.96491228070175,43.859649122807014,26.31578947368421,36.84210526315789,49.122807017543856,43.859649122807014,75.43859649122807,35.08771929824561,Stefan Posch
Jesús Navas González,Spain,FB,50.0,98.24561403508771,56.14035087719298,68.42105263157895,85.96491228070175,31.57894736842105,61.40350877192983,31.57894736842105,24.561403508771928,47.368421052631575,43.859649122807014,Jesús Navas
David Jurásek,Czech Republic,FB,80.7017543859649,85.96491228070175,21.052631578947366,78.94736842105263,52.63157894736842,65.78947368421053,35.08771929824561,77.19298245614034,36.84210526315789,92.98245614035088,75.43859649122807,David Jurásek
Ivan Perišić,Croatia,FB,77.19298245614034,100.0,35.08771929824561,26.31578947368421,22.807017543859647,38.59649122807017,12.280701754385964,61.40350877192983,64.91228070175438,98.24561403508771,73.68421052631578,Ivan Perišić
David Raum,Germany,FB,78.94736842105263,94.73684210526315,54.385964912280706,7.017543859649122,82.45614035087719,92.98245614035088,94.73684210526315,84.21052631578947,50.877192982456144,38.59649122807017,84.21052631578947,David Raum
Vladimír Coufal,Czech Republic,FB,61.40350877192983,80.7017543859649,84.21052631578947,12.280701754385964,65.78947368421053,65.78947368421053,31.57894736842105,70.17543859649122,38.59649122807017,78.94736842105263,82.45614035087719,Vladimír Coufal
Michel Aebischer,Switzerland,FB,82.45614035087719,15.789473684210526,94.73684210526315,91.22807017543859,40.35087719298245,43.859649122807014,52.63157894736842,24.561403508771928,71.9298245614035,82.45614035087719,12.280701754385964,Michel Aebischer
Joakim Mæhle,Denmark,FB,75.43859649122807,84.21052631578947,38.59649122807017,35.96491228070175,75.43859649122807,29.82456140350877,71.05263157894737,45.614035087719294,56.14035087719298,50.877192982456144,15.789473684210526,Joakim Maehle
Dávid Hancko,Slovakia,FB,52.63157894736842,82.45614035087719,52.63157894736842,56.14035087719298,73.68421052631578,87.71929824561403,42.10526315789473,80.7017543859649,29.82456140350877,22.807017543859647,26.31578947368421,Dávid Hancko
Daniel Carvajal Ramos,Spain,FB,63.1578947368421,45.614035087719294,58.77192982456141,80.7017543859649,29.82456140350877,56.14035087719298,58.77192982456141,35.08771929824561,78.94736842105263,63.1578947368421,38.59649122807017,Daniel Carvajal
Milos Kerkez,Hungary,FB,31.57894736842105,78.94736842105263,77.19298245614034,35.96491228070175,57.89473684210527,14.035087719298245,29.82456140350877,59.64912280701754,3.508771929824561,14.035087719298245,21.052631578947366,Milos Kerkez
Kieran Trippier,England,FB,56.14035087719298,68.42105263157895,42.98245614035088,73.68421052631578,42.10526315789473,96.49122807017544,80.7017543859649,89.47368421052632,92.98245614035088,77.19298245614034,54.385964912280706,Kieran Trippier
Otar Kakabadze,Georgia,FB,73.68421052631578,40.35087719298245,40.35087719298245,98.24561403508771,96.49122807017544,68.42105263157895,66.66666666666666,68.42105263157895,10.526315789473683,1.7543859649122806,1.7543859649122806,Otar Kakabadze
Dan Ndoye,Switzerland,FB,22.807017543859647,28.07017543859649,100.0,94.73684210526315,94.73684210526315,10.526315789473683,43.859649122807014,86.8421052631579,33.33333333333333,96.49122807017544,89.47368421052632,Dan Ndoye
Theo Bernard François Hernández,France,FB,43.859649122807014,63.1578947368421,45.614035087719294,71.9298245614035,61.40350877192983,80.7017543859649,92.98245614035088,56.14035087719298,85.96491228070175,84.21052631578947,50.877192982456144,Theo Hernández
Anthony Ralston,Scotland,FB,68.42105263157895,61.40350877192983,78.94736842105263,5.263157894736842,87.71929824561403,91.22807017543859,38.59649122807017,92.98245614035088,7.017543859649122,8.771929824561402,3.508771929824561,Anthony Ralston
Jules Koundé,France,FB,59.64912280701754,77.19298245614034,47.368421052631575,10.526315789473683,63.1578947368421,5.263157894736842,85.96491228070175,12.280701754385964,80.7017543859649,68.42105263157895,80.7017543859649,Jules Koundé
Philipp Mwene,Austria,FB,66.66666666666666,36.84210526315789,58.77192982456141,66.66666666666666,3.508771929824561,7.017543859649122,10.526315789473683,7.017543859649122,87.71929824561403,94.73684210526315,49.122807017543856,Phillipp Mwene
Nicola Zalewski,Poland,FB,50.0,59.64912280701754,50.877192982456144,54.385964912280706,15.789473684210526,46.49122807017544,14.035087719298245,36.84210526315789,26.31578947368421,66.66666666666666,45.614035087719294,Nicola Zalewski
Alexander Hartmann Bah,Denmark,FB,89.47368421052632,31.57894736842105,61.40350877192983,28.07017543859649,71.9298245614035,8.771929824561402,78.94736842105263,22.807017543859647,75.43859649122807,45.614035087719294,17.543859649122805,Alexander Bah
Victor Bernth Kristansen,Denmark,FB,36.84210526315789,66.66666666666666,14.035087719298245,84.21052631578947,17.543859649122805,3.508771929824561,33.33333333333333,15.789473684210526,66.66666666666666,91.22807017543859,42.10526315789473,Victor Kristiansen
Giovanni Di Lorenzo,Italy,FB,71.9298245614035,64.91228070175438,10.526315789473683,41.228070175438596,19.298245614035086,40.35087719298245,87.71929824561403,1.7543859649122806,94.73684210526315,36.84210526315789,31.57894736842105,Giovanni Di Lorenzo
Marc Cucurella Saseta,Spain,FB,46.49122807017544,24.561403508771928,67.54385964912281,59.64912280701754,49.122807017543856,52.63157894736842,63.1578947368421,19.298245614035086,89.47368421052632,87.71929824561403,29.82456140350877,Marc Cucurella
Ferdi Erenay Kadıoğlu,Turkey,FB,40.35087719298245,26.31578947368421,80.7017543859649,44.73684210526316,31.57894736842105,71.9298245614035,54.385964912280706,52.63157894736842,77.19298245614034,73.68421052631578,59.64912280701754,Ferdi Kadıoğlu
Andrew Robertson,Scotland,FB,42.10526315789473,54.385964912280706,28.947368421052634,44.73684210526316,45.614035087719294,57.89473684210527,17.543859649122805,63.1578947368421,42.10526315789473,59.64912280701754,85.96491228070175,Andrew Robertson
Nuno Mendes,Portugal,FB,33.33333333333333,52.63157894736842,22.807017543859647,70.17543859649122,10.526315789473683,61.40350877192983,64.91228070175438,3.508771929824561,91.22807017543859,35.08771929824561,24.561403508771928,Nuno Mendes
Denzel Dumfries,Netherlands,FB,57.89473684210527,73.68421052631578,7.894736842105263,31.57894736842105,47.368421052631575,15.789473684210526,45.614035087719294,14.035087719298245,59.64912280701754,80.7017543859649,40.35087719298245,Denzel Dumfries
Federico Dimarco,Italy,FB,8.771929824561402,42.10526315789473,71.05263157894737,63.1578947368421,38.59649122807017,19.298245614035086,26.31578947368421,57.89473684210527,61.40350877192983,49.122807017543856,96.49122807017544,Federico Dimarco
Oleksandr Tymchyk,Ukraine,FB,19.298245614035086,57.89473684210527,64.91228070175438,18.421052631578945,77.19298245614034,46.49122807017544,21.052631578947366,94.73684210526315,12.280701754385964,17.543859649122805,100.0,Oleksandr Tymchyk
Yannick Ferreira Carrasco,Belgium,FB,24.561403508771928,33.33333333333333,75.43859649122807,33.33333333333333,89.47368421052632,21.052631578947366,73.68421052631578,47.368421052631575,52.63157894736842,56.14035087719298,5.263157894736842,Yannick Carrasco
José Diogo Dalot Teixeira,Portugal,FB,70.17543859649122,17.543859649122805,42.98245614035088,52.63157894736842,7.017543859649122,28.07017543859649,40.35087719298245,5.263157894736842,98.24561403508771,100.0,70.17543859649122,Diogo Dalot
Luke Shaw,England,FB,46.49122807017544,35.08771929824561,33.33333333333333,38.59649122807017,1.7543859649122806,89.47368421052632,1.7543859649122806,86.8421052631579,49.122807017543856,54.385964912280706,52.63157894736842,Luke Shaw
Nathan Aké,Netherlands,FB,26.31578947368421,19.298245614035086,36.84210526315789,91.22807017543859,36.84210526315789,63.1578947368421,58.77192982456141,43.859649122807014,54.385964912280706,31.57894736842105,22.807017543859647,Nathan Aké
Josip Stanišić,Croatia,FB,54.385964912280706,8.771929824561402,92.98245614035088,14.035087719298245,5.263157894736842,73.68421052631578,22.807017543859647,26.31578947368421,70.17543859649122,28.07017543859649,33.33333333333333,Josip Stanisic
Kyle Walker,England,FB,64.91228070175438,38.59649122807017,12.280701754385964,48.24561403508772,33.33333333333333,59.64912280701754,84.21052631578947,8.771929824561402,84.21052631578947,42.10526315789473,47.368421052631575,Kyle Walker
Erik Janža,Slovenia,FB,35.08771929824561,50.877192982456144,7.894736842105263,75.43859649122807,78.94736842105263,1.7543859649122806,28.07017543859649,17.543859649122805,5.263157894736842,24.561403508771928,7.017543859649122,Erik Janza
Žan Karničnik,Slovenia,FB,17.543859649122805,22.807017543859647,73.68421052631578,48.24561403508772,21.052631578947366,12.280701754385964,15.789473684210526,42.10526315789473,21.052631578947366,21.052631578947366,36.84210526315789,Zan Karnicnik
Matteo Darmian,Italy,FB,28.07017543859649,21.052631578947366,15.789473684210526,77.19298245614034,14.035087719298245,84.21052631578947,47.368421052631575,21.052631578947366,82.45614035087719,52.63157894736842,64.91228070175438,Matteo Darmian
Silvan Widmer,Switzerland,FB,21.052631578947366,7.017543859649122,19.298245614035086,96.49122807017544,8.771929824561402,22.807017543859647,8.771929824561402,75.43859649122807,28.07017543859649,71.9298245614035,8.771929824561402,Silvan Widmer
Mario Mitaj,Albania,FB,38.59649122807017,5.263157894736842,67.54385964912281,21.929824561403507,84.21052631578947,82.45614035087719,91.22807017543859,73.68421052631578,40.35087719298245,3.508771929824561,66.66666666666666,Mario Mitaj
Nicușor Silviu Bancu,Romania,FB,29.82456140350877,56.14035087719298,28.947368421052634,1.7543859649122806,70.17543859649122,54.385964912280706,49.122807017543856,78.94736842105263,31.57894736842105,64.91228070175438,71.9298245614035,Nicușor Bancu
Heorhii Tsitaishvili,Georgia,FB,10.526315789473683,91.22807017543859,3.508771929824561,8.771929824561402,98.24561403508771,17.543859649122805,56.14035087719298,71.9298245614035,19.298245614035086,29.82456140350877,91.22807017543859,Giorgi Tsitaishvili
Andrei Florin Ratiu,Romania,FB,7.017543859649122,10.526315789473683,87.71929824561403,3.508771929824561,92.98245614035088,77.19298245614034,24.561403508771928,91.22807017543859,1.7543859649122806,15.789473684210526,87.71929824561403,Andrei Rațiu
Elseid Hysaj,Albania,FB,5.263157894736842,3.508771929824561,71.05263157894737,21.929824561403507,50.877192982456144,99.12280701754386,5.263157894736842,100.0,15.789473684210526,19.298245614035086,63.1578947368421,Elseid Hysaj
Mert Müldür,Turkey,FB,3.508771929824561,29.82456140350877,17.543859649122805,29.82456140350877,65.78947368421053,24.561403508771928,50.877192982456144,28.07017543859649,35.08771929824561,43.859649122807014,94.73684210526315,Mert Müldür
Peter Pekarík,Slovakia,FB,12.280701754385964,12.280701754385964,24.561403508771928,18.421052631578945,28.07017543859649,42.10526315789473,7.017543859649122,82.45614035087719,14.035087719298245,33.33333333333333,61.40350877192983,Peter Pekarík
Timothy Castagne,Belgium,FB,14.035087719298245,47.368421052631575,1.7543859649122806,15.789473684210526,68.42105263157895,75.43859649122807,71.05263157894737,64.91228070175438,47.368421052631575,26.31578947368421,19.298245614035086,Timothy Castagne
Luka Lochoshvili,Georgia,FB,1.7543859649122806,1.7543859649122806,31.57894736842105,61.40350877192983,25.438596491228072,99.12280701754386,3.508771929824561,98.24561403508771,8.771929824561402,7.017543859649122,98.24561403508771,Luka Lochoshvili
Arthur Theate,Belgium,FB,15.789473684210526,14.035087719298245,5.263157894736842,41.228070175438596,54.385964912280706,50.877192982456144,89.47368421052632,33.33333333333333,68.42105263157895,10.526315789473683,77.19298245614034,Arthur Theate
Breel-Donald Embolo,Switzerland,FW,84.375,75.0,100.0,42.1875,71.875,21.875,68.75,25.0,71.875,81.25,71.875,Breel Embolo
Arda Güler,Turkey,FW,100.0,100.0,79.6875,17.1875,9.375,68.75,81.25,12.5,100.0,28.125,25.0,Arda Güler
Memphis Depay,Netherlands,FW,90.625,96.875,62.5,42.1875,78.125,12.5,90.625,6.25,78.125,40.625,6.25,Memphis Depay
Georges Mikautadze,Georgia,FW,93.75,53.125,59.375,87.5,87.5,51.5625,75.0,71.875,28.125,18.75,65.625,Georges Mikautadze
Wout Weghorst,Netherlands,FW,96.875,71.875,43.75,68.75,100.0,78.125,93.75,90.625,53.125,34.375,96.875,Wout Weghorst
Denis Mihai Drăguş,Romania,FW,71.875,59.375,65.625,90.625,90.625,73.4375,87.5,46.875,15.625,21.875,56.25,Denis Drăguș
Kacper Urbanski,Poland,FW,37.5,78.125,93.75,51.5625,6.25,28.125,18.75,3.125,65.625,12.5,34.375,Kacper Urbański
Khvicha Kvaratskhelia,Georgia,FW,81.25,84.375,51.5625,25.0,53.125,93.75,50.0,100.0,31.25,15.625,43.75,Khvicha Kvaratskhelia
Che Adams,Scotland,FW,78.125,21.875,96.875,81.25,40.625,81.25,25.0,68.75,18.75,50.0,50.0,Ché Adams
Romelu Lukaku Menama,Belgium,FW,40.625,62.5,87.5,71.875,75.0,51.5625,59.375,75.0,59.375,93.75,9.375,Romelu Lukaku
Gianluca Scamacca,Italy,FW,34.375,81.25,71.875,56.25,50.0,98.4375,40.625,78.125,56.25,78.125,75.0,Gianluca Scamacca
Marko Arnautović,Austria,FW,59.375,93.75,37.5,34.375,62.5,62.5,46.875,84.375,37.5,59.375,28.125,Marko Arnautovic
Harry Kane,England,FW,75.0,87.5,6.25,31.25,28.125,6.25,21.875,18.75,50.0,84.375,3.125,Harry Kane
Michael Gregoritsch,Austria,FW,87.5,46.875,68.75,46.875,93.75,37.5,100.0,40.625,90.625,90.625,93.75,Michael Gregoritsch
Aleksandar Mitrović,Serbia,FW,28.125,65.625,84.375,62.5,65.625,59.375,71.875,50.0,46.875,31.25,37.5,Aleksandar Mitrović
Randal Kolo Muani,France,FW,68.75,68.75,3.125,51.5625,25.0,17.1875,28.125,28.125,75.0,87.5,59.375,Randal Kolo Muani
Marcus Thuram,France,FW,56.25,50.0,37.5,62.5,35.9375,73.4375,43.75,81.25,87.5,75.0,53.125,Marcus Thuram
Mikel Oyarzabal Ugarte,Spain,FW,65.625,43.75,75.0,3.125,46.875,31.25,84.375,9.375,81.25,37.5,84.375,Mikel Oyarzabal
Róbert Boženík,Slovakia,FW,9.375,56.25,37.5,81.25,3.125,40.625,3.125,65.625,34.375,25.0,78.125,Róbert Boženík
David Strelec,Slovakia,FW,6.25,28.125,51.5625,100.0,57.8125,84.375,56.25,59.375,40.625,43.75,15.625,David Strelec
Andraž Šporar,Slovenia,FW,21.875,90.625,17.1875,9.375,15.625,65.625,15.625,37.5,25.0,56.25,31.25,Andraz Sporar
Benjamin Šeško,Slovenia,FW,51.5625,15.625,21.875,95.3125,31.25,25.0,37.5,21.875,12.5,6.25,21.875,Benjamin Sesko
Cristiano Ronaldo dos Santos Aveiro,Portugal,FW,62.5,25.0,56.25,21.875,43.75,87.5,53.125,62.5,68.75,53.125,62.5,Cristiano Ronaldo
Niclas Füllkrug,Germany,FW,51.5625,6.25,90.625,28.125,96.875,17.1875,96.875,31.25,96.875,96.875,12.5,Niclas Füllkrug
Kai Havertz,Germany,FW,43.75,37.5,46.875,17.1875,18.75,90.625,62.5,34.375,93.75,62.5,68.75,Kai Havertz
Álvaro Borja Morata Martín,Spain,FW,31.25,40.625,28.125,37.5,35.9375,34.375,65.625,15.625,84.375,65.625,81.25,Álvaro Morata
Adam Buksa,Poland,FW,18.75,18.75,25.0,81.25,57.8125,3.125,6.25,87.5,3.125,46.875,87.5,Adam Buksa
Barnabás Varga,Hungary,FW,25.0,31.25,12.5,62.5,12.5,46.875,12.5,56.25,9.375,9.375,18.75,Barnabás Varga
Rasmus Winther Højlund,Denmark,FW,15.625,34.375,79.6875,6.25,81.25,43.75,78.125,43.75,62.5,68.75,90.625,Rasmus Højlund
Mateo Retegui,Italy,FW,12.5,3.125,31.25,95.3125,68.75,56.25,31.25,96.875,21.875,71.875,46.875,Mateo Retegui
Rey Manaj,Albania,FW,3.125,12.5,9.375,75.0,84.375,98.4375,34.375,93.75,6.25,3.125,100.0,Rey Manaj
Artem Dovbyk,Ukraine,FW,46.875,9.375,17.1875,12.5,21.875,9.375,9.375,53.125,43.75,100.0,40.625,Artem Dovbyk
Bryan Cristante,Italy,MID,75.38461538461539,92.3076923076923,93.84615384615384,55.38461538461539,9.230769230769232,24.615384615384617,55.38461538461539,3.076923076923077,73.84615384615385,36.92307692307693,69.23076923076923,Bryan Cristante
Vitor Machado Ferreira,Portugal,MID,87.6923076923077,90.76923076923077,44.61538461538462,69.23076923076923,56.92307692307692,81.53846153846153,93.84615384615384,43.07692307692308,92.3076923076923,67.6923076923077,12.307692307692308,Vitinha
Bruno Miguel Borges Fernandes,Portugal,MID,93.84615384615384,98.46153846153847,26.153846153846157,61.53846153846154,61.53846153846154,15.384615384615385,75.38461538461539,16.923076923076923,64.61538461538461,83.07692307692308,7.6923076923076925,Bruno Fernandes
Youri Tielemans,Belgium,MID,92.3076923076923,95.38461538461539,83.07692307692308,18.461538461538463,90.76923076923077,55.38461538461539,90.76923076923077,52.307692307692314,76.92307692307693,72.3076923076923,43.07692307692308,Youri Tielemans
Mateo Kovačić,Croatia,MID,95.38461538461539,63.07692307692307,56.15384615384615,64.61538461538461,52.307692307692314,89.23076923076924,87.6923076923077,41.53846153846154,90.76923076923077,87.6923076923077,58.46153846153847,Mateo Kovacic
Fabián Ruiz Peña,Spain,MID,80.0,76.92307692307693,72.3076923076923,60.0,20.0,30.76923076923077,50.76923076923077,18.461538461538463,87.6923076923077,81.53846153846153,55.38461538461539,Fabián Ruiz
Tomáš Souček,Czech Republic,MID,69.23076923076923,83.07692307692308,41.53846153846154,76.92307692307693,78.46153846153847,98.46153846153847,15.384615384615385,93.07692307692308,13.846153846153847,80.0,21.53846153846154,Tomáš Souček
Robert Andrich,Germany,MID,86.15384615384616,72.3076923076923,100.0,10.76923076923077,30.76923076923077,43.84615384615385,52.307692307692314,7.6923076923076925,93.84615384615384,58.46153846153847,96.92307692307692,Robert Andrich
Granit Xhaka,Switzerland,MID,90.76923076923077,33.84615384615385,96.92307692307692,57.692307692307686,18.461538461538463,46.15384615384615,58.46153846153847,9.230769230769232,83.07692307692308,69.23076923076923,38.46153846153847,Granit Xhaka
Morten Hjulmand,Denmark,MID,44.61538461538462,58.46153846153847,92.3076923076923,83.84615384615385,23.846153846153847,33.84615384615385,76.92307692307693,12.307692307692308,98.46153846153847,73.84615384615385,73.84615384615385,Morten Hjulmand
Mikel Merino Zazón,Spain,MID,35.38461538461539,75.38461538461539,84.61538461538461,78.46153846153847,60.0,76.92307692307693,83.07692307692308,69.23076923076923,56.92307692307692,75.38461538461539,3.076923076923077,Mikel Merino
Qazim Laçi,Albania,MID,29.230769230769234,84.61538461538461,53.84615384615385,90.76923076923077,100.0,93.84615384615384,60.0,100.0,1.5384615384615385,23.076923076923077,1.5384615384615385,Qazim Laci
Giorgi Kochorashvili,Georgia,MID,60.0,16.923076923076923,90.76923076923077,100.0,95.38461538461539,36.92307692307693,86.15384615384616,75.38461538461539,15.384615384615385,1.5384615384615385,30.76923076923077,Giorgi Kochorashvili
Trent Alexander-Arnold,England,MID,100.0,100.0,6.923076923076923,12.307692307692308,41.53846153846154,58.46153846153847,41.53846153846154,26.153846153846157,67.6923076923077,33.84615384615385,53.84615384615385,Trent Alexander-Arnold
Pierre-Emile Højbjerg,Denmark,MID,84.61538461538461,73.84615384615385,56.15384615384615,30.76923076923077,33.84615384615385,18.461538461538463,70.76923076923077,29.230769230769234,89.23076923076924,44.61538461538462,87.6923076923077,Pierre-Emile Højbjerg
Kobbie Mainoo,England,MID,43.07692307692308,56.92307692307692,87.6923076923077,80.0,36.15384615384615,50.76923076923077,35.38461538461539,76.92307692307693,60.0,96.92307692307692,47.69230769230769,Kobbie Mainoo
Florian Grillitsch,Austria,MID,89.23076923076924,78.46153846153847,73.84615384615385,4.615384615384616,15.384615384615385,27.692307692307693,40.0,15.384615384615385,80.0,84.61538461538461,26.153846153846157,Florian Grillitsch
Luka Modrić,Croatia,MID,98.46153846153847,96.92307692307692,1.5384615384615385,20.76923076923077,75.38461538461539,35.38461538461539,96.92307692307692,4.615384615384616,95.38461538461539,92.3076923076923,67.6923076923077,Luka Modrić
Nicolò Barella,Italy,MID,72.3076923076923,87.6923076923077,33.84615384615385,36.92307692307693,6.153846153846154,72.3076923076923,26.153846153846157,13.846153846153847,81.53846153846153,64.61538461538461,84.61538461538461,Nicolò Barella
Martín Zubimendi Ibáñez,Spain,MID,83.07692307692308,64.61538461538461,43.07692307692308,47.69230769230769,86.15384615384616,95.38461538461539,95.38461538461539,32.30769230769231,72.3076923076923,41.53846153846154,60.0,Martín Zubimendi
Adrien Rabiot,France,MID,70.76923076923077,67.6923076923077,52.307692307692314,44.61538461538462,80.0,80.0,80.0,67.6923076923077,70.76923076923077,95.38461538461539,95.38461538461539,Adrien Rabiot
Toni Kroos,Germany,MID,96.92307692307692,89.23076923076924,23.076923076923077,6.153846153846154,64.61538461538461,84.61538461538461,98.46153846153847,53.84615384615385,96.92307692307692,43.07692307692308,27.692307692307693,Toni Kroos
Rodrigo Hernández Cascante,Spain,MID,64.61538461538461,35.38461538461539,89.23076923076924,67.6923076923077,50.76923076923077,75.38461538461539,81.53846153846153,21.53846153846154,86.15384615384616,61.53846153846154,80.0,Rodri
Jorge Luiz Frello Filho,Italy,MID,78.46153846153847,29.230769230769234,98.46153846153847,50.76923076923077,7.6923076923076925,60.0,73.84615384615385,1.5384615384615385,100.0,76.92307692307693,92.3076923076923,Jorginho
Ondrej Duda,Slovakia,MID,15.384615384615385,53.84615384615385,81.53846153846153,95.38461538461539,49.23076923076923,12.307692307692308,33.84615384615385,40.0,27.692307692307693,16.923076923076923,98.46153846153847,Ondrej Duda
Jakub Moder,Poland,MID,27.692307692307693,93.84615384615384,58.46153846153847,30.76923076923077,55.38461538461539,8.461538461538462,63.07692307692307,24.615384615384617,36.92307692307693,21.53846153846154,4.615384615384616,Jakub Moder
N'Golo Kanté,France,MID,51.53846153846153,44.61538461538462,63.07692307692307,81.53846153846153,84.61538461538461,23.076923076923077,89.23076923076924,56.92307692307692,69.23076923076923,90.76923076923077,78.46153846153847,N'Golo Kanté
Joey Veerman,Netherlands,MID,76.92307692307693,81.53846153846153,46.15384615384615,7.6923076923076925,89.23076923076924,86.15384615384616,92.3076923076923,38.46153846153847,66.15384615384615,70.76923076923077,16.923076923076923,Joey Veerman
Răzvan Gabriel Marin,Romania,MID,30.76923076923077,69.23076923076923,60.0,57.692307692307686,98.46153846153847,40.0,47.69230769230769,98.46153846153847,3.076923076923077,26.153846153846157,9.230769230769232,Răzvan Marin
Davide Frattesi,Italy,MID,6.153846153846154,80.0,47.69230769230769,72.3076923076923,58.46153846153847,49.23076923076923,16.923076923076923,66.15384615384615,38.46153846153847,100.0,100.0,Davide Frattesi
Juraj Kucka,Slovakia,MID,40.0,36.92307692307693,70.76923076923077,87.6923076923077,66.15384615384615,29.230769230769234,21.53846153846154,87.6923076923077,21.53846153846154,47.69230769230769,86.15384615384616,Juraj Kucka
Piotr Zieliński,Poland,MID,53.84615384615385,60.0,10.76923076923077,83.84615384615385,83.07692307692308,66.15384615384615,61.53846153846154,90.76923076923077,23.076923076923077,4.615384615384616,10.76923076923077,Piotr Zieliński
Aurélien Djani Tchouaméni,France,MID,81.53846153846153,86.15384615384616,15.384615384615385,9.230769230769232,38.46153846153847,78.46153846153847,67.6923076923077,27.692307692307693,78.46153846153847,60.0,41.53846153846154,Aurélien Tchouaméni
Anzor Mekvabishvili,Georgia,MID,49.23076923076923,41.53846153846154,67.6923076923077,63.07692307692307,81.53846153846153,100.0,49.23076923076923,93.07692307692308,24.615384615384617,12.307692307692308,20.0,Anzor Mekvabishvili
Amadou Onana,Belgium,MID,20.0,30.76923076923077,75.38461538461539,93.84615384615384,76.92307692307693,21.53846153846154,69.23076923076923,63.07692307692307,50.76923076923077,49.23076923076923,33.84615384615385,Amadou Onana
Tijjani Reijnders,Netherlands,MID,58.46153846153847,26.153846153846157,50.76923076923077,72.3076923076923,72.3076923076923,70.76923076923077,66.15384615384615,64.61538461538461,52.307692307692314,89.23076923076924,40.0,Tijjani Reijnders
Eduardo Camavinga,France,MID,61.53846153846154,70.76923076923077,35.38461538461539,13.846153846153847,10.76923076923077,69.23076923076923,20.0,60.0,55.38461538461539,98.46153846153847,44.61538461538462,Eduardo Camavinga
Hakan Çalhanoğlu,Turkey,MID,38.46153846153847,46.15384615384615,86.15384615384616,26.153846153846157,21.53846153846154,56.92307692307692,38.46153846153847,33.84615384615385,75.38461538461539,78.46153846153847,75.38461538461539,Hakan Çalhanoğlu
Kristjan Asllani,Albania,MID,73.84615384615385,55.38461538461539,38.46153846153847,16.923076923076923,87.6923076923077,47.69230769230769,84.61538461538461,73.84615384615385,29.230769230769234,6.153846153846154,18.461538461538463,Kristjan Asllani
Mykola Shaparenko,Ukraine,MID,67.6923076923077,52.307692307692314,20.0,35.38461538461539,40.0,16.923076923076923,32.30769230769231,55.38461538461539,44.61538461538462,40.0,56.92307692307692,Mykola Shaparenko
Declan Rice,England,MID,66.15384615384615,49.23076923076923,18.461538461538463,38.46153846153847,13.846153846153847,92.3076923076923,43.07692307692308,49.23076923076923,84.61538461538461,66.15384615384615,66.15384615384615,Declan Rice
Lukáš Provod,Czech Republic,MID,13.846153846153847,13.846153846153847,61.53846153846154,98.46153846153847,3.076923076923077,1.5384615384615385,1.5384615384615385,44.61538461538462,20.0,86.15384615384616,76.92307692307693,Lukas Provod
Nicolae Claudiu Stanciu,Romania,MID,46.92307692307692,47.69230769230769,13.846153846153847,72.3076923076923,67.6923076923077,4.615384615384616,9.230769230769232,78.46153846153847,9.230769230769232,55.38461538461539,90.76923076923077,Nicolae Stanciu
Konrad Laimer,Austria,MID,56.92307692307692,43.07692307692308,21.53846153846154,53.07692307692308,47.69230769230769,41.53846153846154,30.76923076923077,47.69230769230769,30.76923076923077,93.84615384615384,24.615384615384617,Konrad Laimer
Ádám Nagy,Hungary,MID,22.30769230769231,61.53846153846154,6.923076923076923,75.38461538461539,29.230769230769234,26.153846153846157,13.846153846153847,35.38461538461539,10.76923076923077,7.6923076923076925,49.23076923076923,Ádám Nagy
Salih Özcan,Turkey,MID,7.6923076923076925,3.076923076923077,80.0,96.92307692307692,4.615384615384616,96.92307692307692,3.076923076923077,96.92307692307692,26.153846153846157,27.692307692307693,35.38461538461539,Salih Özcan
Jerdy Schouten,Netherlands,MID,55.38461538461539,23.076923076923077,49.23076923076923,41.53846153846154,70.0,52.307692307692314,78.46153846153847,36.92307692307693,58.46153846153847,52.307692307692314,70.76923076923077,Jerdy Schouten
Saša Lukić,Serbia,MID,16.923076923076923,38.46153846153847,69.23076923076923,43.07692307692308,96.92307692307692,67.6923076923077,100.0,58.46153846153847,49.23076923076923,35.38461538461539,32.30769230769231,Saša Lukić
Timi Elšnik,Slovenia,MID,46.92307692307692,40.0,29.230769230769234,33.84615384615385,73.84615384615385,13.846153846153847,7.6923076923076925,89.23076923076924,4.615384615384616,63.07692307692307,81.53846153846153,Timi Max Elsnik
Billy Gilmour,Scotland,MID,63.07692307692307,9.230769230769232,64.61538461538461,27.692307692307693,36.15384615384615,87.6923076923077,36.92307692307693,86.15384615384616,40.0,9.230769230769232,46.15384615384615,Billy Gilmour
Giorgi Chakvetadze,Georgia,MID,33.84615384615385,10.76923076923077,40.0,86.15384615384616,93.84615384615384,63.84615384615384,56.92307692307692,95.38461538461539,6.153846153846154,18.461538461538463,6.153846153846154,Giorgi Chakvetadze
Ylber Ramadani,Albania,MID,3.076923076923077,6.153846153846154,76.92307692307693,92.3076923076923,27.692307692307693,73.84615384615385,10.76923076923077,83.07692307692308,7.6923076923076925,3.076923076923077,52.307692307692314,Ylber Ramadani
Stanislav Lobotka,Slovakia,MID,41.53846153846154,15.384615384615385,78.46153846153847,23.076923076923077,70.0,61.53846153846154,72.3076923076923,46.15384615384615,33.84615384615385,15.384615384615385,15.384615384615385,Stanislav Lobotka
Nicolas Seiwald,Austria,MID,32.30769230769231,50.76923076923077,9.230769230769232,30.76923076923077,63.07692307692307,20.0,64.61538461538461,6.153846153846154,47.69230769230769,56.92307692307692,61.53846153846154,Nicolas Seiwald
Volodymyr Brazhko,Ukraine,MID,1.5384615384615385,1.5384615384615385,95.38461538461539,66.15384615384615,16.923076923076923,6.153846153846154,18.461538461538463,30.76923076923077,35.38461538461539,13.846153846153847,63.07692307692307,Volodymyr Brazhko
Marius Mihai Marin,Romania,MID,18.461538461538463,18.461538461538463,12.307692307692308,89.23076923076924,92.3076923076923,3.076923076923077,12.307692307692308,84.61538461538461,12.307692307692308,24.615384615384617,89.23076923076924,Marius Marin
Marcelo Brozović,Croatia,MID,22.30769230769231,66.15384615384615,27.692307692307693,3.076923076923077,12.307692307692308,90.76923076923077,53.84615384615385,20.0,63.07692307692307,30.76923076923077,13.846153846153847,Marcelo Brozović
João Maria Lobo Alves Palhinha Gonçalves,Portugal,MID,36.92307692307693,21.53846153846154,16.923076923076923,47.69230769230769,1.5384615384615385,63.84615384615384,4.615384615384616,23.076923076923077,61.53846153846154,32.30769230769231,29.230769230769234,João Palhinha
Remo Freuler,Switzerland,MID,11.538461538461538,24.615384615384617,32.30769230769231,40.0,23.846153846153847,43.84615384615385,23.076923076923077,70.76923076923077,43.07692307692308,50.76923076923077,50.76923076923077,Remo Freuler
İsmail Yüksek,Turkey,MID,25.384615384615383,20.0,36.92307692307693,20.76923076923077,53.84615384615385,53.84615384615385,44.61538461538462,50.76923076923077,46.15384615384615,20.0,36.92307692307693,İsmail Yüksek
Ivan Ilić,Serbia,MID,25.384615384615383,32.30769230769231,24.615384615384617,15.384615384615385,32.30769230769231,10.76923076923077,46.15384615384615,10.76923076923077,53.84615384615385,46.15384615384615,93.84615384615384,Ivan Ilić
Kaan Ayhan,Turkey,MID,51.53846153846153,27.692307692307693,30.76923076923077,1.5384615384615385,43.07692307692308,83.07692307692308,27.692307692307693,80.76923076923077,41.53846153846154,53.84615384615385,64.61538461538461,Kaan Ayhan
András Schäfer,Hungary,MID,11.538461538461538,7.6923076923076925,66.15384615384615,24.615384615384617,46.15384615384615,32.30769230769231,24.615384615384617,61.53846153846154,16.923076923076923,10.76923076923077,83.07692307692308,András Schäfer
Adam Gnezda Čerin,Slovenia,MID,9.230769230769232,12.307692307692308,4.615384615384616,53.07692307692308,26.153846153846157,8.461538461538462,6.153846153846154,80.76923076923077,18.461538461538463,38.46153846153847,23.076923076923077,Adam Gnezda Cerin
Callum McGregor,Scotland,MID,4.615384615384616,4.615384615384616,3.076923076923077,47.69230769230769,44.61538461538462,38.46153846153847,29.230769230769234,72.3076923076923,32.30769230769231,29.230769230769234,72.3076923076923,Callum McGregor
Florian Wirtz,Germany,WIDE,86.48648648648648,54.054054054054056,100.0,67.56756756756756,27.027027027027028,86.48648648648648,97.2972972972973,13.513513513513514,97.2972972972973,67.56756756756756,70.27027027027027,Florian Wirtz
Romano Schmid,Austria,WIDE,56.75675675675676,72.97297297297297,86.48648648648648,85.13513513513513,81.08108108108108,24.324324324324326,78.37837837837837,40.54054054054054,48.64864864864865,18.91891891891892,2.7027027027027026,Romano Schmid
Cole Palmer,England,WIDE,89.1891891891892,81.08108108108108,67.56756756756756,28.37837837837838,83.78378378378379,89.1891891891892,100.0,43.24324324324324,59.45945945945946,43.24324324324324,45.94594594594595,Cole Palmer
Jeremy Doku,Belgium,WIDE,91.8918918918919,89.1891891891892,24.324324324324326,75.67567567567568,89.1891891891892,51.35135135135135,89.1891891891892,59.45945945945946,43.24324324324324,37.83783783783784,94.5945945945946,Jérémy Doku
Nicholas Williams Arthuer,Spain,WIDE,83.78378378378379,75.67567567567568,72.97297297297297,28.37837837837838,86.48648648648648,70.27027027027027,81.08108108108108,48.64864864864865,78.37837837837837,94.5945945945946,37.83783783783784,Nico Williams
Leandro Trossard,Belgium,WIDE,81.08108108108108,67.56756756756756,54.054054054054056,60.810810810810814,74.32432432432432,36.486486486486484,72.97297297297297,8.108108108108109,40.54054054054054,21.62162162162162,62.16216216216216,Leandro Trossard
Ousmane Dembélé,France,WIDE,68.91891891891892,97.2972972972973,37.83783783783784,43.24324324324324,45.94594594594595,5.405405405405405,56.75675675675676,10.81081081081081,51.35135135135135,59.45945945945946,89.1891891891892,Ousmane Dembélé
Francisco Fernandes Conceição,Portugal,WIDE,97.2972972972973,100.0,8.108108108108109,18.91891891891892,21.62162162162162,8.108108108108109,75.67567567567568,2.7027027027027026,100.0,86.48648648648648,40.54054054054054,Francisco Conceição
Mykhailo Mudryk,Ukraine,WIDE,51.35135135135135,94.5945945945946,63.51351351351351,16.216216216216218,97.2972972972973,18.91891891891892,59.45945945945946,83.78378378378379,35.13513513513514,91.8918918918919,64.86486486486487,Mykhaylo Mudryk
Barış Alper Yılmaz,Turkey,WIDE,35.13513513513514,45.94594594594595,89.1891891891892,81.08108108108108,10.81081081081081,10.81081081081081,5.405405405405405,81.08108108108108,10.81081081081081,45.94594594594595,100.0,Barış Alper Yılmaz
Lamine Yamal Nasraoui Ebana,Spain,WIDE,94.5945945945946,78.37837837837837,21.62162162162162,32.432432432432435,54.054054054054056,59.45945945945946,62.16216216216216,35.13513513513514,67.56756756756756,83.78378378378379,67.56756756756756,Lamine Yamal
Bukayo Saka,England,WIDE,100.0,70.27027027027027,32.432432432432435,21.62162162162162,70.27027027027027,81.08108108108108,67.56756756756756,51.35135135135135,62.16216216216216,62.16216216216216,75.67567567567568,Bukayo Saka
Jan Mlakar,Slovenia,WIDE,14.864864864864865,32.432432432432435,70.27027027027027,100.0,64.86486486486487,2.7027027027027026,13.513513513513514,62.16216216216216,5.405405405405405,5.405405405405405,13.513513513513514,Jan Mlakar
Federico Chiesa,Italy,WIDE,78.37837837837837,51.35135135135135,40.54054054054054,51.35135135135135,18.91891891891892,13.513513513513514,29.72972972972973,16.216216216216218,45.94594594594595,35.13513513513514,97.2972972972973,Federico Chiesa
Luka Sučić,Croatia,WIDE,64.86486486486487,48.64864864864865,63.51351351351351,36.486486486486484,8.108108108108109,91.8918918918919,48.64864864864865,27.027027027027028,91.8918918918919,51.35135135135135,24.324324324324326,Luka Sucic
Jamal Musiala,Germany,WIDE,10.81081081081081,43.24324324324324,97.2972972972973,72.97297297297297,62.16216216216216,48.64864864864865,70.27027027027027,21.62162162162162,86.48648648648648,70.27027027027027,78.37837837837837,Jamal Musiala
Lorenzo Pellegrini,Italy,WIDE,39.189189189189186,16.216216216216218,93.24324324324324,89.1891891891892,35.13513513513514,21.62162162162162,54.054054054054056,24.324324324324326,81.08108108108108,48.64864864864865,86.48648648648648,Lorenzo Pellegrini
Lovro Majer,Croatia,WIDE,39.189189189189186,35.13513513513514,78.37837837837837,60.810810810810814,37.83783783783784,43.24324324324324,91.8918918918919,5.405405405405405,72.97297297297297,13.513513513513514,10.81081081081081,Lovro Majer
Marcel Sabitzer,Austria,WIDE,2.7027027027027026,64.86486486486487,81.08108108108108,56.75675675675676,13.513513513513514,94.5945945945946,32.432432432432435,64.86486486486487,64.86486486486487,75.67567567567568,16.216216216216218,Marcel Sabitzer
Lukáš Haraslín,Slovakia,WIDE,32.432432432432435,56.75675675675676,51.35135135135135,45.94594594594595,78.37837837837837,98.64864864864865,24.324324324324326,100.0,16.216216216216218,32.432432432432435,48.64864864864865,Lukas Haraslin
Kylian Mbappé Lottin,France,WIDE,68.91891891891892,21.62162162162162,83.78378378378379,36.486486486486484,43.24324324324324,40.54054054054054,51.35135135135135,32.432432432432435,89.1891891891892,100.0,29.72972972972973,Kylian Mbappé
Andrej Kramarić,Croatia,WIDE,45.94594594594595,40.54054054054054,59.45945945945946,54.054054054054056,2.7027027027027026,29.72972972972973,2.7027027027027026,37.83783783783784,70.27027027027027,78.37837837837837,51.35135135135135,Andrej Kramaric
Donyell Malen,Netherlands,WIDE,59.45945945945946,29.72972972972973,43.24324324324324,78.37837837837837,59.45945945945946,32.432432432432435,35.13513513513514,75.67567567567568,37.83783783783784,72.97297297297297,54.054054054054056,Donyell Malen
Ferrán Torres García,Spain,WIDE,24.324324324324326,86.48648648648648,27.027027027027028,24.324324324324326,56.75675675675676,27.027027027027028,21.62162162162162,78.37837837837837,21.62162162162162,64.86486486486487,5.405405405405405,Ferran Torres
Jasir Asani,Albania,WIDE,51.35135135135135,24.324324324324326,29.72972972972973,93.24324324324324,31.08108108108108,54.054054054054056,10.81081081081081,94.5945945945946,2.7027027027027026,10.81081081081081,27.027027027027028,Jasir Asani
Rafael Alexandre Conceição Leão,Portugal,WIDE,74.32432432432432,91.8918918918919,5.405405405405405,5.405405405405405,91.8918918918919,56.75675675675676,86.48648648648648,56.75675675675676,56.75675675675676,54.054054054054056,83.78378378378379,Rafael Leão
Nedim Bajrami,Albania,WIDE,5.405405405405405,37.83783783783784,45.94594594594595,93.24324324324324,24.324324324324326,67.56756756756756,18.91891891891892,70.27027027027027,24.324324324324326,2.7027027027027026,72.97297297297297,Nedim Bajrami
Ianis Hagi,Romania,WIDE,8.108108108108109,59.45945945945946,18.91891891891892,85.13513513513513,31.08108108108108,45.94594594594595,27.027027027027028,45.94594594594595,29.72972972972973,27.027027027027028,59.45945945945946,Ianis Hagi
Cody Mathès Gakpo,Netherlands,WIDE,74.32432432432432,62.16216216216216,10.81081081081081,10.81081081081081,94.5945945945946,64.86486486486487,43.24324324324324,91.8918918918919,32.432432432432435,97.2972972972973,81.08108108108108,Cody Gakpo
Phil Foden,England,WIDE,27.027027027027028,10.81081081081081,75.67567567567568,67.56756756756756,40.54054054054054,78.37837837837837,94.5945945945946,29.72972972972973,94.5945945945946,40.54054054054054,18.91891891891892,Phil Foden
Dennis Man,Romania,WIDE,62.16216216216216,83.78378378378379,2.7027027027027026,8.108108108108109,74.32432432432432,36.486486486486484,37.83783783783784,67.56756756756756,13.513513513513514,56.75675675675676,21.62162162162162,Dennis Man
Kenan Yildiz,Turkey,WIDE,18.91891891891892,2.7027027027027026,48.64864864864865,97.2972972972973,51.35135135135135,62.16216216216216,45.94594594594595,72.97297297297297,75.67567567567568,81.08108108108108,56.75675675675676,Kenan Yıldız
Petar Stojanović,Slovenia,WIDE,14.864864864864865,18.91891891891892,56.75675675675676,67.56756756756756,67.56756756756756,16.216216216216218,40.54054054054054,54.054054054054056,27.027027027027028,24.324324324324326,35.13513513513514,Petar Stojanović
Patrick Wimmer,Austria,WIDE,21.62162162162162,5.405405405405405,93.24324324324324,13.513513513513514,100.0,98.64864864864865,83.78378378378379,97.2972972972973,8.108108108108109,8.108108108108109,91.8918918918919,Patrick Wimmer
Leroy Sané,Germany,WIDE,43.24324324324324,8.108108108108109,35.13513513513514,40.54054054054054,5.405405405405405,75.67567567567568,8.108108108108109,86.48648648648648,54.054054054054056,89.1891891891892,8.108108108108109,Leroy Sané
Ivan Schranz,Slovakia,WIDE,29.72972972972973,13.513513513513514,13.513513513513514,48.64864864864865,48.64864864864865,72.97297297297297,16.216216216216218,89.1891891891892,18.91891891891892,16.216216216216218,32.432432432432435,Ivan Schranz
Bernardo Mota Veiga de Carvalho e Silva,Portugal,WIDE,51.35135135135135,27.027027027027028,16.216216216216218,2.7027027027027026,16.216216216216218,83.78378378378379,64.86486486486487,18.91891891891892,83.78378378378379,29.72972972972973,43.24324324324324,Bernardo Silva
