player,team,urs_sum,off_ball_potential_sum,off_ball_captured_sum,xepv_mean,n_confident_candidates,n_received,receiver_conf_rate,primary_role,minutes_played,macro_role,urs_per90,off_ball_potential_per90,n_confident_per90,capitalization_rate,latency_rate,urs_pct_within_role,potential_pct_within_role,xepv_mean_pct_within_role,latency_pct_within_role
Pedro González López,Spain,5.722699490983334,6.786219434296543,1.0635199433132076,0.036485050722024424,186,36,0.1935483870967742,Center Attacking Midfield,185,CAM,2.7840159685864867,3.301404049117237,90.48648648648648,0.1567175882846252,0.8432824117153748,100.0,100.0,95.0,100.0
Jorge Luiz Frello Filho,Italy,3.4401739535267444,5.62311859624918,2.1829446427224353,0.01597476873934426,352,125,0.35511363636363635,Center Defensive Midfield,219,MID,1.4137701178877031,2.3108706559928134,144.65753424657532,0.38820889251358437,0.6117911074864156,100.0,100.0,76.9,92.3
Morten Hjulmand,Denmark,2.9259243252369,5.209583457307344,2.283659132070445,0.015597555261399235,334,130,0.38922155688622756,Right Defensive Midfield,244,MID,1.0792343822595123,1.9215676686789385,123.19672131147541,0.43835733716238234,0.5616426628376177,98.5,98.5,73.8,73.8
Luka Modrić,Croatia,2.441527280560414,4.38240352716811,1.9408762466076965,0.01692047693887301,259,105,0.40540540540540543,Right Center Midfield,240,MID,0.9155727302101552,1.643401322688041,97.125,0.44287940044213187,0.5571205995578681,96.9,95.4,92.3,67.7
Joshua Kimmich,Germany,4.568279908287559,7.567446289780012,2.999166381492452,0.01801772926138098,420,159,0.37857142857142856,Right Back,486,FB,0.8459777607939925,1.4013789425518541,77.77777777777777,0.39632476619528656,0.6036752338047134,100.0,100.0,89.5,68.4
Florian Wirtz,Germany,2.6809302200765313,4.343772398546248,1.6628421784697165,0.01930565510464999,225,78,0.3466666666666667,Left Wing,287,WIDE,0.8407098251111074,1.3621585918786143,70.55749128919861,0.38281061388626814,0.6171893861137319,100.0,97.3,67.6,70.3
Toni Kroos,Germany,4.441497800986297,8.864391479605644,4.422893678619348,0.013700759628447672,647,291,0.44976816074188564,Left Defensive Midfield,485,MID,0.8241954682242614,1.6449386250814595,120.06185567010309,0.4989506260858542,0.5010493739141457,95.4,96.9,43.1,27.7
Robert Andrich,Germany,2.9270965068676515,4.72173936762854,1.7946428607608889,0.014528428823472432,325,108,0.3323076923076923,Right Defensive Midfield,324,MID,0.8130823630187921,1.3115942687857056,90.27777777777779,0.3800808814363329,0.6199191185636671,93.8,93.8,58.5,96.9
Francisco Fernandes Conceição,Portugal,1.6212591528661051,2.8210922478899323,1.1998330950238272,0.021868932154185523,129,50,0.3875968992248062,Center Attacking Midfield,180,WIDE,0.8106295764330524,1.4105461239449664,64.5,0.4253079976102362,0.5746920023897638,97.3,100.0,86.5,40.5
José Diogo Dalot Teixeira,Portugal,1.3236940183711234,2.1842355835392513,0.8605415651681277,0.021002265226338954,104,41,0.3942307692307692,Right Center Back,152,FB,0.7837661950881653,1.2932973849903462,61.578947368421055,0.3939783655450477,0.6060216344549523,98.2,98.2,100.0,70.2
Maximilian Mittelstädt,Germany,2.6454285135215696,4.321503497166306,1.6760749836447366,0.017217145407037077,251,87,0.3466135458167331,Left Back,311,FB,0.7655580907297147,1.2505958673471624,72.63665594855306,0.38784533779592484,0.6121546622040752,96.5,96.5,86.0,78.9
Jonathan Tah,Germany,2.7080948960055595,4.809220421318829,2.1011255253132703,0.013433576595862652,358,145,0.40502793296089384,Left Center Back,324,CB,0.7522485822237666,1.3358945614774527,99.44444444444444,0.43689524314568223,0.5631047568543177,100.0,100.0,95.1,50.8
Pierre-Emile Højbjerg,Denmark,2.9495665373878017,4.9787337215542,2.0291671841663983,0.013753408070591711,362,131,0.36187845303867405,Left Defensive Midfield,362,MID,0.7333176474168568,1.237806726353254,90.0,0.40756692316795723,0.5924330768320427,92.3,89.2,44.6,87.7
Rodrigo Hernández Cascante,Spain,4.18565600152142,7.240734998889834,3.055078997368414,0.014657358297347841,494,182,0.3684210526315789,Right Defensive Midfield,532,MID,0.7080996995055033,1.2249363719926412,83.57142857142857,0.42192940327699135,0.5780705967230086,90.8,86.2,61.5,80.0
Nicolò Barella,Italy,2.6489329477747416,4.5247780417717545,1.8758450939970133,0.014786856345659329,306,119,0.3888888888888889,Left Center Midfield,345,MID,0.6910259863760195,1.1803768804621968,79.82608695652173,0.4145717373713416,0.5854282626286584,89.2,81.5,64.6,84.6
Mateo Kovačić,Croatia,1.7295900398878614,3.217558018590306,1.4879679787024447,0.016671285070416094,193,83,0.43005181347150256,Left Center Midfield,229,MID,0.6797515440607316,1.264542452721081,75.85152838427948,0.4624525712062719,0.5375474287937281,87.7,90.8,87.7,58.5
Giovanni Di Lorenzo,Italy,2.752574784080885,5.027467818514343,2.274893034433458,0.013888032647829677,362,155,0.4281767955801105,Right Back,369,FB,0.6713597034343622,1.2262116630522788,88.29268292682927,0.4524928088163689,0.5475071911836311,94.7,94.7,36.8,31.6
Fabián Ruiz Peña,Spain,4.098893715851683,7.674586114690657,3.5756923988389735,0.01636372305904191,469,200,0.42643923240938164,Left Defensive Midfield,559,MID,0.6599292207990187,1.2356220935995692,75.50983899821108,0.4659133854781302,0.5340866145218698,86.2,87.7,81.5,55.4
Declan Rice,England,5.0495443262748765,9.240515005149529,4.190970678874653,0.014832287327687847,623,249,0.3996789727126806,Left Defensive Midfield,691,MID,0.6576830526262502,1.2035403045780864,81.14327062228654,0.45354297639678304,0.5464570236032169,84.6,84.6,66.2,66.2
İlkay Gündoğan,Germany,2.783363448391283,4.877276894410473,2.09391344601919,0.019587457407270976,249,98,0.39357429718875503,Center Attacking Midfield,382,CAM,0.655766257474386,1.1490966505155564,58.66492146596858,0.4293201906208948,0.5706798093791052,95.0,95.0,65.0,45.0
Adrien Rabiot,France,2.707638740246219,4.370111381916608,1.662472641670389,0.01741080231839286,251,90,0.35856573705179284,Left Center Midfield,373,MID,0.6533176585044497,1.0544504674865811,60.56300268096515,0.38041882606234056,0.6195811739376594,83.1,70.8,95.4,95.4
Kieran Trippier,England,3.5766975638908796,6.183880029801032,2.6071824659101526,0.015937835128353176,388,155,0.39948453608247425,Left Back,498,FB,0.6463911260043759,1.117568680084524,70.12048192771084,0.4216094835840532,0.5783905164159469,93.0,93.0,77.2,54.4
Christian Dannemann Eriksen,Denmark,2.492017675584153,4.1248618993564055,1.632844223772252,0.018497138562136348,223,83,0.3721973094170404,Left Attacking Midfield,353,CAM,0.6353586141715971,1.0516645069180637,56.85552407932012,0.3958542767279122,0.6041457232720878,90.0,90.0,60.0,75.0
Hakan Çalhanoğlu,Turkey,2.484150909581466,4.380594269108154,1.8964433595266879,0.01598757032521224,274,118,0.4306569343065693,Right Defensive Midfield,361,MID,0.6193174012806978,1.092114914736105,68.31024930747922,0.4329191984065635,0.5670808015934365,81.5,75.4,78.5,75.4
Phil Foden,England,4.258813902604564,7.82222811412309,3.563414211518525,0.017460330611881895,448,187,0.4174107142857143,Left Wing,620,WIDE,0.6182149213458238,1.1354847262436742,65.03225806451613,0.45554976913607964,0.5444502308639203,94.6,94.6,40.5,18.9
Antonio Rüdiger,Germany,3.321346078102515,5.6173495997851255,2.2960035216826107,0.013063603720430524,430,165,0.38372093023255816,Right Center Back,488,CB,0.6125433340762835,1.0359866065177485,79.3032786885246,0.4087343115996265,0.5912656884003735,98.4,98.4,93.4,70.5
Vitor Machado Ferreira,Portugal,2.3799350186465213,5.014843175556206,2.6349081569096846,0.014969681121063302,335,161,0.48059701492537316,Right Defensive Midfield,353,MID,0.6067822993716343,1.2785719144477579,85.41076487252124,0.5254218456427487,0.47457815435725126,80.0,92.3,67.7,12.3
Granit Xhaka,Switzerland,3.2872530674053815,6.431521811593657,3.1442687441882753,0.015097469041299666,426,190,0.4460093896713615,Left Defensive Midfield,489,MID,0.6050159019764506,1.1837156708454584,78.40490797546012,0.4888840987090055,0.5111159012909945,78.5,83.1,69.2,38.5
Bryan Cristante,Italy,0.9397435701824285,1.6834926719648107,0.7437491017823822,0.013576553806167829,124,48,0.3870967741935484,Left Center Midfield,140,MID,0.6041208665458468,1.0822452891202354,79.71428571428571,0.4417893312920393,0.5582106687079607,76.9,73.8,36.9,69.2
Luka Sučić,Croatia,0.9922239964139902,1.8008060760496376,0.8085820796356475,0.018375572204588138,98,40,0.40816326530612246,Center Attacking Midfield,148,WIDE,0.6033794572787778,1.0950847759761309,59.5945945945946,0.44901119026064396,0.550988809739356,91.9,91.9,51.4,24.3
N'Golo Kanté,France,3.4531692151299747,6.0623885004157625,2.609219285285788,0.016746929559159567,362,150,0.4143646408839779,Right Center Midfield,519,MID,0.5988154708317875,1.051281242846664,62.77456647398844,0.4303946019142201,0.5696053980857799,75.4,69.2,90.8,78.5
Jamal Musiala,Germany,2.799852902670244,4.366086719859517,1.566233817189273,0.0194048298660423,225,76,0.3377777777777778,Right Wing,423,WIDE,0.5957133835468604,0.9289546212467058,47.87234042553192,0.3587271434772757,0.6412728565227244,89.2,86.5,70.3,78.4
Aurélien Djani Tchouaméni,France,3.123118137710847,6.08335230219643,2.960234164485583,0.014588374825411103,417,192,0.460431654676259,Center Defensive Midfield,476,MID,0.5905055302394459,1.1502136705833585,78.84453781512605,0.48661231791832493,0.5133876820816751,73.8,78.5,60.0,41.5
Lorenzo Pellegrini,Italy,1.3735112223331538,2.0917397519159824,0.7182285295828283,0.018189041321008542,115,45,0.391304347826087,Left Wing,213,WIDE,0.5803568545069664,0.8838336979926686,48.59154929577465,0.34336419190052136,0.6566358080994786,86.5,81.1,48.6,86.5
Jonas Older Wind,Denmark,1.2680938214724466,1.926438306959121,0.6583444854866743,0.01767374593540478,109,34,0.3119266055045872,Center Attacking Midfield,197,CAM,0.5793322027031482,0.8800987189153344,49.796954314720814,0.34174179526458326,0.6582582047354167,85.0,70.0,45.0,85.0
Florian Grillitsch,Austria,1.2580716600448616,2.5157253497081764,1.2576536896633148,0.01655082466913274,152,68,0.4473684210526316,Left Defensive Midfield,196,MID,0.5776859663471303,1.1551800075190606,69.79591836734694,0.499916928455327,0.500083071544673,72.3,80.0,84.6,26.2
Youri Tielemans,Belgium,0.9839123999027914,1.9065283640362516,0.92261596413346,0.015375228742227836,124,55,0.4435483870967742,Right Defensive Midfield,154,MID,0.5750137402029301,1.1142048880731341,72.46753246753246,0.48392459379949565,0.5160754062005044,70.8,76.9,72.3,43.1
Riccardo Calafiori,Italy,1.7686081877242776,2.791427171029194,1.0228189833049162,0.012032013668229284,232,78,0.33620689655172414,Left Center Back,277,CB,0.5746380393327978,0.906961896724287,75.37906137184116,0.3664143538904526,0.6335856461095474,96.7,95.1,83.6,93.4
Jules Koundé,France,3.703359031189874,6.009207325620778,2.3058482944309047,0.015608330715898126,385,137,0.35584415584415585,Right Back,583,FB,0.5717020802866014,0.9276649387750774,59.43396226415094,0.3837192111178657,0.6162807888821342,91.2,80.7,68.4,80.7
Martín Zubimendi Ibáñez,Spain,0.9063542807894334,1.6821066774775757,0.7757523966881423,0.013675664044533136,123,51,0.4146341463414634,Right Defensive Midfield,143,MID,0.5704327641332099,1.0586685382726,77.41258741258741,0.461179072097515,0.5388209279024849,69.2,72.3,41.5,60.0
Jude Bellingham,England,4.231523436574179,7.789500477040739,3.55797704046656,0.01766326638784748,441,203,0.4603174603174603,Center Attacking Midfield,668,CAM,0.5701154330713714,1.0494835972060876,59.41616766467065,0.4567657516619409,0.5432342483380591,80.0,85.0,40.0,40.0
Marc Cucurella Saseta,Spain,3.5089760339378686,6.424833485147386,2.9158574512095172,0.017364414824722663,370,153,0.4135135135135135,Left Back,555,FB,0.5690231406385733,1.04186488948336,60.0,0.45384171557912795,0.5461582844208721,89.5,89.5,87.7,29.8
Philipp Mwene,Austria,1.220239263013047,2.1420337951664012,0.9217945321533544,0.019125301742557155,112,44,0.39285714285714285,Left Back,194,FB,0.5660903797483208,0.9937270183761656,51.95876288659793,0.4303361292587571,0.5696638707412429,87.7,87.7,94.7,49.1
Theo Bernard François Hernández,France,3.6877945112081196,6.442714545254795,2.754920034046675,0.016999246821252756,379,158,0.41688654353562005,Left Back,587,FB,0.5654199420932381,0.9878097258482649,58.10902896081771,0.42760237392105727,0.5723976260789427,86.0,86.0,84.2,50.9
Matteo Darmian,Italy,0.9981826869915515,1.6685370681574776,0.6703543811659259,0.014765814762455554,113,39,0.34513274336283184,Left Back,159,FB,0.5650090681084254,0.9444549442400816,63.96226415094339,0.401761755227998,0.598238244772002,84.2,82.5,52.6,64.9
Nuno Mendes,Portugal,2.6280904026516287,4.918307348862616,2.290216946210987,0.013586484389123247,362,164,0.4530386740331492,Left Back,421,FB,0.5618245516357401,1.0514196232722932,77.38717339667458,0.46565144952574217,0.5343485504742578,82.5,91.2,35.1,24.6
Kylian Mbappé Lottin,France,2.911012137470558,5.245841850468435,2.334829712997877,0.025969514111229875,202,82,0.40594059405940597,Center Forward,469,WIDE,0.5586164016468022,1.0066647474246464,38.76332622601279,0.44508198675287647,0.5549180132471235,83.8,89.2,100.0,29.7
Kyle Walker,England,4.276557140682489,7.549149585400485,3.272592444717996,0.014163507664916484,533,220,0.41275797373358347,Right Back,690,FB,0.5578118009585855,0.9846716850522372,69.52173913043478,0.43350478192231817,0.5664952180776819,80.7,84.2,42.1,47.4
Trent Alexander-Arnold,England,0.8307635089405006,1.5556096824267045,0.7248461734862041,0.013410428296781936,116,49,0.4224137931034483,Right Defensive Midfield,135,MID,0.553842339293667,1.037073121617803,77.33333333333333,0.4659563267538074,0.5340436732461926,67.7,67.7,33.8,53.8
Rúben Santos Gato Alves Dias,Portugal,2.5597109950702626,4.271866800434028,1.7121558053637653,0.012310855332662903,347,138,0.3976945244956772,Right Center Back,422,CB,0.5459099278585868,0.9110616399029917,74.00473933649289,0.40079803171526973,0.5992019682847303,95.1,96.7,85.2,77.0
Bernardo Mota Veiga de Carvalho e Silva,Portugal,2.490356469697792,4.248787462279528,1.7584309925817359,0.016596826024529405,256,108,0.421875,Right Wing,422,WIDE,0.531118678371567,0.9061395061733589,54.59715639810427,0.4138665462071185,0.5861334537928815,81.1,83.8,29.7,43.2
Antoine Griezmann,France,2.345771556427367,4.47128154243818,2.1255099860108135,0.019872362410836356,225,92,0.4088888888888889,Center Attacking Midfield,405,CAM,0.5212825680949704,0.9936181205418178,50.0,0.47536930203052646,0.5246306979694735,75.0,80.0,75.0,20.0
Ivan Ilić,Serbia,1.1998265711661047,1.9568073905398617,0.756980819373757,0.013780333736196209,142,48,0.3380281690140845,Right Defensive Midfield,208,MID,0.5191557279084107,0.8466955055220556,61.44230769230769,0.386844828486116,0.613155171513884,66.2,53.8,46.2,93.8
Jerdy Schouten,Netherlands,2.9529097816353063,5.262350415118829,2.3094406334835225,0.014146103266448464,372,141,0.3790322580645161,Right Defensive Midfield,515,MID,0.5160424861110244,0.9196340531275622,65.00970873786407,0.4388610509190831,0.5611389490809169,64.6,58.5,52.3,70.8
Daniel Carvajal Ramos,Spain,2.7116149545294705,4.869656935271798,2.158041980742327,0.015313386588905024,318,130,0.4088050314465409,Right Back,475,FB,0.5137796755950576,0.9226718403672881,60.25263157894737,0.4431609884284131,0.5568390115715869,78.9,78.9,63.2,38.6
Ferdi Erenay Kadıoğlu,Turkey,2.6323901538404764,4.433275973568441,1.8008858197279642,0.015833128477030146,280,97,0.3464285714285714,Left Back,464,FB,0.5105929177707821,0.8599026672869822,54.310344827586206,0.4062201023498187,0.5937798976501814,77.2,77.2,73.7,59.6
Alessandro Bastoni,Italy,2.1115073838050726,3.756522321677808,1.6450149378727352,0.011113971365910674,338,123,0.363905325443787,Right Center Back,373,CB,0.5094789934114117,0.9063994878042968,81.5549597855228,0.4379090012003464,0.5620909987996536,93.4,93.4,62.3,47.5
Orkun Kökçü,Turkey,1.3033800787736836,2.2119845850109394,0.9086045062372556,0.017838585362991446,124,51,0.4112903225806452,Center Attacking Midfield,231,CAM,0.5078104203014352,0.8618121759782882,48.311688311688314,0.41076439338421616,0.5892356066157838,70.0,65.0,55.0,65.0
Joey Veerman,Netherlands,1.1392882785941996,2.3341947620172414,1.1949064834230416,0.015256174915145368,153,73,0.477124183006536,Left Defensive Midfield,204,MID,0.5026271817327351,1.0297918067723124,67.5,0.511913788372307,0.48808621162769295,63.1,66.2,70.8,16.9
Nicholas Williams Arthuer,Spain,2.7104271377272235,4.71814568909932,2.007718551372096,0.0235907284454966,200,74,0.37,Left Wing,492,WIDE,0.49580984226717506,0.8630754309328024,36.58536585365854,0.4255312751385945,0.5744687248614055,78.4,78.4,94.6,37.8
Kobbie Mainoo,England,2.0572528545579782,3.878626219243927,1.821373364685949,0.01771062200568003,219,95,0.4337899543378995,Right Defensive Midfield,376,MID,0.49242754497398417,0.9283945737551954,52.42021276595745,0.4695923921849306,0.5304076078150695,61.5,60.0,96.9,47.7
Arthur Theate,Belgium,1.3903824043802022,2.276927198546598,0.886544794166396,0.011499632315891909,198,70,0.35353535353535354,Left Back,255,FB,0.4907232015459538,0.803621364192917,69.88235294117648,0.38936018452074045,0.6106398154792596,75.4,68.4,10.5,77.2
Kenan Yildiz,Turkey,1.8504280843433945,3.0546550006928825,1.204226916349488,0.020922294525293716,146,55,0.3767123287671233,Left Wing,340,WIDE,0.4898191987967809,0.8085851472422336,38.647058823529406,0.3942268164739832,0.6057731835260167,75.7,75.7,81.1,56.8
Jannik Vestergaard,Denmark,1.9648339653095905,3.314414268857892,1.3495803035483016,0.011048047562859641,300,110,0.36666666666666664,Center Back,365,CB,0.4844796078845566,0.8172528334170144,73.97260273972603,0.4071851597517262,0.5928148402482738,91.8,88.5,60.7,73.8
Andreas Christensen,Denmark,1.8753960042229496,3.3782157879530708,1.5028197837301214,0.011608988962038044,291,119,0.40893470790378006,Left Center Back,349,CB,0.48362647673371195,0.8711731258331701,75.0429799426934,0.4448560654678339,0.555143934532166,90.2,91.8,70.5,41.0
João Pedro Cavaco Cancelo,Portugal,1.8322854806416977,3.115820667765595,1.2835351871238976,0.013972289989980248,223,84,0.37668161434977576,Right Back,341,FB,0.4835944083805067,0.822357360993852,58.85630498533724,0.41194129058921136,0.5880587094107886,73.7,73.7,40.4,57.9
Kevin De Bruyne,Belgium,2.014388401463747,3.710032630579581,1.6956442291158342,0.01686378468445264,220,96,0.43636363636363634,Center Attacking Midfield,375,CAM,0.4834532163512993,0.8904078313390994,52.8,0.4570429421939992,0.5429570578060008,65.0,75.0,30.0,35.0
João Maria Lobo Alves Palhinha Gonçalves,Portugal,1.562647830500146,3.117522107114397,1.554874276614251,0.013379923206499559,233,100,0.4291845493562232,Left Defensive Midfield,300,MID,0.4687943491500438,0.9352566321343191,69.89999999999999,0.4987532479933093,0.5012467520066908,60.0,61.5,32.3,29.2
Federico Dimarco,Italy,1.1954219396206323,1.786197350787213,0.5907754111665808,0.014521929681196854,123,41,0.3333333333333333,Left Back,230,FB,0.4677738024602474,0.6989467894384747,48.130434782608695,0.33074475835842787,0.6692552416415721,71.9,61.4,49.1,96.5
Joachim Andersen,Denmark,1.9132553549209255,3.529198744332313,1.6159433894113875,0.01180334028204787,299,127,0.42474916387959866,Right Center Back,369,CB,0.46664764754168914,0.8607801815444667,72.92682926829268,0.4578782625961482,0.5421217374038518,88.5,90.2,77.0,34.4
Andrej Kramarić,Croatia,1.2395960150072114,2.064963875014377,0.8253678600071657,0.020858220959741183,99,38,0.3838383838383838,Left Wing,241,WIDE,0.4629196736541453,0.7711483350676097,36.97095435684647,0.3997008712810626,0.6002991287189374,73.0,70.3,78.4,51.4
Marcelo Brozović,Croatia,1.1972745664742206,2.4881565242487924,1.2908819577745716,0.013305649862293007,187,87,0.46524064171123,Center Defensive Midfield,233,MID,0.4624665707411153,0.9610905029287181,72.23175965665236,0.5188105913731879,0.48118940862681214,58.5,63.1,30.8,13.8
Aymeric Laporte,Spain,2.736184255926647,4.809994521948799,2.0738102660221522,0.012964944803096495,371,144,0.3881401617250674,Left Center Back,533,CB,0.46201985559737,0.8121941969519549,62.64540337711069,0.43114607647867653,0.5688539235213235,86.9,86.9,90.2,55.7
Ivan Perišić,Croatia,0.7197039055304291,1.1858297902614472,0.4661258847310181,0.02044534121140426,58,21,0.3620689655172414,Left Back,142,FB,0.4561503626601311,0.7515822614333115,36.76056338028169,0.3930799247573705,0.6069200752426295,70.2,64.9,98.2,73.7
John Stones,England,3.4270402019957533,5.971352347550771,2.544312145555018,0.011395710586928951,524,209,0.3988549618320611,Right Center Back,686,CB,0.44961168830848075,0.7834135732938329,68.74635568513119,0.4260864202057347,0.5739135797942654,85.2,85.2,67.2,60.7
Alexander Hartmann Bah,Denmark,1.3993318223362807,2.6363575884677775,1.2370257661314967,0.0144063256200425,183,78,0.4262295081967213,Right Wing Back,281,FB,0.44818456943154894,0.8443849927476866,58.612099644128115,0.469217746311282,0.530782253688718,68.4,75.4,45.6,17.5
Josip Stanišić,Croatia,0.9297177343172376,1.6813334429545217,0.751615708637284,0.013033592581042804,129,54,0.4186046511627907,Right Back,187,FB,0.4474577330938577,0.8091979137214276,62.0855614973262,0.4470354835246172,0.5529645164753828,66.7,70.2,28.1,33.3
Lamine Yamal Nasraoui Ebana,Spain,2.5181666680361863,4.087072088232725,1.5689054201965391,0.02151090572754066,190,63,0.33157894736842103,Right Wing,507,WIDE,0.4470118345626366,0.7255157553075844,33.72781065088758,0.3838702587883502,0.6161297412116498,70.3,67.6,83.8,67.6
Joško Gvardiol,Croatia,1.4105144321475114,2.3957870798573393,0.985272647709828,0.014698080244523555,163,62,0.3803680981595092,Left Back,284,CB,0.4469940101875916,0.7592282999547907,51.65492957746479,0.41125217511753903,0.5887478248824609,83.6,82.0,98.4,67.2
Davide Frattesi,Italy,0.9146051791784491,1.4256931274947684,0.5110879483163193,0.018759120098615373,76,24,0.3157894736842105,Right Center Midfield,185,MID,0.4449430601408671,0.6935804404028603,36.972972972972975,0.35848384091912144,0.6415161590808786,56.9,38.5,100.0,100.0
Bukayo Saka,England,3.090534329135512,4.867574800375095,1.7770404712395835,0.019013964063965216,256,85,0.33203125,Right Wing,626,WIDE,0.4443260217606966,0.6998110735363555,36.80511182108626,0.36507717787976157,0.6349228221202384,67.6,62.2,62.2,75.7
Eduardo Camavinga,France,0.8706566711844629,1.672260158003462,0.8016034868189992,0.0179812920215426,93,43,0.46236559139784944,Left Center Midfield,177,MID,0.44270678195820146,0.8503017752559976,47.288135593220346,0.4793533368492414,0.5206466631507586,55.4,55.4,98.5,44.6
Bruno Miguel Borges Fernandes,Portugal,1.861294944510007,4.078621422104362,2.2173264775943555,0.01651263733645491,247,124,0.5020242914979757,Center Attacking Midfield,379,MID,0.4419961609654371,0.9685380685735953,58.65435356200528,0.5436460627547842,0.4563539372452158,53.8,64.6,83.1,7.7
Nicolas Seiwald,Austria,1.8609736102252352,3.440166460325714,1.5791928501004788,0.01451547029673297,237,100,0.4219409282700422,Right Defensive Midfield,379,MID,0.4419198546709002,0.8169260723728609,56.279683377308714,0.4590454759421616,0.5409545240578384,52.3,47.7,56.9,61.5
Tijjani Reijnders,Netherlands,2.4039671960078444,4.701840437634692,2.2978732416268475,0.01667319304125777,282,129,0.4574468085106383,Left Defensive Midfield,501,MID,0.4318503944924272,0.8446419947846753,50.65868263473054,0.4887178270096328,0.5112821729903672,50.8,52.3,89.2,40.0
Robin Aime Robert Le Normand,Spain,2.162150063505736,3.510295416826956,1.34814535332122,0.011980530432856504,293,102,0.34812286689419797,Right Center Back,451,CB,0.43147118783928207,0.7005024113401908,58.470066518847005,0.3840546715409618,0.6159453284590382,82.0,80.3,82.0,86.9
Victor Bernth Kristansen,Denmark,0.7667539892258178,1.3694721721136307,0.6027181828878129,0.018019370685705666,76,31,0.40789473684210525,Left Wing Back,160,FB,0.4312991189395225,0.7703280968139173,42.75,0.4401098431650372,0.5598901568349628,64.9,66.7,91.2,42.1
Amadou Onana,Belgium,1.7561842531819771,3.4431349133759035,1.6869506601939264,0.014111208661376653,244,106,0.4344262295081967,Left Defensive Midfield,368,MID,0.42950158365863567,0.8420710385973678,59.67391304347826,0.4899461399669395,0.5100538600330605,49.2,50.8,49.2,33.8
Marc Guehi,England,2.7168225279928246,4.500284742133374,1.7834622141405496,0.011451106214079833,393,156,0.3969465648854962,Left Center Back,579,CB,0.42230401989525773,0.6995261257202136,61.0880829015544,0.3962998601939783,0.6037001398060218,80.3,78.7,68.9,78.7
Saša Lukić,Serbia,0.9514923311918929,1.8777801023947032,0.9262877712028103,0.013412715017105023,140,62,0.44285714285714284,Left Defensive Midfield,205,MID,0.41772834052327007,0.8243912644659673,61.463414634146346,0.49328873493841485,0.5067112650615851,47.7,49.2,35.4,32.3
Dušan Tadić,Serbia,0.7419293430595267,1.3767214863657657,0.6347921433062389,0.01699656156007118,81,35,0.43209876543209874,Center Attacking Midfield,160,CAM,0.41733525547098377,0.7744058360807432,45.5625,0.46108973353931376,0.5389102664606862,60.0,60.0,35.0,30.0
Ruben Vargas,Switzerland,1.3816204767456484,2.303287813941065,0.9216673371954167,0.02113108086184463,109,41,0.3761467889908257,Left Attacking Midfield,304,CAM,0.40903237798390907,0.6818944186009731,32.26973684210526,0.40015291689421484,0.5998470831057852,55.0,50.0,80.0,70.0
Michael Gregoritsch,Austria,0.6122054581097811,0.9393539971071169,0.3271485389973358,0.024719842029134655,38,15,0.39473684210526316,Center Forward,135,FW,0.40813697207318744,0.6262359980714113,25.333333333333336,0.34826970450420114,0.6517302954957989,100.0,90.6,90.6,93.8
Michel Aebischer,Switzerland,2.2022235663074907,4.449432443230285,2.2472088769227945,0.01666454098588122,267,115,0.4307116104868914,Left Wing Back,487,FB,0.4069817679007683,0.8222770428967673,49.34291581108829,0.5050551740237957,0.49494482597620426,63.2,71.9,82.5,12.3
Mykola Shaparenko,Ukraine,0.9980091254462631,1.865448717686047,0.8674395922397841,0.013616413997708373,137,59,0.4306569343065693,Right Defensive Midfield,222,MID,0.4045982940998364,0.7562629936565056,55.54054054054054,0.4650031834248328,0.5349968165751672,46.2,44.6,40.0,56.9
Kaan Ayhan,Turkey,1.5971915329645388,2.9462800479014017,1.3490885149368628,0.014233236946383584,207,82,0.3961352657004831,Left Defensive Midfield,360,MID,0.39929788324113474,0.7365700119753503,51.74999999999999,0.45789554726740983,0.5421044527325902,44.6,41.5,53.8,64.6
Milos Veljkovic,Serbia,1.236092067765678,2.4202996487522483,1.1842075809865702,0.011864213964471806,204,95,0.46568627450980393,Right Center Back,280,CB,0.39731530749611077,0.7779534585275084,65.57142857142857,0.4892813919123906,0.5107186080876094,78.7,83.6,80.3,16.4
Rafael Alexandre Conceição Leão,Portugal,1.2319293590667426,1.8893849813101333,0.6574556222433908,0.01852338216970719,102,36,0.35294117647058826,Left Wing,281,WIDE,0.3945681221210207,0.6051410972167687,32.669039145907476,0.34797335045370126,0.6520266495462987,64.9,56.8,54.1,83.8
Scott McKenna,Scotland,0.6315010079727724,0.9827206672956815,0.3512196593229091,0.012762606068775086,77,28,0.36363636363636365,Left Center Back,145,CB,0.39196614287965187,0.609964552114561,47.79310344827586,0.35739521006454417,0.6426047899354559,77.0,70.5,86.9,95.1
Remo Freuler,Switzerland,1.9510416323092301,3.6691322143339065,1.7180905820246763,0.014112046978207332,260,104,0.4,Right Defensive Midfield,448,MID,0.391950327919265,0.7371024537724365,52.23214285714286,0.4682552935303745,0.5317447064696255,43.1,43.1,50.8,50.8
İsmail Yüksek,Turkey,0.6552778737490752,1.2823950570562879,0.6271171833072126,0.011985000533236334,107,44,0.411214953271028,Right Defensive Midfield,152,MID,0.38799347787774185,0.7593128627306969,63.35526315789474,0.48902027488061867,0.5109797251193813,41.5,46.2,20.0,36.9
Fabian Rieder,Switzerland,0.9690559114041519,1.6575810224469603,0.6885251110428083,0.021251038749320002,78,30,0.38461538461538464,Right Attacking Midfield,225,CAM,0.38762236456166077,0.6630324089787841,31.200000000000003,0.415379460622921,0.5846205393770789,50.0,40.0,90.0,60.0
Denzel Dumfries,Netherlands,1.9875298748265402,3.565837611896174,1.5783077370696335,0.016208352781346243,220,88,0.4,Right Back,462,FB,0.3871811444467286,0.6946436906291248,42.857142857142854,0.4426190726700958,0.5573809273299042,61.4,59.6,80.7,40.4
Lovro Majer,Croatia,0.6507968323818192,1.3025158594025283,0.651719027020709,0.015884339748811323,82,34,0.4146341463414634,Right Wing,152,WIDE,0.38534022969976134,0.7712264956988655,48.55263157894737,0.5003540051478962,0.4996459948521038,62.2,73.0,13.5,10.8
Andrija Živković,Serbia,1.045074564849356,1.9359069848292658,0.8908324199799097,0.015739081177473704,123,49,0.3983739837398374,Right Wing Back,245,FB,0.3839049421895594,0.7111495046311589,45.183673469387756,0.46016282133435,0.53983717866565,59.6,63.2,70.2,28.1
Cole Palmer,England,0.6437535397242772,1.0807308625495127,0.43697732282523544,0.017716899386057586,61,25,0.4098360655737705,Right Wing,152,WIDE,0.3811698590472694,0.6399064317727378,36.11842105263158,0.4043350088054099,0.5956649911945902,59.5,59.5,43.2,45.9
Kai Havertz,Germany,1.6811332900753189,2.781669200202368,1.100535910127049,0.020914806016559158,133,47,0.3533834586466165,Center Forward,397,FW,0.38111334031934185,0.6306051083582195,30.151133501259444,0.3956386726527311,0.6043613273472689,96.9,93.8,62.5,68.8
Arda Güler,Turkey,1.558956229584022,3.090277917469855,1.531321687885833,0.01643764849718008,188,83,0.44148936170212766,Center Forward,369,FW,0.38023322672781024,0.7537263213341111,45.853658536585364,0.4955287934554419,0.5044712065445581,93.8,100.0,28.1,25.0
Marcel Sabitzer,Austria,1.5848363715639973,2.9795194489423116,1.3946830773783145,0.020835800342253928,143,60,0.4195804195804196,Left Wing,379,WIDE,0.3763463679175719,0.7075376000126862,33.95778364116095,0.468089939091825,0.531910060908175,56.8,64.9,75.7,16.2
David Raum,Germany,0.6943153564826074,1.112951348309841,0.41863599182723354,0.013911891853873013,80,28,0.35,Left Back,167,FB,0.3741819286433214,0.5997941398076987,43.11377245508982,0.3761494089233872,0.6238505910766128,57.9,50.9,38.6,84.2
Wout Faes,Belgium,1.4812501521987564,2.4504244869553995,0.969174334756643,0.00984106219660803,249,91,0.3654618473895582,Right Center Back,360,CB,0.37031253804968917,0.6126061217388499,62.25,0.39551283457864134,0.6044871654213586,75.4,72.1,31.1,82.0
Billy Gilmour,Scotland,0.7451651273921955,1.4261623377646204,0.6809972103724249,0.010970479521266311,130,53,0.4076923076923077,Right Defensive Midfield,184,MID,0.3644829427461826,0.6975794043413904,63.58695652173913,0.47750329141339265,0.5224967085866074,40.0,40.0,9.2,46.2
Callum McGregor,Scotland,1.0184179569010638,1.8147212157614407,0.7963032588603769,0.013246140261032414,137,57,0.41605839416058393,Left Defensive Midfield,254,MID,0.3608567563822667,0.6430114544036601,48.54330708661418,0.4388019779259897,0.5611980220740103,38.5,32.3,29.2,72.3
Volodymyr Brazhko,Ukraine,0.7113529056966031,1.314249734654207,0.6028968289576038,0.011734372630841134,112,47,0.41964285714285715,Center Defensive Midfield,178,MID,0.3596728174870465,0.664508292802689,56.62921348314607,0.45873840645380254,0.5412615935461975,36.9,35.4,13.8,63.1
Ondrej Duda,Slovakia,1.2853446648988534,2.06988012681447,0.7845354619156164,0.011827886438939828,175,58,0.3314285714285714,Left Center Midfield,323,MID,0.3581455722628384,0.5767467845613075,48.76160990712074,0.37902458782625764,0.6209754121737423,35.4,27.7,16.9,98.5
Ricardo Iván Rodríguez Araya,Switzerland,1.9417544556036372,3.322934683946557,1.38118022834292,0.014703250813922819,226,87,0.38495575221238937,Left Center Back,488,CB,0.35811045287772003,0.612836314662275,41.68032786885246,0.41565073036660793,0.5843492696333921,73.8,73.8,100.0,65.6
Nikola Milenković,Serbia,1.1040823868526113,1.8071820422089426,0.7030996553563313,0.010210068035078772,177,64,0.3615819209039548,Center Back,279,CB,0.3561556086621327,0.5829619490996589,57.096774193548384,0.3890585668375297,0.6109414331624703,72.1,68.9,41.0,85.2
Marcus Thuram,France,1.0157180363186573,1.771314036433413,0.7555960001147558,0.021868074523869296,81,25,0.30864197530864196,Center Forward,258,FW,0.3543202452274386,0.6179002452674697,28.25581395348837,0.42657371001031985,0.5734262899896801,90.6,87.5,75.0,53.1
Georgiy Sudakov,Ukraine,1.027754564652452,1.790361732957506,0.7626071683050538,0.014796377958326496,121,50,0.4132231404958678,Center Attacking Midfield,262,CAM,0.3530454611401552,0.6150097555960898,41.56488549618321,0.4259514456027274,0.5740485543972726,45.0,35.0,20.0,50.0
Daniel Olmo Carvajal,Spain,1.6915947360702444,3.412827349905436,1.7212326138351917,0.017683043263758736,193,81,0.41968911917098445,Center Attacking Midfield,432,CAM,0.35241557001463425,0.7110056978969658,40.20833333333333,0.5043421296664434,0.49565787033355657,40.0,55.0,50.0,10.0
Mikel Merino Zazón,Spain,0.7618913594311666,1.9319382618780365,1.17004690244687,0.01583555952359046,122,64,0.5245901639344263,Center Attacking Midfield,195,MID,0.35164216589130765,0.8916638131744784,56.30769230769231,0.605633692098146,0.394366307901854,33.8,56.9,75.4,3.1
Joakim Mæhle,Denmark,1.1399440988579874,2.190236028535001,1.0502919296770137,0.014699570661308732,149,64,0.42953020134228187,Left Wing Back,292,FB,0.35135263320965365,0.6750727485210619,45.92465753424658,0.4795336739938161,0.5204663260061839,56.1,56.1,50.9,15.8
Oleksandr Zinchenko,Ukraine,0.8326668099680654,1.6556437510691158,0.8229769411010504,0.011659463035697998,142,59,0.4154929577464789,Left Back,215,FB,0.3485581995215158,0.6930601748661415,59.44186046511628,0.4970736854287772,0.5029263145712228,54.4,57.9,12.3,14.0
Kléper Laveran Lima Ferreira,Portugal,1.537274431404381,2.8962937347014854,1.3590193032971043,0.010807066174259274,268,123,0.458955223880597,Left Center Back,397,CB,0.34850050082215184,0.6565905192018481,60.755667506297236,0.4692270286726202,0.5307729713273798,70.5,77.0,54.1,26.2
Ousmane Dembélé,France,1.3770553115994097,2.096095508789099,0.7190401971896893,0.01871513847133124,112,36,0.32142857142857145,Right Wing,356,WIDE,0.3481319607976036,0.5299117859298283,28.314606741573034,0.3430378979272153,0.6569621020727847,54.1,51.4,59.5,89.2
Mikel Oyarzabal Ugarte,Spain,0.7860742031003928,1.2178931001141553,0.4318188970137625,0.018177508956927692,67,23,0.34328358208955223,Center Forward,205,FW,0.34510574770261143,0.534684775659873,29.414634146341463,0.3545622329031073,0.6454377670968927,87.5,81.2,37.5,84.4
Álvaro Borja Morata Martín,Spain,1.7205544175400296,2.6721108763484596,0.9515564588084298,0.02104024312085401,127,42,0.33070866141732286,Center Forward,449,FW,0.3448772774579124,0.5356124251032547,25.456570155902007,0.35610665232154126,0.6438933476784587,84.4,84.4,65.6,81.2
Andrew Robertson,Scotland,1.0168039125340753,1.6204743421156835,0.6036704295816081,0.015144620019772743,107,40,0.37383177570093457,Left Wing Back,267,FB,0.3427428918654186,0.5462273063311293,36.067415730337075,0.3725269903338666,0.6274730096661334,52.6,42.1,59.6,86.0
Mert Müldür,Turkey,1.322106502496617,1.9866014790753808,0.6644949765787638,0.014190010564824149,140,43,0.30714285714285716,Right Back,351,FB,0.3390016673068249,0.509384994634713,35.8974358974359,0.33448831261720297,0.6655116873827971,50.9,35.1,43.9,94.7
Nathan Aké,Netherlands,1.7831443058221164,3.342863618951928,1.5597193131298113,0.01337145447580771,250,97,0.388,Left Back,475,FB,0.3378589211031378,0.6333846856961548,47.368421052631575,0.46658179660312393,0.5334182033968761,49.1,54.4,31.6,22.8
Luke Shaw,England,0.6435362015845112,1.1129029777975732,0.469366776213062,0.01483870637063431,75,27,0.36,Left Back,174,FB,0.3328635525437127,0.5756394712746068,38.79310344827586,0.42174995087346734,0.5782500491265327,47.4,49.1,54.4,52.6
Federico Chiesa,Italy,0.9699989938701679,1.4409450236807522,0.47094602981058425,0.01715410742477086,84,25,0.2976190476190476,Right Wing,264,WIDE,0.3306814751830118,0.49123125807298373,28.636363636363637,0.32683136557673725,0.6731686344232628,51.4,45.9,35.1,97.3
Vladimír Coufal,Czech Republic,1.0170661722177163,1.6392866755116768,0.6222205032939605,0.016071437995212517,102,33,0.3235294117647059,Right Wing Back,279,FB,0.32808586200571493,0.5288021533908636,32.903225806451616,0.3795678404448352,0.6204321595551647,45.6,38.6,78.9,82.5
Alexander Prass,Austria,0.6440166140138898,1.100159749004594,0.4561431349907043,0.015279996513952695,72,28,0.3888888888888889,Left Back,177,FB,0.32746607492231683,0.5594032622057258,36.610169491525426,0.4146153641808973,0.5853846358191027,43.9,45.6,61.4,56.1
Mykola Matvienko,Ukraine,1.0075203283133665,1.9871229229063614,0.9796025945929949,0.010138382259726334,196,85,0.4336734693877551,Left Center Back,278,CB,0.3261756458568453,0.6433131764804767,63.453237410071935,0.492975338012925,0.5070246619870751,68.9,75.4,37.7,11.5
Stanislav Lobotka,Slovakia,1.4443480459539388,2.9611666233029066,1.5168185773489675,0.01179747658686417,251,108,0.4302788844621514,Center Defensive Midfield,402,MID,0.3233615028255087,0.6629477514857254,56.19402985074627,0.5122368209246858,0.4877631790753142,32.3,33.8,15.4,15.4
Mario Mitaj,Albania,1.0147602827449478,1.6961501265990833,0.6813898438541354,0.009582769076830979,177,59,0.3333333333333333,Left Back,283,FB,0.32271528426517776,0.5394117010385777,56.28975265017668,0.40172731951526985,0.5982726804847301,42.1,40.4,3.5,66.7
Konrad Laimer,Austria,0.9857919846629289,1.9745472725974134,0.9887552879344843,0.017021959246529425,116,52,0.4482758620689655,Left Defensive Midfield,277,MID,0.3202934246197242,0.6415496553565603,37.68953068592058,0.500750375367731,0.49924962463226896,30.8,30.8,93.8,24.6
Jeremy Doku,Belgium,1.134438525026087,1.7082545112742633,0.5738159862481761,0.017255096073477406,99,30,0.30303030303030304,Left Wing,321,WIDE,0.3180668761755384,0.4789498629740925,27.75700934579439,0.335907783331502,0.6640922166684979,48.6,43.2,37.8,94.6
Xavi Simons,Netherlands,1.6253467774570043,3.4484248625824043,1.8230780851254003,0.019818533693002325,174,80,0.45977011494252873,Center Attacking Midfield,461,CAM,0.3173128198939922,0.6732282811983002,33.96963123644252,0.5286698007855567,0.4713301992144433,35.0,45.0,70.0,5.0
Stefan de Vrij,Netherlands,1.9412386369632557,3.43269986922143,1.491461232258174,0.010497553116885107,327,133,0.40672782874617736,Right Center Back,553,CB,0.31593395538280833,0.5586672481553864,53.21880650994575,0.43448634867004904,0.565513651329951,67.2,67.2,47.5,54.1
David Jurásek,Czech Republic,0.5466286399181077,0.8958563250721477,0.34922768515404007,0.01866367343900308,48,19,0.3958333333333333,Left Wing Back,158,FB,0.31137074425715,0.5102979066866664,27.341772151898734,0.3898255505713096,0.6101744494286905,40.4,36.8,93.0,75.4
Stefan Posch,Austria,1.3067686518088653,2.359432300608325,1.0526636487994596,0.015835116111465267,149,62,0.4161073825503356,Right Back,381,FB,0.30868550830130675,0.5573462127421239,35.196850393700785,0.44615124092691905,0.553848759073081,38.6,43.9,75.4,35.1
Dayotchanculle Upamecano,France,2.0039761928703235,3.3188791580668653,1.3149029651965418,0.011727488191048994,283,105,0.3710247349823322,Right Center Back,585,CB,0.3083040296723575,0.5105967935487485,43.53846153846154,0.3961888645449894,0.6038111354550106,65.6,57.4,73.8,80.3
Kristjan Asllani,Albania,0.9659252883053897,1.9770281752902803,1.0111028869848906,0.010744718343968914,184,78,0.42391304347826086,Left Defensive Midfield,285,MID,0.30502903841222834,0.6243246869337727,58.10526315789474,0.5114256334947952,0.4885743665052048,29.2,29.2,6.2,18.5
Dan Ndoye,Switzerland,1.3744613697824941,2.1153363709407866,0.7408750011582923,0.019769498793839126,107,33,0.308411214953271,Right Wing Back,406,FB,0.3046835548778928,0.4689169295188936,23.7192118226601,0.3502398064610364,0.6497601935389636,36.8,33.3,96.5,89.5
Timothy Castagne,Belgium,1.231789762803793,2.320623891038507,1.0888341282347136,0.012892354950213927,180,82,0.45555555555555555,Right Back,365,FB,0.30372898260915443,0.5722086306670291,44.38356164383561,0.4691988789908766,0.5308011210091235,35.1,47.4,26.3,19.3
Josip Šutalo,Croatia,0.9649224901565441,1.722465533810592,0.757543043654048,0.010632503295127112,162,69,0.42592592592592593,Right Center Back,287,CB,0.3025889341954319,0.5401459862123809,50.801393728223,0.4398015686143476,0.5601984313856524,63.9,63.9,52.5,44.3
Jakub Moder,Poland,0.6373628974121556,1.4127755850775583,0.7754126876654027,0.012075005000662891,117,53,0.452991452991453,Left Center Midfield,191,MID,0.3003280668434241,0.665705773073195,55.13089005235602,0.5488576500441393,0.45114234995586067,27.7,36.9,21.5,4.6
Samet Akaydin,Turkey,1.140828833457522,1.8208480371934024,0.6800192037358804,0.010404845926819442,175,57,0.32571428571428573,Right Center Back,342,CB,0.30021811406776894,0.47917053610352695,46.05263157894737,0.37346290840615154,0.6265370915938484,62.3,52.5,45.9,90.2
Jan Vertonghen,Belgium,0.8882121096894905,1.5845938563862136,0.6963817466967231,0.009432106288013177,168,71,0.4226190476190476,Left Center Back,267,CB,0.29939734034477206,0.5341327605796226,56.62921348314607,0.43947017962373935,0.5605298203762606,60.7,60.7,26.2,45.9
Christoph Baumgartner,Austria,0.9929949471545496,1.8827212859970883,0.8897263388425387,0.021154171752776275,89,38,0.42696629213483145,Center Attacking Midfield,301,CAM,0.29690878818574573,0.5629399194011228,26.611295681063122,0.47257464259843435,0.5274253574015657,30.0,30.0,85.0,25.0
Grant Campbell Hanley,Scotland,0.7821583492705332,1.4429190791100641,0.6607607298395309,0.011272805305547376,128,49,0.3828125,Center Back,238,CB,0.29577416569053777,0.5456416685710327,48.403361344537814,0.4579333237779781,0.5420666762220219,59.0,65.6,65.6,32.8
Leroy Sané,Germany,0.6884354545426671,1.4021062658483436,0.7136708113056766,0.022255655013465773,63,27,0.42857142857142855,Right Wing,211,WIDE,0.29364545454426555,0.598054805338156,26.87203791469194,0.508999088506227,0.491000911493773,45.9,54.1,89.2,8.1
Juraj Kucka,Slovakia,1.1026045410815526,1.882180135267807,0.7795755941862544,0.01383955981814564,136,47,0.34558823529411764,Right Center Midfield,343,MID,0.2893131448902033,0.49386650779621755,35.68513119533528,0.4141875581294094,0.5858124418705906,26.2,21.5,47.7,86.2
William Saliba,France,1.8366933157776688,2.9054065379132323,1.0687132221355637,0.010963798256276348,265,89,0.33584905660377357,Left Center Back,583,CB,0.2835375616123331,0.4485190195749415,40.90909090909091,0.36783603540148707,0.6321639645985129,57.4,45.9,55.7,91.8
Nicușor Silviu Bancu,Romania,0.8369491370847014,1.379698249368883,0.5427491122841815,0.015502227520998686,89,37,0.4157303370786517,Left Back,267,FB,0.28211768665776454,0.46506682562996055,30.0,0.3933824751408157,0.6066175248591843,33.3,31.6,64.9,71.9
Jakub Piotr Kiwior,Poland,0.8694086871488832,1.5866789663380811,0.717270279189198,0.011840887808493144,134,61,0.4552238805970149,Left Center Back,279,CB,0.28045441520931713,0.5118319246251875,43.225806451612904,0.4520575960268738,0.5479424039731262,55.7,59.0,78.7,36.1
Salih Özcan,Turkey,0.4690579933874417,0.918957202190245,0.44989920880280326,0.013127960031289215,70,32,0.45714285714285713,Right Defensive Midfield,151,MID,0.27957098943622355,0.5477228357425301,41.72185430463576,0.48957580149599167,0.5104241985040083,24.6,26.2,27.7,35.4
Niclas Füllkrug,Germany,0.5141017605077013,1.1739310104623042,0.6598292499546029,0.03557366698370619,33,15,0.45454545454545453,Center Forward,167,FW,0.27706082901612644,0.6326574307880681,17.78443113772455,0.5620681659093036,0.43793183409069636,81.2,96.9,96.9,12.5
Leandro Trossard,Belgium,0.5123403126882636,0.8374182447963288,0.3250779321080652,0.016104197015314015,52,18,0.34615384615384615,Right Wing,167,WIDE,0.2761115457601421,0.4513032456986203,28.023952095808383,0.3881906492103339,0.611809350789666,43.2,40.5,21.6,62.2
Milan Škriniar,Slovakia,1.2005978711128489,2.345999149325818,1.145401278212969,0.0101999963014166,230,96,0.41739130434782606,Left Center Back,393,CB,0.27494607735408755,0.5372517135860652,52.67175572519084,0.4882360160028741,0.511763983997126,54.1,62.3,39.3,18.0
Illia Zabarnyi,Ukraine,0.8313106925974062,1.3294164857994932,0.4981057932020869,0.010226280659996102,130,44,0.3384615384615385,Right Center Back,277,CB,0.27010094705330884,0.4319403744474888,42.238267148014444,0.3746800182807518,0.6253199817192482,52.5,41.0,42.6,88.5
Lukáš Provod,Czech Republic,0.6883482918320808,1.2119082879994465,0.5235599961673656,0.016601483397252693,73,25,0.3424657534246575,Left Center Midfield,231,MID,0.2681876461683432,0.4721720602595246,28.441558441558442,0.4320128852585293,0.5679871147414707,23.1,20.0,86.2,76.9
Anzor Mekvabishvili,Georgia,0.5600341849058443,1.1412927118292508,0.5812585269234065,0.011645843998257662,98,46,0.46938775510204084,Center Defensive Midfield,188,MID,0.2681014714974787,0.546363532258684,46.91489361702128,0.5092983779698129,0.4907016220301871,21.5,24.6,12.3,20.0
Yannick Ferreira Carrasco,Belgium,0.6444944958671288,1.4863146602655155,0.8418201643983866,0.014863146602655156,100,52,0.52,Left Wing,217,FB,0.26730186464535294,0.6164438683128867,41.474654377880185,0.5663808525228458,0.43361914747715424,31.6,52.6,56.1,5.3
Virgil van Dijk,Netherlands,1.6418608234994836,2.6953020620880164,1.0534412385885326,0.00990919875767653,272,91,0.33455882352941174,Left Center Back,553,CB,0.2672106222693554,0.43865675513186525,44.26763110307414,0.39084348036763084,0.6091565196323692,50.8,42.6,34.4,83.6
Donyell Malen,Netherlands,0.5815014720019587,0.9676441079255625,0.38614263592360376,0.020588172509054523,47,18,0.3829787234042553,Right Wing,196,WIDE,0.2670159820417157,0.44432637608826847,21.581632653061224,0.3990543969222498,0.6009456030777502,40.5,37.8,73.0,54.1
Abdülkerim Bardakcı,Turkey,1.092046086505021,1.9882700592411742,0.8962239727361531,0.010984917454371128,181,69,0.3812154696132597,Left Center Back,369,CB,0.2663527040256149,0.4849439168880913,44.146341463414636,0.45075565493260916,0.5492443450673908,49.2,54.1,57.4,37.7
Maximilian Wöber,Austria,0.5385780446212377,0.9107383763602772,0.3721603317390395,0.013010548233718246,70,29,0.4142857142857143,Left Center Back,182,CB,0.2663298022852274,0.45036513116717003,34.61538461538462,0.4086358293436153,0.5913641706563847,47.5,47.5,91.8,72.1
Cody Mathès Gakpo,Netherlands,1.5936555797716665,2.469264062295214,0.8756084825235475,0.023973437498011785,103,32,0.3106796116504854,Left Wing,539,WIDE,0.266102044859833,0.4123075428693307,17.19851576994434,0.354603015486994,0.645396984513006,37.8,32.4,97.3,81.1
Mykhailo Mudryk,Ukraine,0.5172766949078116,0.839757667172288,0.3224809722644764,0.022696153166818594,37,10,0.2702702702702703,Left Midfield,176,WIDE,0.2645164917142218,0.42942153434946545,18.920454545454547,0.3840167049029336,0.6159832950970664,35.1,35.1,91.9,64.9
Breel-Donald Embolo,Switzerland,0.8844102695351821,1.4490910058779338,0.5646807363427518,0.02300144453774498,63,21,0.3333333333333333,Center Forward,302,FW,0.26356597436478935,0.4318483130099803,18.774834437086092,0.38967927759695065,0.6103207224030494,78.1,71.9,81.2,71.9
Kevin Danso,Austria,0.6449246894345516,1.1667012762744697,0.521776586839918,0.011784861376509794,99,39,0.3939393939393939,Right Center Back,222,CB,0.2614559551761696,0.4729870038950553,40.13513513513514,0.4472238073708669,0.552776192629133,45.9,49.2,75.4,39.3
Bendegúz Bolla,Hungary,0.5937247955922162,0.8933241911788689,0.2995993955866526,0.015141087986082522,59,20,0.3389830508474576,Right Wing Back,205,FB,0.2606596663575584,0.39219110832243026,25.90243902439024,0.33537588990094225,0.6646241100990578,29.8,22.8,57.9,93.0
Rasmus Winther Højlund,Denmark,0.8130721439514632,1.2483255457456568,0.4352534017941936,0.021158060097384013,59,17,0.288135593220339,Center Forward,284,FW,0.2576637075902524,0.39559612365179264,18.697183098591548,0.3486697867215443,0.6513302132784557,75.0,62.5,68.8,90.6
Randal Kolo Muani,France,0.5874751564029307,0.9948954638696402,0.40742030746670954,0.023687987234991433,42,15,0.35714285714285715,Center Forward,207,FW,0.25542398104475245,0.4325632451607131,18.26086956521739,0.4095106694748115,0.5904893305251885,71.9,75.0,87.5,59.4
Strahinja Pavlović,Serbia,0.7943247724045208,1.557325673882699,0.7630009014781782,0.011044862935338292,141,63,0.44680851063829785,Left Center Back,280,CB,0.25531867684431026,0.5005689666051533,45.32142857142857,0.48994305704591434,0.5100569429540857,44.3,55.7,59.0,14.8
Cristiano Ronaldo dos Santos Aveiro,Portugal,1.372627668290713,2.3215561044737534,0.9489284361830403,0.020364527232225905,114,42,0.3684210526315789,Center Forward,489,FW,0.25263085919460976,0.42728026462707114,20.981595092024538,0.4087467170637868,0.5912532829362132,68.8,68.8,53.1,62.5
Marin Pongracic,Croatia,0.5209718499508051,0.7881475452408131,0.26717569529000795,0.009272324061656624,85,24,0.2823529411764706,Left Center Back,188,CB,0.24940141752964076,0.3773046759131552,40.69148936170213,0.3389919779657174,0.6610080220342827,42.6,37.7,24.6,96.7
Ladislav Krejčí,Czech Republic,0.7493100086964601,1.2823516090586562,0.5330416003621959,0.014248351211762846,90,32,0.35555555555555557,Left Center Back,273,CB,0.24702527759223963,0.42275327771164495,29.67032967032967,0.4156750742906535,0.5843249257093466,41.0,39.3,96.7,63.9
Dominik Szoboszlai,Hungary,0.7790351981783271,1.5320583444309541,0.7530231462526271,0.01431830228440144,107,48,0.4485981308411215,Right Attacking Midfield,285,CAM,0.24601111521420857,0.48380789824135395,33.78947368421053,0.491510750220364,0.508489249779636,25.0,25.0,15.0,15.0
Dávid Hancko,Slovakia,1.0174652623173897,1.888997392641054,0.8715321303236644,0.01259331595094036,150,62,0.41333333333333333,Left Back,375,FB,0.2441916629561735,0.4533593742338529,36.0,0.4613728603961458,0.5386271396038542,28.1,29.8,22.8,26.3
Romano Schmid,Austria,0.4054740736482127,0.8835447676269358,0.4780706939787231,0.016064450320489743,55,23,0.41818181818181815,Right Wing,151,WIDE,0.2416732889293983,0.5266160866650611,32.78145695364238,0.5410825930900444,0.45891740690995564,32.4,48.6,18.9,2.7
András Schäfer,Hungary,0.7689749809387461,1.3204565761808378,0.5514815952420917,0.011096273749418805,119,42,0.35294117647058826,Left Defensive Midfield,287,MID,0.24114198008532106,0.41408045942953103,37.3170731707317,0.41764462776742295,0.582355372232577,20.0,16.9,10.8,83.1
Piotr Zieliński,Poland,0.6826278834536524,1.4781975056524888,0.7955696221988362,0.010558553611803492,140,58,0.4142857142857143,Left Center Midfield,256,MID,0.2399863652766747,0.5196788105809531,49.21875,0.5382025197286915,0.4617974802713085,18.5,23.1,4.6,10.8
Heorhii Tsitaishvili,Georgia,0.48988500855164835,0.7502585003958725,0.26037349184422415,0.013162429831506535,57,19,0.3333333333333333,Left Wing Back,188,FB,0.2345194189874912,0.3591663033810028,27.287234042553195,0.347045040751739,0.6529549592482611,26.3,19.3,29.8,91.2
Nicola Zalewski,Poland,0.640136585179426,1.1340796856807212,0.49394310050129525,0.01553533816000988,73,29,0.3972602739726027,Left Wing Back,250,FB,0.23044917066459336,0.40826868684505957,26.279999999999998,0.4355453207900557,0.5644546792099443,24.6,26.3,66.7,45.6
Manuel Obafemi Akanji,Switzerland,1.2106560866124108,2.351400857368957,1.1407447707565463,0.009676546738143856,243,92,0.3786008230452675,Center Back,477,CB,0.22842567671932276,0.44366053912621833,45.84905660377358,0.4851341136419228,0.5148658863580772,39.3,44.3,27.9,19.7
Ianis Hagi,Romania,0.4736719462564517,0.7777895216914423,0.30411757543499063,0.016203948368571714,48,18,0.375,Left Midfield,187,WIDE,0.2279704554175436,0.3743372029531006,23.10160427807487,0.39100240740403985,0.6089975925959601,29.7,29.7,27.0,59.5
Denis Vavro,Slovakia,0.9825882612337346,2.0460903695178945,1.06350210828416,0.011691944968673682,175,86,0.49142857142857144,Right Center Back,389,CB,0.227334045015517,0.47338851736917864,40.48843187660668,0.5197727940700613,0.4802272059299387,37.7,50.8,72.1,8.2
Jesús Navas González,Spain,0.3987900198222363,0.7068654461898726,0.30807542636763635,0.014425825432446379,49,20,0.40816326530612246,Right Back,159,FB,0.225730199899379,0.4001125167112486,27.735849056603772,0.43583319573508134,0.5641668042649186,22.8,24.6,47.4,43.9
Nedim Bajrami,Albania,0.6101219790099502,0.9787639892084692,0.36864201019851894,0.01193614620985938,82,27,0.32926829268292684,Center Attacking Midfield,247,WIDE,0.22231165227083208,0.35663465193830857,29.87854251012146,0.37664034870821245,0.6233596512917876,27.0,24.3,2.7,73.0
Marius Mihai Marin,Romania,0.7398658128924548,1.2338536167501857,0.4939878038577309,0.012463167845961472,99,32,0.32323232323232326,Center Defensive Midfield,303,MID,0.2197621226413232,0.3664911732921343,29.405940594059405,0.4003617586005318,0.5996382413994682,16.9,12.3,24.6,89.2
Nicolae Claudiu Stanciu,Romania,0.8609800035941031,1.4231690802904855,0.5621890766963824,0.01437544525545945,99,36,0.36363636363636365,Left Center Midfield,355,MID,0.21827662062949094,0.36080342880603855,25.098591549295776,0.39502620207405925,0.6049737979259407,15.4,9.2,55.4,90.8
Kacper Urbanski,Poland,0.3673643049178068,0.7008845275071172,0.33352022258931036,0.014017690550142342,50,22,0.44,Left Center Forward,154,FW,0.214693424951965,0.40960784075091267,29.22077922077922,0.47585616388988355,0.5241438361101165,65.6,65.6,12.5,34.4
Petar Stojanović,Slovenia,0.7358621192616202,1.294542064723739,0.5586799454621189,0.016181775809046735,80,29,0.3625,Right Midfield,315,WIDE,0.21024631978903432,0.3698691613496397,22.857142857142854,0.4315656946855131,0.5684343053144869,24.3,27.0,24.3,35.1
Oleksandr Tymchyk,Ukraine,0.46667798787550685,0.6624035114132851,0.19572552353777825,0.012266731692838614,54,13,0.24074074074074073,Right Back,200,FB,0.21000509454397806,0.2980815801359783,24.3,0.2954777868254108,0.7045222131745892,21.1,12.3,17.5,100.0
Adam Gnezda Čerin,Slovenia,0.9021085121001184,1.8074700826751786,0.9053615705750602,0.013590000621617884,133,58,0.43609022556390975,Right Defensive Midfield,390,MID,0.20817888740771964,0.4171084806173489,30.692307692307693,0.5008998927578726,0.4991001072421274,13.8,18.5,38.5,23.1
Gianluca Scamacca,Italy,0.56766246897807,0.9208952168463334,0.3532327478682633,0.021926076591579365,42,18,0.42857142857142855,Center Forward,248,FW,0.2060065411613964,0.33419584482326614,15.241935483870966,0.38357539642559146,0.6164246035744085,62.5,56.2,78.1,75.0
Lukáš Haraslín,Slovakia,0.5805826992913832,0.9683872764630541,0.38780457717167094,0.016696332352811278,58,20,0.3448275862068966,Left Wing,259,WIDE,0.20174688392364667,0.3365052312033779,20.154440154440152,0.4004643458225635,0.5995356541774365,21.6,16.2,32.4,48.6
Memphis Depay,Netherlands,1.0329503972669074,2.531617495462786,1.498667098195879,0.01847895982089625,137,65,0.4744525547445255,Center Forward,463,FW,0.20078949406916127,0.49210707255216146,26.630669546436287,0.5919800684273272,0.4080199315726728,59.4,78.1,40.6,6.2
Žan Karničnik,Slovenia,0.8710953202054059,1.5655986467781757,0.6945033265727698,0.012425386085541078,126,49,0.3888888888888889,Right Back,391,FB,0.20050787421607807,0.3603679749617284,29.002557544757032,0.4436024060202012,0.5563975939797988,19.3,21.1,21.1,36.8
Giorgi Kochorashvili,Georgia,0.8276235131594569,1.6429043753078563,0.8152808621483995,0.009496557082704372,173,66,0.3815028901734104,Left Center Midfield,373,MID,0.1996946814593864,0.39641124337186884,41.742627345844504,0.49624364899243006,0.50375635100757,12.3,15.4,1.5,30.8
Barış Alper Yılmaz,Turkey,1.033475184007061,1.4711613264252852,0.43768614241822407,0.017724835258135965,83,26,0.3132530120481928,Right Wing,468,WIDE,0.1987452276936656,0.28291563969717026,15.961538461538462,0.29751063636354536,0.7024893636364546,18.9,10.8,45.9,100.0
Elseid Hysaj,Albania,0.40407288583694634,0.6762824341953564,0.27220954835841005,0.012296044258097388,55,22,0.4,Right Back,183,FB,0.19872437008374408,0.33259791845673264,27.049180327868854,0.402508677727651,0.597491322272349,17.5,15.8,19.3,63.2
Philipp Lienhart,Austria,0.4648499447025313,0.8240045328227035,0.3591545881201722,0.011135196389495993,74,28,0.3783783783783784,Left Center Back,214,CB,0.1954976402954571,0.3465439624020715,31.121495327102803,0.435864820900748,0.5641351790992519,36.1,32.8,63.9,52.5
Timi Elšnik,Slovenia,0.7761187468609919,1.334944202490427,0.5588254556294351,0.014669716510883814,91,40,0.43956043956043955,Left Defensive Midfield,358,MID,0.19511365144550077,0.33560049783278895,22.877094972067038,0.41861334322955907,0.5813866567704409,10.8,4.6,63.1,81.5
Tomáš Holeš,Czech Republic,0.5860640768693709,1.0944303841424095,0.5083663072730387,0.012875651578145993,85,37,0.43529411764705883,Right Center Back,271,CB,0.19463382626658074,0.36346396521334634,28.22878228782288,0.4645031010093823,0.5354968989906177,34.4,36.1,88.5,27.9
Ivan Schranz,Slovakia,0.6992801109777144,1.2435490588284828,0.5442689478507684,0.015942936651647217,78,28,0.358974358974359,Right Wing,325,WIDE,0.1936467999630594,0.34436743167557987,21.599999999999998,0.4376738850685239,0.5623261149314761,16.2,18.9,16.2,32.4
Ádám Nagy,Hungary,0.35339533222770503,0.6658678726284635,0.31247254040075845,0.01091586676440104,61,26,0.4262295081967213,Right Defensive Midfield,165,MID,0.19276109030602093,0.3632006577973437,33.27272727272727,0.469271087021058,0.530728912978942,9.2,10.8,7.7,49.2
Peter Pekarík,Slovakia,0.8105998542136064,1.3620682799841626,0.5514684257705562,0.013485824554298639,101,36,0.3564356435643564,Right Back,379,FB,0.19249073055204374,0.3234462933999331,23.984168865435354,0.40487575687245897,0.595124243127541,15.8,14.0,33.3,61.4
Silvan Widmer,Switzerland,0.6217879883948835,1.360760148253756,0.7389721598588724,0.0158227924215553,86,42,0.4883720930232558,Right Wing Back,292,FB,0.19164698272445038,0.4194123744617741,26.506849315068493,0.5430583492669041,0.4569416507330959,14.0,28.1,71.9,8.8
Tomáš Souček,Czech Republic,0.5832952477747165,1.180023729786953,0.5967284820122365,0.016164708627218534,73,31,0.4246575342465753,Center Defensive Midfield,282,MID,0.18615805780044142,0.37660331801711266,23.29787234042553,0.5056919339410002,0.4943080660589998,7.7,13.8,80.0,21.5
Dennis Man,Romania,0.555299067676194,1.0099778825503385,0.4546788148741445,0.018703294121302564,54,22,0.4074074074074074,Right Midfield,271,WIDE,0.18441666454190944,0.3354170089650571,17.933579335793358,0.4501869028319863,0.5498130971680137,13.5,13.5,56.8,21.6
Patrick Wimmer,Austria,0.3051983788970363,0.4627141180606053,0.15751573916356904,0.013220403373160152,35,10,0.2857142857142857,Right Wing,149,WIDE,0.184348014098881,0.279491749164124,21.140939597315437,0.3404169724143536,0.6595830275856465,10.8,8.1,8.1,91.9
Ylber Ramadani,Albania,0.5507282477340565,1.03321189965132,0.4824836519172635,0.009566776848623334,108,42,0.3888888888888889,Right Defensive Midfield,271,MID,0.18289868005928078,0.34313310320523543,35.867158671586715,0.46697454034364894,0.5330254596563511,6.2,7.7,3.1,52.3
José Ignacio Fernández Iglesias,Spain,0.5441357984014474,0.9561087601914519,0.4119729617900045,0.008935595889639736,107,37,0.34579439252336447,Right Center Back,268,CB,0.1827321711049637,0.32108130006429353,35.93283582089552,0.43088504042940756,0.5691149595705924,32.8,31.1,23.0,57.4
Wout Weghorst,Netherlands,0.31977305411797946,0.48270415131341077,0.1629310971954313,0.017239433975478956,28,7,0.25,Center Forward,158,FW,0.18214920804188706,0.2749580608747277,15.949367088607595,0.3375382141465015,0.6624617858534985,56.2,53.1,34.4,96.9
Fabian Lukas Schär,Switzerland,0.9659787848810736,1.9001691824983429,0.9341903976172692,0.010615470293286832,179,82,0.4581005586592179,Right Center Back,478,CB,0.18187885070982557,0.3577724402193533,33.70292887029289,0.4916353797449738,0.5083646202550263,31.1,34.4,50.8,13.1
Luka Lochoshvili,Georgia,0.3330756499882543,0.49232826112349254,0.15925261113523825,0.010475069385606224,47,12,0.2553191489361702,Left Wing Back,166,FB,0.1805831837285716,0.2669249608500863,25.481927710843376,0.3234683517290354,0.6765316482709647,12.3,8.8,7.0,98.2
Roland Sallai,Hungary,0.5497753674214675,0.8121373061773801,0.2623619387559126,0.012689645409021564,64,21,0.328125,Left Attacking Midfield,283,CAM,0.17484022285488365,0.2582768818231951,20.353356890459363,0.32305120914936736,0.6769487908506326,20.0,20.0,10.0,90.0
Ferrán Torres García,Spain,0.2715823494742282,0.5751542609705755,0.3035719114963473,0.019171808699019185,30,13,0.43333333333333335,Right Wing,148,WIDE,0.16515142873432795,0.34975596950913374,18.243243243243246,0.5278095497094437,0.4721904502905563,8.1,21.6,64.9,5.4
Berat Djimsiti,Albania,0.5030313089049909,0.8823321000903527,0.37930079118536175,0.008403162858003358,105,41,0.3904761904761905,Left Center Back,278,CB,0.16285186259514095,0.2856470827630638,33.99280575539568,0.42988438383520283,0.5701156161647971,29.5,24.6,16.4,59.0
Romelu Lukaku Menama,Belgium,0.6214869985017024,1.5046618598709074,0.8831748613692051,0.03499213627606761,43,21,0.4883720930232558,Center Forward,352,FW,0.15890292575327616,0.3847146800806297,10.994318181818182,0.5869590270899651,0.41304097291003494,53.1,59.4,93.8,9.4
Giorgi Chakvetadze,Georgia,0.4232669893637688,0.9282484945151657,0.5049815051513968,0.011900621724553405,78,36,0.46153846153846156,Right Center Midfield,244,MID,0.15612306984729177,0.3423867397801841,28.77049180327869,0.5440154313583392,0.4559845686416608,4.6,6.2,18.5,6.2
Dušan Vlahović,Serbia,0.3080874071159031,0.4452644028183883,0.13717699570248518,0.04047858207439894,11,6,0.5454545454545454,Left Attacking Midfield,179,CAM,0.1549042829074373,0.2238759567243293,5.53072625698324,0.3080798618398338,0.6919201381601662,15.0,10.0,100.0,95.0
Jack Hendry,Scotland,0.4815111668757392,0.8952101787054181,0.41369901182967883,0.008366450268274934,107,36,0.3364485981308411,Right Center Back,280,CB,0.15477144649577332,0.28774612886959866,34.39285714285714,0.46212500893135233,0.5378749910686477,27.9,26.2,14.8,31.1
Merih Demiral,Turkey,0.3701473098514784,0.7317352459617606,0.3615879361102822,0.00975646994615681,75,27,0.36,Center Back,216,CB,0.15422804577144933,0.3048896858174003,31.25,0.4941513178513452,0.5058486821486547,26.2,29.5,29.5,9.8
Przemysław Frankowski,Poland,0.4604471780963125,1.0031002002910379,0.5426530221947253,0.010132325255465029,99,49,0.494949494949495,Right Wing Back,271,FB,0.15291603700615544,0.33313290784573213,32.87822878228782,0.5409758885874819,0.4590241114125181,10.5,17.5,5.3,10.5
Róbert Boženík,Slovakia,0.3477998087443057,0.5554161827536859,0.20761637400938018,0.016335770080990762,34,10,0.29411764705882354,Center Forward,208,FW,0.1504903018605169,0.24032430984534484,14.711538461538462,0.37380324962813194,0.6261967503718681,50.0,34.4,25.0,78.1
Arlind Afrim Ajeti,Albania,0.4487681599706729,0.7526005526782973,0.30383239270762435,0.008854124149156439,85,30,0.35294117647058826,Right Center Back,271,CB,0.14903739630022347,0.2499411429558921,28.22878228782288,0.4037100313391598,0.5962899686608403,24.6,21.3,21.3,75.4
Lasha Dvali,Georgia,0.6007684408644243,0.8530801651189308,0.2523117242545066,0.007229492924736702,118,29,0.2457627118644068,Left Center Back,368,CB,0.1469270643418429,0.20863373603452112,28.85869565217391,0.2957655500281512,0.7042344499718488,23.0,16.4,11.5,98.4
Willi Orban,Hungary,0.43892073415862937,0.7883187368287131,0.34939800267008375,0.00856868192205123,92,34,0.3695652173913043,Center Back,281,CB,0.14057959457037952,0.25248642816578004,29.466192170818506,0.4432192035364515,0.5567807964635485,21.3,23.0,19.7,42.6
Aleksandar Mitrović,Serbia,0.3776627120170869,0.6999965523194371,0.3223338403023503,0.01707308664193749,41,16,0.3902439024390244,Center Forward,245,FW,0.13873324114913396,0.2571415906479565,15.061224489795919,0.46047918269639726,0.5395208173036028,46.9,46.9,31.2,37.5
John McGinn,Scotland,0.3505566547466054,0.6050748370185823,0.2545181822719769,0.015126870925464558,40,14,0.35,Left Center Forward,228,CAM,0.13837762687366,0.23884533040207198,15.789473684210526,0.4206391783305318,0.5793608216694681,10.0,15.0,25.0,55.0
Scott McTominay,Scotland,0.4196400451252861,0.6665261780431715,0.24688613291788544,0.012343077371169842,54,19,0.35185185185185186,Center Attacking Midfield,275,CAM,0.1373367420410027,0.21813584008685613,17.672727272727272,0.37040725638520144,0.6295927436147986,5.0,5.0,5.0,80.0
Artem Dovbyk,Ukraine,0.3735920052670383,0.6862958592647256,0.3127038539976873,0.038127547736929196,18,6,0.3333333333333333,Center Forward,247,FW,0.1361266415952771,0.2500673171409931,6.558704453441295,0.45564001265096915,0.5443599873490308,43.8,43.8,100.0,40.6
Răzvan Gabriel Marin,Romania,0.5368777726878978,1.1675389084231844,0.6306611357352866,0.012972654538035382,90,43,0.4777777777777778,Right Center Midfield,359,MID,0.13459331348721673,0.2926977764849209,22.56267409470752,0.5401628426987704,0.45983715730122965,3.1,3.1,26.2,9.2
Georges Mikautadze,Georgia,0.5203172902937467,0.8734751287375203,0.3531578384437736,0.015597770156027148,56,22,0.39285714285714285,Right Center Forward,350,FW,0.13379587464696344,0.22460789024679093,14.4,0.4043135595105166,0.5956864404894834,40.6,28.1,18.8,65.6
Andrei Florin Ratiu,Romania,0.5209150453360046,0.8081944878809971,0.2872794425449925,0.011885213057073487,68,20,0.29411764705882354,Right Back,360,FB,0.13022876133400116,0.20204862197024925,17.0,0.3554583047184715,0.6445416952815285,8.8,1.8,15.8,87.7
Milos Kerkez,Hungary,0.32972597054369757,0.6205486780736794,0.29082270752998185,0.011708465624031687,53,24,0.4528301886792453,Left Wing Back,233,FB,0.12736196287095614,0.23969691427738687,20.472103004291846,0.46865414077225975,0.5313458592277402,7.0,3.5,14.0,21.1
Attila Fiola,Hungary,0.24943376912217005,0.4432292947070238,0.19379552558485377,0.008058714449218615,55,19,0.34545454545454546,Right Center Back,178,CB,0.12611819787076012,0.2241046995709671,27.80898876404494,0.4372353720729432,0.5627646279270568,19.7,18.0,13.1,49.2
Khvicha Kvaratskhelia,Georgia,0.4798579496610509,0.8750264386522384,0.39516848899118756,0.014113329655681264,62,23,0.3709677419354839,Left Center Forward,345,FW,0.12518033469418718,0.22826776660493175,16.17391304347826,0.4516074846833734,0.5483925153166266,37.5,31.2,15.6,43.8
Marko Arnautović,Austria,0.3929667345116864,0.7648842958566392,0.3719175613449528,0.020672548536665926,37,14,0.3783783783783784,Center Forward,283,FW,0.12497175302491793,0.24324942271059197,11.766784452296822,0.48624028936091607,0.5137597106390839,34.4,37.5,59.4,28.1
Solomon Kverkvelia,Georgia,0.23878539737364046,0.5795068785253333,0.3407214811516929,0.010536488700460606,55,27,0.4909090909090909,Right Center Back,180,CB,0.11939269868682023,0.28975343926266667,27.500000000000004,0.5879507108159341,0.4120492891840659,18.0,27.9,49.2,3.3
Andraž Šporar,Slovenia,0.439604903332354,0.8456252243473885,0.4060203210150345,0.020625005471887524,41,16,0.3902439024390244,Right Center Forward,343,FW,0.11534822536417452,0.22188416965383373,10.75801749271137,0.4801421591088189,0.5198578408911811,31.2,25.0,56.2,31.2
Mateo Retegui,Italy,0.20598144099619287,0.363763810693286,0.1577823696970931,0.021397871217252118,17,4,0.23529411764705882,Center Forward,162,FW,0.11443413388677381,0.20209100594071444,9.444444444444445,0.433749496400922,0.566250503599078,28.1,21.9,71.9,46.9
David Strelec,Slovakia,0.2270566162954064,0.48961047784690226,0.26255386155149585,0.018831172224880857,26,11,0.4230769230769231,Center Forward,179,FW,0.11416254450607026,0.24617286595654303,13.072625698324023,0.5362504959168676,0.4637495040831324,25.0,40.6,43.8,15.6
Erik Janža,Slovenia,0.3275129083552883,0.7336987767840006,0.4061858684287124,0.012649978910068976,58,29,0.5,Left Back,269,FB,0.10957680948689942,0.24547542717680318,19.405204460966544,0.5536139370562051,0.4463860629437949,5.3,5.3,24.6,7.0
Paweł Dawidowicz,Poland,0.22096683609255485,0.42303876792422695,0.2020719318316721,0.006043410970346099,70,21,0.3,Center Back,183,CB,0.1086722144717483,0.20805185307748864,34.42622950819672,0.4776676445593904,0.5223323554406096,16.4,14.8,3.3,23.0
Márton Dárdai,Hungary,0.21390408956467188,0.4692600753588271,0.2553559857941552,0.009984256922528236,47,26,0.5531914893617021,Left Center Back,180,CB,0.10695204478233593,0.23463003767941354,23.5,0.5441672948607299,0.4558327051392701,14.8,19.7,36.1,6.6
Harry Kane,England,0.6703060985493332,1.769722227724407,1.0994161291750737,0.02328581878584746,76,40,0.5263157894736842,Center Forward,601,FW,0.10037861708725455,0.2650166397590626,11.381031613976706,0.6212365488502426,0.3787634511497574,21.9,50.0,84.4,3.1
Che Adams,Scotland,0.23151428657120934,0.40560697869796547,0.1740926921267561,0.01931461803323645,21,10,0.47619047619047616,Center Forward,209,FW,0.09969514732731503,0.17466329226228178,9.043062200956937,0.42921522870639245,0.5707847712936076,18.8,18.8,50.0,50.0
Qazim Laçi,Albania,0.17679622142517154,0.4812353199312918,0.30443909850612033,0.012339367177725432,39,17,0.4358974358974359,Center Attacking Midfield,164,MID,0.09702231663576488,0.26409255362083084,21.402439024390244,0.6326200216342942,0.3673799783657058,1.5,1.5,23.1,1.5
Otar Kakabadze,Georgia,0.37235832162808574,1.0925852436909638,0.7202269220628779,0.009418838307680722,116,59,0.5086206896551724,Right Wing Back,354,FB,0.09466736990544553,0.2777759094129569,29.491525423728813,0.6591951760485181,0.34080482395148193,3.5,10.5,1.8,1.8
Radu Drăgușin,Romania,0.3742189435500663,0.6333195818079218,0.2591006382578555,0.009895618465748778,64,25,0.390625,Right Center Back,362,CB,0.0930378588936629,0.15745514464837834,15.91160220994475,0.4091151540241458,0.5908848459758542,13.1,8.2,32.8,68.9
Guram Kashia,Georgia,0.37657621579996303,0.7104749217836472,0.33389870598368415,0.006897814774598517,103,36,0.34951456310679613,Center Back,369,CB,0.0918478575121861,0.17328656628869443,25.121951219512198,0.4699655058132544,0.5300344941867456,11.5,13.1,6.6,24.6
Anthony Ralston,Scotland,0.265913957855114,0.7522051262291283,0.4862911683740142,0.011226942182524303,67,32,0.47761194029850745,Right Wing Back,262,FB,0.09134448933954299,0.2583910738955021,23.015267175572518,0.6464874426100171,0.3535125573899829,1.8,7.0,8.8,3.5
Andrei Burcă Andonie,Romania,0.34839218109676146,0.6491310802748196,0.3007388991780581,0.008430273769802852,77,29,0.37662337662337664,Left Center Back,345,CB,0.09088491680785081,0.1693385426803877,20.08695652173913,0.4632945614786087,0.5367054385213913,9.8,9.8,18.0,29.5
Jan Bednarek,Poland,0.279505232201046,0.5366123687585614,0.25710713655751544,0.00616795826159266,87,29,0.3333333333333333,Right Center Back,279,CB,0.09016297812936969,0.17310076411566497,28.06451612903226,0.4791300974897877,0.5208699025102124,8.2,11.5,4.9,21.3
Denis Mihai Drăguş,Romania,0.28793033050658695,0.4999198373577995,0.2119895068512125,0.01612644636638063,31,13,0.41935483870967744,Center Forward,292,FW,0.08874564981367405,0.15408488137740395,9.554794520547945,0.42404699915816446,0.5759530008418355,15.6,15.6,21.9,56.2
Jasir Asani,Albania,0.20043268493444358,0.36337978251958764,0.16294709758514406,0.013458510463688431,27,10,0.37037037037037035,Right Wing,209,WIDE,0.08631072556985608,0.15647933218546836,11.626794258373206,0.44842092329768113,0.5515790767023189,5.4,2.7,10.8,27.0
Robin Hranáč,Czech Republic,0.250452319136197,0.4352995520233244,0.18484723288712737,0.01036427504817439,42,15,0.35714285714285715,Center Back,278,CB,0.0810816860512868,0.14092431540323452,13.597122302158274,0.42464374711146685,0.5753562528885332,6.6,6.6,44.3,62.3
Jan Mlakar,Slovenia,0.2541490070424175,0.505856578701637,0.2517075716592195,0.012646414467540926,40,15,0.375,Left Midfield,288,WIDE,0.07942156470075547,0.15808018084426156,12.5,0.49758683045156354,0.5024131695484364,2.7,5.4,5.4,13.5
Rey Manaj,Albania,0.1224178783478329,0.1664360423994372,0.044018164051604323,0.010402252649964826,16,4,0.25,Center Forward,159,FW,0.06929313868745259,0.09420908060345502,9.056603773584905,0.264474950359389,0.7355250496406109,12.5,6.2,3.1,100.0
Benjamin Šeško,Slovenia,0.2396331628985459,0.48832691616534035,0.2486937532667945,0.013198024761225415,37,15,0.40540540540540543,Left Center Forward,356,FW,0.06058141758671104,0.12345343386202423,9.353932584269664,0.5092771768955501,0.4907228231044499,9.4,12.5,6.2,21.9
Barnabás Varga,Hungary,0.16643655538897809,0.339876357796024,0.1734398024070459,0.01359505431184096,25,9,0.36,Center Forward,255,FW,0.058742313666698145,0.1199563615750673,8.823529411764707,0.5103026392648805,0.4896973607351195,6.2,9.4,9.4,18.8
Vanja Drkušić,Slovenia,0.2287419519307563,0.3010633125856066,0.07232136065485026,0.007001472385711781,43,11,0.2558139534883721,Right Center Back,378,CB,0.05446236950732292,0.0716817410918111,10.238095238095237,0.2402197731558071,0.7597802268441929,4.9,1.6,8.2,100.0
Jaka Bijol,Slovenia,0.2286907584379275,0.5042396082173493,0.2755488497794218,0.007203422974533561,70,24,0.34285714285714286,Left Center Back,395,CB,0.05210675508712272,0.1148900373153454,15.949367088607595,0.5464641120787327,0.4535358879212673,3.3,4.9,9.8,4.9
Adam Buksa,Poland,0.06157567597457521,0.09509171740016925,0.03351604142559404,0.01901834348003385,5,2,0.4,Left Center Forward,153,FW,0.03622098586739718,0.05593630435304074,2.9411764705882355,0.35246015470043857,0.6475398452995614,3.1,3.1,46.9,87.5
Giorgi Gvelesiani,Georgia,0.04838621217440877,0.14584512225511148,0.09745891008070273,0.004167003493003185,35,12,0.34285714285714286,Right Center Back,164,CB,0.026553409120102373,0.08003695733512216,19.20731707317073,0.6682356500769916,0.3317643499230084,1.6,3.3,1.6,1.6
